timestamp_utc,value
2026-10-09T07:18:03.313Z,0.005305039787798579
2026-10-09T07:18:18.313Z,0.00749494722659472
2026-10-09T07:18:33.313Z,0.007233934753848645
2026-10-09T07:18:48.313Z,0.0067607372289395255
2026-10-09T07:19:03.313Z,0.0045780817272331464
2026-10-09T07:19:18.313Z,0.004994497587403005
2026-10-09T07:19:33.313Z,0.004946856625959991
2026-10-09T07:19:48.313Z,0.005049365303243375
2026-10-09T07:20:03.313Z,0.004767546829159266
2026-10-09T07:20:18.313Z,0.004944165032821025
2026-10-09T07:20:33.313Z,0.004929597416211885
2026-10-09T07:20:48.313Z,0.00543065364810591
2026-10-09T07:21:03.313Z,0.005344021376080336
2026-10-09T07:21:18.313Z,0.005714285714287174
2026-10-09T07:21:33.313Z,0.005213203003256152
2026-10-09T07:21:48.313Z,0.00506617333144159
2026-10-09T07:22:03.313Z,0.004739871346350824
2026-10-09T07:22:18.313Z,0.0048816275854293555
2026-10-09T07:22:33.313Z,0.004903211178185877
2026-10-09T07:22:48.313Z,0.00482682699635459
2026-10-09T07:23:03.313Z,0.004813105156496629
2026-10-09T07:23:18.313Z,0.005234276065851194
2026-10-09T07:23:33.313Z,0.005103191609339394
2026-10-09T07:23:48.313Z,0.005444902104613057
2026-10-09T07:24:03.313Z,0.00489115069267667
2026-10-09T07:24:18.313Z,0.005393712953341123
2026-10-09T07:24:33.313Z,0.004797381194261726
2026-10-09T07:24:48.313Z,0.004917387883557412
2026-10-09T07:25:03.313Z,0.00462701726667368
2026-10-09T07:25:18.313Z,0.005585016360151722
2026-10-09T07:25:33.313Z,0.005235602094243629
2026-10-09T07:25:48.313Z,0.0052549353784973425
2026-10-09T07:26:03.313Z,0.004308766791516383
2026-10-09T07:26:18.313Z,0.004792015198344121
2026-10-09T07:26:33.313Z,0.005124018131140937
2026-10-09T07:26:48.313Z,0.006215940054496658
2026-10-09T07:27:03.313Z,0.006605205464042918
2026-10-09T07:27:18.313Z,0.006259649122808321
2026-10-09T07:27:33.313Z,0.005954387147508836
2026-10-09T07:27:48.313Z,0.005615916466773983
2026-10-09T07:28:03.313Z,0.005655468838364037
2026-10-09T07:28:18.313Z,0.0053994459207361905
2026-10-09T07:28:33.313Z,0.006431049558569994
2026-10-09T07:28:48.313Z,0.00734484024972944
2026-10-09T07:29:03.313Z,0.006950330564499301
2026-10-09T07:29:18.313Z,0.006852791878167361
2026-10-09T07:29:33.313Z,0.006810988017183479
2026-10-09T07:29:48.313Z,0.007348421346746296
2026-10-09T07:30:03.313Z,0.006908803789976179
2026-10-09T07:30:18.313Z,0.006850473612987369
2026-10-09T07:30:33.313Z,0.006328575077335425
2026-10-09T07:30:48.313Z,0.006254578238574281
2026-10-09T07:31:03.313Z,0.005601613264620584
2026-10-09T07:31:18.313Z,0.006093109451334821
2026-10-09T07:31:33.313Z,0.005769393930823961
2026-10-09T07:31:48.313Z,0.006249293066394474
2026-10-09T07:32:03.313Z,0.00574059338410903
2026-10-09T07:32:18.313Z,0.005785893708901513
2026-10-09T07:32:33.313Z,0.006251060700343786
2026-10-09T07:32:48.313Z,0.006835691273287619
2026-10-09T07:33:03.313Z,0.006637603712555913
2026-10-09T07:33:18.313Z,0.006143440890516813
2026-10-09T07:33:33.313Z,0.005704069470460268
2026-10-09T07:33:48.313Z,0.005974523729008896
2026-10-09T07:34:03.313Z,0.005868412143097808
2026-10-09T07:34:18.313Z,0.0055477330329504766
2026-10-09T07:34:33.313Z,0.005549263873154803
2026-10-09T07:34:48.313Z,0.005488753713398428
2026-10-09T07:35:03.313Z,0.006280982424513777
2026-10-09T07:35:18.313Z,0.006195786864934188
2026-10-09T07:35:33.313Z,0.006310029037300118
2026-10-09T07:35:48.313Z,0.006040853024642168
2026-10-09T07:36:03.313Z,0.007083791945358734
2026-10-09T07:36:18.313Z,0.007442758934152971
2026-10-09T07:36:33.313Z,0.00732064421668807
2026-10-09T07:36:48.313Z,0.005840363400392479
2026-10-09T07:37:03.313Z,0.005699291820669856
2026-10-09T07:37:18.313Z,0.005932780742592483
2026-10-09T07:37:33.313Z,0.0062174708116479425
2026-10-09T07:37:48.313Z,0.005804241343188768
2026-10-09T07:38:03.313Z,0.006064556352196999
2026-10-09T07:38:18.313Z,0.006239060470892616
2026-10-09T07:38:33.313Z,0.006327867930363032
2026-10-09T07:38:48.313Z,0.005732358173550757
2026-10-09T07:39:03.313Z,0.005407394824754401
2026-10-09T07:39:18.313Z,0.0051610707803975715
2026-10-09T07:39:33.313Z,0.005169637560381739
2026-10-09T07:39:48.313Z,0.005448591270960695
2026-10-09T07:40:03.313Z,0.005244903138484212
2026-10-09T07:40:18.313Z,0.004736931145323811
2026-10-09T07:40:33.313Z,0.005277194575273323
2026-10-09T07:40:48.313Z,0.005541262616268963
2026-10-09T07:41:03.313Z,0.006216246624661015
2026-10-09T07:41:18.313Z,0.005430195261943256
2026-10-09T07:41:33.313Z,0.005927132784626351
2026-10-09T07:41:48.313Z,0.005443565535424248
2026-10-09T07:42:03.313Z,0.00531779481232257
2026-10-09T07:42:18.313Z,0.004450704225354431
2026-10-09T07:42:33.313Z,0.004542395693139897
2026-10-09T07:42:48.313Z,0.005097299276238246
2026-10-09T07:43:03.313Z,0.005259437296761866
2026-10-09T07:43:18.313Z,0.005643340857784398
2026-10-09T07:43:33.313Z,0.005270830996969633
2026-10-09T07:43:48.313Z,0.00504864282270228
2026-10-09T07:44:03.313Z,0.005094676063513393
2026-10-09T07:44:18.313Z,0.004793646291306119
2026-10-09T07:44:33.313Z,0.005423328743637825
2026-10-09T07:44:48.313Z,0.005356231933348446
2026-10-09T07:45:03.313Z,0.006206075719791403
2026-10-09T07:45:18.313Z,0.00646034925381688
2026-10-09T07:45:33.313Z,0.005844502514822582
2026-10-09T07:45:48.313Z,0.0058410226022214806
2026-10-09T07:46:03.313Z,0.005435088707406145
2026-10-09T07:46:18.313Z,0.005725785878285564
2026-10-09T07:46:33.313Z,0.005717826662535538
2026-10-09T07:46:48.313Z,0.005613199523729069
2026-10-09T07:47:03.313Z,0.006265276880279618
2026-10-09T07:47:18.313Z,0.006666666666662307
2026-10-09T07:47:33.313Z,0.007171987062300519
2026-10-09T07:47:48.313Z,0.007091397089988326
2026-10-09T07:48:03.313Z,0.00626186495906045
2026-10-09T07:48:18.313Z,0.005698894244398293
2026-10-09T07:48:33.313Z,0.005298867332062603
2026-10-09T07:48:48.313Z,0.005405709780955702
2026-10-09T07:49:03.313Z,0.005599324704560913
2026-10-09T07:49:18.313Z,0.005496217808874323
2026-10-09T07:49:33.313Z,0.005902718655997885
2026-10-09T07:49:48.313Z,0.0059656133044451365
2026-10-09T07:50:03.313Z,0.006115342147736098
2026-10-09T07:50:18.313Z,0.0060100542028248315
2026-10-09T07:50:33.313Z,0.00592235760838756
2026-10-09T07:50:48.313Z,0.006059245960502523
2026-10-09T07:51:03.313Z,0.005896527285610516
2026-10-09T07:51:18.313Z,0.006098243258364578
2026-10-09T07:51:33.313Z,0.005938343514702717
2026-10-09T07:51:48.313Z,0.0058332863664552976
2026-10-09T07:52:03.313Z,0.006197054977539699
2026-10-09T07:52:18.313Z,0.006073557530086353
2026-10-09T07:52:33.313Z,0.006088236959846155
2026-10-09T07:52:48.313Z,0.005471724721478826
2026-10-09T07:53:03.313Z,0.005901197099984326
2026-10-09T07:53:18.313Z,0.005632850785782408
2026-10-09T07:53:33.313Z,0.005938578134721114
2026-10-09T07:53:48.313Z,0.0052432108967598165
2026-10-09T07:54:03.313Z,0.0054011697870321625
2026-10-09T07:54:18.313Z,0.004906522290834441
2026-10-09T07:54:33.313Z,0.005132833211123229
2026-10-09T07:54:48.313Z,0.005054520672423795
2026-10-09T07:55:03.313Z,0.005238270521278274
2026-10-09T07:55:18.313Z,0.004921675056950105
2026-10-09T07:55:33.313Z,0.005404793570839922
2026-10-09T07:55:48.313Z,0.00548291859974969
2026-10-09T07:56:03.313Z,0.005802212804689247
2026-10-09T07:56:18.313Z,0.005310689537661478
2026-10-09T07:56:33.313Z,0.005720628415299437
2026-10-09T07:56:48.313Z,0.005764828891963951
2026-10-09T07:57:03.313Z,0.005814774042392816
2026-10-09T07:57:18.313Z,0.00513622152747064
2026-10-09T07:57:33.313Z,0.005717021516278271
2026-10-09T07:57:48.313Z,0.006298367508335458
2026-10-09T07:58:03.313Z,0.0066381766381720655
2026-10-09T07:58:18.313Z,0.006099799497333055
2026-10-09T07:58:33.313Z,0.005432195559038655
2026-10-09T07:58:48.313Z,0.00520833333333521
2026-10-09T07:59:03.313Z,0.005513671655222861
2026-10-09T07:59:18.313Z,0.00561637586953757
2026-10-09T07:59:33.313Z,0.006149267142135249
2026-10-09T07:59:48.313Z,0.005706012604327267
2026-10-09T08:00:03.313Z,0.005810200129115362
2026-10-09T08:00:18.313Z,0.005827046503772191
2026-10-09T08:00:33.313Z,0.00557903634826957
2026-10-09T08:00:48.313Z,0.005338229063696887
2026-10-09T08:01:03.313Z,0.00522920396737206
2026-10-09T08:01:18.313Z,0.005611482390095792
2026-10-09T08:01:33.313Z,0.005921350861278705
2026-10-09T08:01:48.313Z,0.005607159039421077
2026-10-09T08:02:03.313Z,0.005818408878037022
2026-10-09T08:02:18.313Z,0.005831314440255192
2026-10-09T08:02:33.313Z,0.006924279651555455
2026-10-09T08:02:48.313Z,0.006913219424464
2026-10-09T08:03:03.313Z,0.006717850287908141
2026-10-09T08:03:18.313Z,0.0058669400774650875
2026-10-09T08:03:33.313Z,0.006039226753213772
2026-10-09T08:03:48.313Z,0.0059751972942498925
2026-10-09T08:04:03.313Z,0.0064859659557615175
2026-10-09T08:04:18.313Z,0.006078253986200873
2026-10-09T08:04:33.313Z,0.007110554907707072
2026-10-09T08:04:48.313Z,0.006929248723556785
2026-10-09T08:05:03.313Z,0.007506914263134131
2026-10-09T08:05:18.313Z,0.00825703533112304
2026-10-09T08:05:33.313Z,0.008002488406287941
2026-10-09T08:05:48.313Z,0.008467376529230705
2026-10-09T08:06:03.313Z,0.008454686837270334
2026-10-09T08:06:18.313Z,0.00843251170399087
2026-10-09T08:06:33.313Z,0.008241137954391057
2026-10-09T08:06:48.313Z,0.006726457399099663
2026-10-09T08:07:03.313Z,0.0070797957859637965
2026-10-09T08:07:18.313Z,0.006402120878813129
2026-10-09T08:07:33.313Z,0.006980358909143562
2026-10-09T08:07:48.313Z,0.006642546215166999
2026-10-09T08:08:03.313Z,0.007132026731058651
2026-10-09T08:08:18.313Z,0.006683280471228419
2026-10-09T08:08:33.313Z,0.00792428527426989
2026-10-09T08:08:48.313Z,0.0077048534953006245
2026-10-09T08:09:03.313Z,0.008498345206710898
2026-10-09T08:09:18.313Z,0.007620130793287362
2026-10-09T08:09:33.313Z,0.00809015555807707
2026-10-09T08:09:48.313Z,0.006932212057501111
2026-10-09T08:10:03.313Z,0.006745314969522824
2026-10-09T08:10:18.313Z,0.0070093457943939345
2026-10-09T08:10:33.313Z,0.007686287662807878
2026-10-09T08:10:48.313Z,0.007501621591132514
2026-10-09T08:11:03.313Z,0.006798134726666246
2026-10-09T08:11:18.313Z,0.006310941808567802
2026-10-09T08:11:33.313Z,0.007100391648587866
2026-10-09T08:11:48.313Z,0.007049059177995375
2026-10-09T08:12:03.313Z,0.007567628621452349
2026-10-09T08:12:18.313Z,0.00703175540741726
2026-10-09T08:12:33.313Z,0.007831139304460671
2026-10-09T08:12:48.313Z,0.0075139120363809505
2026-10-09T08:13:03.313Z,0.007968240465048787
2026-10-09T08:13:18.313Z,0.007101227861705752
2026-10-09T08:13:33.313Z,0.007692525241097715
2026-10-09T08:13:48.313Z,0.006858981596477344
2026-10-09T08:14:03.313Z,0.007085591689253292
2026-10-09T08:14:18.313Z,0.006563750070429018
2026-10-09T08:14:33.313Z,0.006507837700186577
2026-10-09T08:14:48.313Z,0.006799471776571689
2026-10-09T08:15:03.313Z,0.007378509032315131
2026-10-09T08:15:18.313Z,0.007752591219348414
2026-10-09T08:15:33.313Z,0.007355437365620779
2026-10-09T08:15:48.313Z,0.006776789495970848
2026-10-09T08:16:03.313Z,0.0068729494286686975
2026-10-09T08:16:18.313Z,0.00709743356802179
2026-10-09T08:16:33.313Z,0.007854729729729898
2026-10-09T08:16:48.313Z,0.007816001792924666
2026-10-09T08:17:03.313Z,0.007983750387903853
2026-10-09T08:17:18.313Z,0.006994979409937567
2026-10-09T08:17:33.313Z,0.007117032482133785
2026-10-09T08:17:48.313Z,0.006390671861423893
2026-10-09T08:18:03.313Z,0.007133228487983104
2026-10-09T08:18:18.313Z,0.006631635147666077
2026-10-09T08:18:33.313Z,0.007172828305741713
2026-10-09T08:18:48.313Z,0.006986899563321504
2026-10-09T08:19:03.313Z,0.008086856759098489
2026-10-09T08:19:18.313Z,0.00786958965710803
2026-10-09T08:19:33.313Z,0.008260721964467652
2026-10-09T08:19:48.313Z,0.007904348818631089
2026-10-09T08:20:03.313Z,0.007482569015364496
2026-10-09T08:20:18.313Z,0.007212425817077774
2026-10-09T08:20:33.313Z,0.006966773847797637
2026-10-09T08:20:48.313Z,0.007420574459677213
2026-10-09T08:21:03.313Z,0.006867554309740333
2026-10-09T08:21:18.313Z,0.0063656425055196655
2026-10-09T08:21:33.313Z,0.006196833981186861
2026-10-09T08:21:48.313Z,0.006481009792267192
2026-10-09T08:22:03.313Z,0.007254354023765029
2026-10-09T08:22:18.313Z,0.007578328243408618
2026-10-09T08:22:33.313Z,0.007699684115522526
2026-10-09T08:22:48.313Z,0.00705119165138767
2026-10-09T08:23:03.313Z,0.0075198479257515445
2026-10-09T08:23:18.313Z,0.007294110994880844
2026-10-09T08:23:33.313Z,0.00755320941203037
2026-10-09T08:23:48.313Z,0.007157114342744228
2026-10-09T08:24:03.313Z,0.0074172260138761666
2026-10-09T08:24:18.313Z,0.007674077417897775
2026-10-09T08:24:33.313Z,0.007881773399013692
2026-10-09T08:24:48.313Z,0.007988115925782267
2026-10-09T08:25:03.313Z,0.007979923302507016
2026-10-09T08:25:18.313Z,0.007995945717667118
2026-10-09T08:25:33.313Z,0.008463302103088184
2026-10-09T08:25:48.313Z,0.007930663343341382
2026-10-09T08:26:03.313Z,0.008147271087058195
2026-10-09T08:26:18.313Z,0.0069847015241912315
2026-10-09T08:26:33.313Z,0.007817350567249743
2026-10-09T08:26:48.313Z,0.008238580255614051
2026-10-09T08:27:03.313Z,0.009593408763863186
2026-10-09T08:27:18.313Z,0.008549902649625806
2026-10-09T08:27:33.313Z,0.008008149636379167
2026-10-09T08:27:48.313Z,0.006805578894301053
2026-10-09T08:28:03.313Z,0.007610993657506646
2026-10-09T08:28:18.313Z,0.007001693958220682
2026-10-09T08:28:33.313Z,0.007930214115783117
2026-10-09T08:28:48.313Z,0.00765662549599843
2026-10-09T08:29:03.313Z,0.008116745383063305
2026-10-09T08:29:18.313Z,0.007289332614798887
2026-10-09T08:29:33.313Z,0.007922360863539719
2026-10-09T08:29:48.313Z,0.00830564784053265
2026-10-09T08:30:03.313Z,0.008723702664795727
2026-10-09T08:30:18.313Z,0.007906712172922268
2026-10-09T08:30:33.313Z,0.008135133608273228
2026-10-09T08:30:48.313Z,0.008178165147997641
2026-10-09T08:31:03.313Z,0.009078567792298951
2026-10-09T08:31:18.313Z,0.008270718851628276
2026-10-09T08:31:33.313Z,0.008090523338051277
2026-10-09T08:31:48.313Z,0.00812893392418454
2026-10-09T08:32:03.313Z,0.008425695543997616
2026-10-09T08:32:18.313Z,0.009148845772556386
2026-10-09T08:32:33.313Z,0.00811455847255502
2026-10-09T08:32:48.313Z,0.007828175780695478
2026-10-09T08:33:03.313Z,0.007654914231434813
2026-10-09T08:33:18.313Z,0.007787899235263203
2026-10-09T08:33:33.313Z,0.008014623172111192
2026-10-09T08:33:48.313Z,0.007901220582823717
2026-10-09T08:34:03.313Z,0.008771680813015633
2026-10-09T08:34:18.313Z,0.008652377990148778
2026-10-09T08:34:33.313Z,0.008423620171306821
2026-10-09T08:34:48.313Z,0.007997530587047155
2026-10-09T08:35:03.313Z,0.00821801750918578
2026-10-09T08:35:18.313Z,0.008615107407295958
2026-10-09T08:35:33.313Z,0.008716638273713122
2026-10-09T08:35:48.313Z,0.008703269377484644
2026-10-09T08:36:03.313Z,0.008341344794441085
2026-10-09T08:36:18.313Z,0.008291032148897485
2026-10-09T08:36:33.313Z,0.008735709671082545
2026-10-09T08:36:48.313Z,0.00900698672802164
2026-10-09T08:37:03.313Z,0.008917770838604866
2026-10-09T08:37:18.313Z,0.00811146910858418
2026-10-09T08:37:33.313Z,0.007296792805022047
2026-10-09T08:37:48.313Z,0.007641952069229953
2026-10-09T08:38:03.313Z,0.008039945836150067
2026-10-09T08:38:18.313Z,0.00864925582701277
2026-10-09T08:38:33.313Z,0.00797037958226217
2026-10-09T08:38:48.313Z,0.007922411119572134
2026-10-09T08:39:03.313Z,0.007443329198151288
2026-10-09T08:39:18.313Z,0.008095238095235355
2026-10-09T08:39:33.313Z,0.008105826062482916
2026-10-09T08:39:48.313Z,0.008101983002832725
2026-10-09T08:40:03.313Z,0.007742229306618539
2026-10-09T08:40:18.313Z,0.008420579897271045
2026-10-09T08:40:33.313Z,0.00864577741361694
2026-10-09T08:40:48.313Z,0.008504069604264999
2026-10-09T08:41:03.313Z,0.008931365019766732
2026-10-09T08:41:18.313Z,0.00916215606675155
2026-10-09T08:41:33.313Z,0.009765791341375098
2026-10-09T08:41:48.313Z,0.008256050667270148
2026-10-09T08:42:03.313Z,0.008413529180037228
2026-10-09T08:42:18.313Z,0.008767521081142008
2026-10-09T08:42:33.313Z,0.009324994365563537
2026-10-09T08:42:48.313Z,0.00887824126268369
2026-10-09T08:43:03.313Z,0.007766935047937646
2026-10-09T08:43:18.313Z,0.007804660497266565
2026-10-09T08:43:33.313Z,0.0087476719905176
2026-10-09T08:43:48.313Z,0.010190903986522915
2026-10-09T08:44:03.313Z,0.01007370308186705
2026-10-09T08:44:18.313Z,0.009280742459397058
2026-10-09T08:44:33.313Z,0.008443197755960339
2026-10-09T08:44:48.313Z,0.008958503535514195
2026-10-09T08:45:03.313Z,0.009127903690720668
2026-10-09T08:45:18.313Z,0.008834522595995431
2026-10-09T08:45:33.313Z,0.00842176183257515
2026-10-09T08:45:48.313Z,0.008628711614925644
2026-10-09T08:46:03.313Z,0.009217758985199175
2026-10-09T08:46:18.313Z,0.009074204946993156
2026-10-09T08:46:33.313Z,0.008781620917251647
2026-10-09T08:46:48.313Z,0.007932725998597595
2026-10-09T08:47:03.313Z,0.008532760715395956
2026-10-09T08:47:18.313Z,0.008383267223680529
2026-10-09T08:47:33.313Z,0.009296639563314094
2026-10-09T08:47:48.313Z,0.00872133914756357
2026-10-09T08:48:03.313Z,0.009162414366661015
2026-10-09T08:48:18.313Z,0.008555908924600846
2026-10-09T08:48:33.313Z,0.008824856208414333
2026-10-09T08:48:48.313Z,0.00841305571186933
2026-10-09T08:49:03.313Z,0.009122964123804096
2026-10-09T08:49:18.313Z,0.009198496831004094
2026-10-09T08:49:33.313Z,0.010033917467503732
2026-10-09T08:49:48.313Z,0.010048539555475109
2026-10-09T08:50:03.313Z,0.009639505059329485
2026-10-09T08:50:18.313Z,0.009148229465742114
2026-10-09T08:50:33.313Z,0.009546939117335246
2026-10-09T08:50:48.313Z,0.009292371807504354
2026-10-09T08:51:03.313Z,0.00986065850095393
2026-10-09T08:51:18.313Z,0.008822695035454966
2026-10-09T08:51:33.313Z,0.010601203531862256
2026-10-09T08:51:48.313Z,0.010228011188652268
2026-10-09T08:52:03.313Z,0.011374220315544265
2026-10-09T08:52:18.313Z,0.010051102515596908
2026-10-09T08:52:33.313Z,0.010540479928236934
2026-10-09T08:52:48.313Z,0.01027148054856004
2026-10-09T08:53:03.313Z,0.011851893757249581
2026-10-09T08:53:18.313Z,0.01170781369305268
2026-10-09T08:53:33.313Z,0.01193061627415407
2026-10-09T08:53:48.313Z,0.010777802791529411
2026-10-09T08:54:03.313Z,0.011395932014493808
2026-10-09T08:54:18.313Z,0.010342106746321475
2026-10-09T08:54:33.313Z,0.010562295127900854
2026-10-09T08:54:48.313Z,0.009981002069916355
2026-10-09T08:55:03.313Z,0.010189968103415579
2026-10-09T08:55:18.313Z,0.011542260476931479
2026-10-09T08:55:33.313Z,0.011416038690810724
2026-10-09T08:55:48.313Z,0.012565858056523379
2026-10-09T08:56:03.313Z,0.011497807264142911
2026-10-09T08:56:18.313Z,0.011908793317533112
2026-10-09T08:56:33.313Z,0.011289732255976305
2026-10-09T08:56:48.313Z,0.011237529424955187
2026-10-09T08:57:03.313Z,0.010980657150097321
2026-10-09T08:57:18.313Z,0.012346026210697329
2026-10-09T08:57:33.313Z,0.01175174439955677
2026-10-09T08:57:48.313Z,0.011807140643050896
2026-10-09T08:58:03.313Z,0.009807778776982249
2026-10-09T08:58:18.313Z,0.01059018511755403
2026-10-09T08:58:33.313Z,0.011408328916912226
2026-10-09T08:58:48.313Z,0.014652322519192316
2026-10-09T08:59:03.313Z,0.01572521660853904
2026-10-09T08:59:18.313Z,0.01661242394226063
2026-10-09T08:59:33.313Z,0.01691153748911271
2026-10-09T08:59:48.313Z,0.01802302942648147
2026-10-09T09:00:03.313Z,0.0173813893987446
2026-10-09T09:00:18.313Z,0.017599240159787897
2026-10-09T09:00:33.313Z,0.01801017111067666
2026-10-09T09:00:48.313Z,0.019772503861816986
2026-10-09T09:01:03.313Z,0.017829522764984243
2026-10-09T09:01:18.313Z,0.017869725753253067
2026-10-09T09:01:33.313Z,0.017237072195844194
2026-10-09T09:01:48.313Z,0.020569001173771754
2026-10-09T09:02:03.313Z,0.02155424811086637
2026-10-09T09:02:18.313Z,0.02551407915834655
2026-10-09T09:02:33.313Z,0.026148838748826342
2026-10-09T09:02:48.313Z,0.029339853300741587
2026-10-09T09:03:03.313Z,0.028470633630092085
2026-10-09T09:03:18.313Z,0.030163584836835063
2026-10-09T09:03:33.313Z,0.02800691115819726
2026-10-09T09:03:48.313Z,0.02973664240140654
2026-10-09T09:04:03.313Z,0.027524216285640366
2026-10-09T09:04:18.313Z,0.028035549076220675
2026-10-09T09:04:33.313Z,0.026278468340696762
2026-10-09T09:04:48.313Z,0.028548238125869683
2026-10-09T09:05:03.313Z,0.028069783046287603
2026-10-09T09:05:18.313Z,0.02854581617503379
2026-10-09T09:05:33.313Z,0.02670731025225966
2026-10-09T09:05:48.313Z,0.028339631029118916
2026-10-09T09:06:03.313Z,0.02914698527369197
2026-10-09T09:06:18.313Z,0.03237410071942197
2026-10-09T09:06:33.313Z,0.032077364695407375
2026-10-09T09:06:48.313Z,0.03323492197383712
2026-10-09T09:07:03.313Z,0.031807255855551976
2026-10-09T09:07:18.313Z,0.03204197834093551
2026-10-09T09:07:33.313Z,0.03190607734807674
2026-10-09T09:07:48.313Z,0.03237230922471784
2026-10-09T09:08:03.313Z,0.02796386379431109
2026-10-09T09:08:18.313Z,0.028459821428575522
2026-10-09T09:08:33.313Z,0.024082858506186952
2026-10-09T09:08:48.313Z,0.0256260108192453
2026-10-09T09:09:03.313Z,0.022032951689474178
2026-10-09T09:09:18.313Z,0.02246063814965751
2026-10-09T09:09:33.313Z,0.020321453528998307
2026-10-09T09:09:48.313Z,0.017993350283585154
2026-10-09T09:10:03.313Z,0.01642371506112911
2026-10-09T09:10:18.313Z,0.019673690985929547
2026-10-09T09:10:33.313Z,0.017680677947021172
2026-10-09T09:10:48.313Z,0.01790552808737951
2026-10-09T09:11:03.313Z,0.012410152740339382
2026-10-09T09:11:18.313Z,0.011518089846695653
2026-10-09T09:11:33.313Z,0.011490034441864432
2026-10-09T09:11:48.313Z,0.018407654003242364
2026-10-09T09:12:03.313Z,0.02459469927516761
2026-10-09T09:12:18.313Z,0.027949355767383298
2026-10-09T09:12:33.313Z,0.027035245335178176
2026-10-09T09:12:48.313Z,0.027422873169203603
2026-10-09T09:13:03.313Z,0.027603026355889237
2026-10-09T09:13:18.313Z,0.029272151898739576
2026-10-09T09:13:33.313Z,0.02944432145231496
2026-10-09T09:13:48.313Z,0.030315718951517127
2026-10-09T09:14:03.313Z,0.028882681564250976
2026-10-09T09:14:18.313Z,0.029804032144354422
2026-10-09T09:14:33.313Z,0.029512045162354686
2026-10-09T09:14:48.313Z,0.030763692750737842
2026-10-09T09:15:03.313Z,0.03040080104582923
2026-10-09T09:15:18.313Z,0.03243772739996029
2026-10-09T09:15:33.313Z,0.032901239797768066
2026-10-09T09:15:48.313Z,0.03385562395073051
2026-10-09T09:16:03.313Z,0.03243062520895776
2026-10-09T09:16:18.313Z,0.033161917998613025
2026-10-09T09:16:33.313Z,0.03255514500056425
2026-10-09T09:16:48.313Z,0.033743627299091104
2026-10-09T09:17:03.313Z,0.03241749036690816
2026-10-09T09:17:18.313Z,0.03251033404088248
2026-10-09T09:17:33.313Z,0.03099311264164252
2026-10-09T09:17:48.313Z,0.03166470687048274
2026-10-09T09:18:03.313Z,0.03131891137474819
2026-10-09T09:18:18.313Z,0.03158870107261838
2026-10-09T09:18:33.313Z,0.030175909612099743
2026-10-09T09:18:48.313Z,0.030656651051898787
2026-10-09T09:19:03.313Z,0.02957311130294785
2026-10-09T09:19:18.313Z,0.031695057246583815
2026-10-09T09:19:33.313Z,0.03135721919118664
2026-10-09T09:19:48.313Z,0.0329022707594169
2026-10-09T09:20:03.313Z,0.033146254723292606
2026-10-09T09:20:18.313Z,0.03144041623774044
2026-10-09T09:20:33.313Z,0.026631824752581305
2026-10-09T09:20:48.313Z,0.023826053150415683
2026-10-09T09:21:03.313Z,0.02423889858444629
2026-10-09T09:21:18.313Z,0.027070774726507034
2026-10-09T09:21:33.313Z,0.02683832770128584
2026-10-09T09:21:48.313Z,0.029357335127851825
2026-10-09T09:22:03.313Z,0.031017438631570922
2026-10-09T09:22:18.313Z,0.033613445378151044
2026-10-09T09:22:33.313Z,0.03296184097163693
2026-10-09T09:22:48.313Z,0.03441666666666677
2026-10-09T09:23:03.313Z,0.03485366463769174
2026-10-09T09:23:18.313Z,0.03597142301169175
2026-10-09T09:23:33.313Z,0.03591598275142068
2026-10-09T09:23:48.313Z,0.034371465614736224
2026-10-09T09:24:03.313Z,0.032601149648718956
2026-10-09T09:24:18.313Z,0.03139113465292001
2026-10-09T09:24:33.313Z,0.031651607834343
2026-10-09T09:24:48.313Z,0.03474420929845866
2026-10-09T09:25:03.313Z,0.03687135315364255
2026-10-09T09:25:18.313Z,0.03794322324091824
2026-10-09T09:25:33.313Z,0.03603827857062012
2026-10-09T09:25:48.313Z,0.034298170580278765
2026-10-09T09:26:03.313Z,0.03385688395848241
2026-10-09T09:26:18.313Z,0.03283606737862812
2026-10-09T09:26:33.313Z,0.0315618728177567
2026-10-09T09:26:48.313Z,0.030453041132462406
2026-10-09T09:27:03.313Z,0.0307516449202672
2026-10-09T09:27:18.313Z,0.03186974731646476
2026-10-09T09:27:33.313Z,0.03237260395573293
2026-10-09T09:27:48.313Z,0.03146785704445119
2026-10-09T09:28:03.313Z,0.031032281344531485
2026-10-09T09:28:18.313Z,0.029708473445799504
2026-10-09T09:28:33.313Z,0.027530093624620316
2026-10-09T09:28:48.313Z,0.025242988058871967
2026-10-09T09:29:03.313Z,0.023003159470087464
2026-10-09T09:29:18.313Z,0.02164781001454869
2026-10-09T09:29:33.313Z,0.019872568557549423
2026-10-09T09:29:48.313Z,0.020552938537469125
2026-10-09T09:30:03.313Z,0.02108619050282754
2026-10-09T09:30:18.313Z,0.0212562828180791
2026-10-09T09:30:33.313Z,0.019282136894819987
2026-10-09T09:30:48.313Z,0.020367624429962303
2026-10-09T09:31:03.313Z,0.020451379214267908
2026-10-09T09:31:18.313Z,0.021632251720744865
2026-10-09T09:31:33.313Z,0.020161290322581592
2026-10-09T09:31:48.313Z,0.02062608891136822
2026-10-09T09:32:03.313Z,0.01981656475820707
2026-10-09T09:32:18.313Z,0.020045545278190857
2026-10-09T09:32:33.313Z,0.0187510463753604
2026-10-09T09:32:48.313Z,0.019576644409710006
2026-10-09T09:33:03.313Z,0.018802988332078666
2026-10-09T09:33:18.313Z,0.02030128114880479
2026-10-09T09:33:33.313Z,0.019219520347621432
2026-10-09T09:33:48.313Z,0.020555649288552524
2026-10-09T09:34:03.313Z,0.023651739914050184
2026-10-09T09:34:18.313Z,0.030344865670820544
2026-10-09T09:34:33.313Z,0.03467645504853008
2026-10-09T09:34:48.313Z,0.03621668484492719
2026-10-09T09:35:03.313Z,0.03455711445294088
2026-10-09T09:35:18.313Z,0.03339702583700777
2026-10-09T09:35:33.313Z,0.03159748981612993
2026-10-09T09:35:48.313Z,0.031979977753055736
2026-10-09T09:36:03.313Z,0.03312158450997088
2026-10-09T09:36:18.313Z,0.03528654578016575
2026-10-09T09:36:33.313Z,0.03611951063891571
2026-10-09T09:36:48.313Z,0.03671831765358596
2026-10-09T09:37:03.313Z,0.035840805933784914
2026-10-09T09:37:18.313Z,0.034653741155480006
2026-10-09T09:37:33.313Z,0.03350799779369207
2026-10-09T09:37:48.313Z,0.03360970452399394
2026-10-09T09:38:03.313Z,0.03383054399072166
2026-10-09T09:38:18.313Z,0.0343095999551161
2026-10-09T09:38:33.313Z,0.033837909507745484
2026-10-09T09:38:48.313Z,0.03333426471821462
2026-10-09T09:39:03.313Z,0.032671755725196656
2026-10-09T09:39:18.313Z,0.032181600156160194
2026-10-09T09:39:33.313Z,0.0318425562496449
2026-10-09T09:39:48.313Z,0.0313663388342544
2026-10-09T09:40:03.313Z,0.03163716814159673
2026-10-09T09:40:18.313Z,0.03296398891968274
2026-10-09T09:40:33.313Z,0.03346096221076532
2026-10-09T09:40:48.313Z,0.03424790276586357
2026-10-09T09:41:03.313Z,0.033206011096554015
2026-10-09T09:41:18.313Z,0.033859239950592826
2026-10-09T09:41:33.313Z,0.034209797951838386
2026-10-09T09:41:48.313Z,0.035568739430571414
2026-10-09T09:42:03.313Z,0.035689253974026725
2026-10-09T09:42:18.313Z,0.036617359754394875
2026-10-09T09:42:33.313Z,0.03742826249687724
2026-10-09T09:42:48.313Z,0.03676308235815985
2026-10-09T09:43:03.313Z,0.034918523445297084
2026-10-09T09:43:18.313Z,0.03364573829864788
2026-10-09T09:43:33.313Z,0.03361228871880715
2026-10-09T09:43:48.313Z,0.034283972173718945
2026-10-09T09:44:03.313Z,0.03369015019499663
2026-10-09T09:44:18.313Z,0.034516599371911864
2026-10-09T09:44:33.313Z,0.03496812298181243
2026-10-09T09:44:48.313Z,0.03467406380027288
2026-10-09T09:45:03.313Z,0.035049738291647425
2026-10-09T09:45:18.313Z,0.03427872996472294
2026-10-09T09:45:33.313Z,0.03540460426074864
2026-10-09T09:45:48.313Z,0.03521284331821998
2026-10-09T09:46:03.313Z,0.034530616776764826
2026-10-09T09:46:18.313Z,0.034336076512461185
2026-10-09T09:46:33.313Z,0.032932060329338646
2026-10-09T09:46:48.313Z,0.03437378721518057
2026-10-09T09:47:03.313Z,0.034185427525777044
2026-10-09T09:47:18.313Z,0.03551230871588149
2026-10-09T09:47:33.313Z,0.033193311918299065
2026-10-09T09:47:48.313Z,0.03194367752620969
2026-10-09T09:48:03.313Z,0.029104188568572862
2026-10-09T09:48:18.313Z,0.029702970297010967
2026-10-09T09:48:33.313Z,0.02857460529241238
2026-10-09T09:48:48.313Z,0.028582539373923684
2026-10-09T09:49:03.313Z,0.024916481069051463
2026-10-09T09:49:18.313Z,0.023119614022382662
2026-10-09T09:49:33.313Z,0.020883038145233023
