timestamp_utc,stage,value
2026-10-09T00:52:00.553Z,recovery,0.05830998599159497
2026-10-09T00:52:15.553Z,recovery,0.10830399295831
2026-10-09T00:52:30.553Z,recovery,0.15830999533239978
2026-10-09T00:52:45.553Z,recovery,0.20002545778553635
2026-10-09T00:53:00.553Z,recovery,0.2000836713534751
2026-10-09T00:53:15.553Z,recovery,0.20000363642975327
2026-10-09T00:53:30.553Z,recovery,0.20001090968598287
2026-10-09T00:53:45.553Z,recovery,0.20001090968598287
2026-10-09T00:54:00.553Z,recovery,0.20001818347122463
2026-10-09T00:54:15.553Z,recovery,0.19999636370247814
2026-10-09T00:54:30.553Z,recovery,0.19998181983456048
2026-10-09T00:54:45.553Z,recovery,0.20006547597395513
2026-10-09T00:55:00.553Z,recovery,0.19999999999999998
2026-10-09T00:55:15.553Z,recovery,0.20001454651247363
2026-10-09T00:55:30.553Z,recovery,0.20002909514111145
2026-10-09T00:55:45.553Z,recovery,0.20002909514111145
2026-10-09T00:56:00.553Z,recovery,0.20000363642975327
2026-10-09T00:56:15.553Z,recovery,0.20002545778553635
2026-10-09T00:56:30.553Z,recovery,0.20000363642975327
2026-10-09T00:56:45.553Z,recovery,0.20001818347122463
2026-10-09T00:57:00.553Z,recovery,0.20001090968598287
2026-10-09T00:57:15.553Z,recovery,0.19998181983456048
2026-10-09T00:57:30.553Z,recovery,0.19999636370247814
2026-10-09T00:57:45.553Z,recovery,0.19999999999999998
2026-10-09T00:58:00.553Z,recovery,0.20000363642975327
2026-10-09T00:58:15.553Z,recovery,0.1999781841980875
2026-10-09T00:58:30.553Z,recovery,0.19999636370247814
2026-10-09T00:58:45.553Z,recovery,0.20001454651247363
2026-10-09T00:59:00.553Z,recovery,0.19999999999999998
2026-10-09T00:59:15.553Z,recovery,0.20004364588637522
2026-10-09T00:59:30.553Z,recovery,0.20000363642975327
2026-10-09T00:59:45.553Z,recovery,0.20000363642975327
2026-10-09T01:00:00.553Z,recovery,0.20000363642975327
2026-10-09T01:00:15.553Z,recovery,0.19985102014861647
2026-10-09T01:00:30.553Z,recovery,0.20001090968598287
2026-10-09T01:00:45.553Z,recovery,0.20000727299174512
2026-10-09T01:01:00.553Z,recovery,0.20000363642975327
2026-10-09T01:01:15.553Z,recovery,0.19999999999999998
2026-10-09T01:01:30.553Z,recovery,0.20000363642975327
2026-10-09T01:01:45.553Z,recovery,0.20002182056224316
2026-10-09T01:02:00.553Z,recovery,0.1583633300003703
2026-10-09T01:02:15.553Z,recovery,0.10836999633369995
2026-10-09T01:02:30.553Z,recovery,0.0583599893375983
2026-10-08T22:52:00.553Z,s1,0.058283323331332924
2026-10-08T22:52:15.553Z,s1,0.10828932629220676
2026-10-08T22:52:30.553Z,s1,0.15829207817643873
2026-10-08T22:52:45.553Z,s1,0.20001090968598287
2026-10-08T22:53:00.553Z,s1,0.20000363642975327
2026-10-08T22:53:15.553Z,s1,0.19999272753718048
2026-10-08T22:53:30.553Z,s1,0.20000363642975327
2026-10-08T22:53:45.553Z,s1,0.19999999999999998
2026-10-08T22:54:00.553Z,s1,0.20002182056224316
2026-10-08T22:54:15.553Z,s1,0.20001454651247363
2026-10-08T22:54:30.553Z,s1,0.20000727299174517
2026-10-08T22:54:45.553Z,s1,0.1999890915040998
2026-10-08T22:55:00.553Z,s1,0.20000363642975327
2026-10-08T22:55:15.553Z,s1,0.20000363642975327
2026-10-08T22:55:30.553Z,s1,0.19999999999999998
2026-10-08T22:55:45.553Z,s1,0.19997454869380263
2026-10-08T22:56:00.553Z,s1,0.19999999999999998
2026-10-08T22:56:15.553Z,s1,0.19999999999999998
2026-10-08T22:56:30.553Z,s1,0.19999272753718048
2026-10-08T22:56:45.553Z,s1,0.19999636370247814
2026-10-08T22:57:00.553Z,s1,0.19998181983456048
2026-10-08T22:57:15.553Z,s1,0.2000181834712247
2026-10-08T22:57:30.553Z,s1,0.19999999999999998
2026-10-08T22:57:45.553Z,s1,0.20000727299174517
2026-10-08T22:58:00.553Z,s1,0.19999272753718048
2026-10-08T22:58:15.553Z,s1,0.19999272753718048
2026-10-08T22:58:30.553Z,s1,0.19999999999999998
2026-10-08T22:58:45.553Z,s1,0.1999890915040998
2026-10-08T22:59:00.553Z,s1,0.19999999999999998
2026-10-08T22:59:15.553Z,s1,0.19998181983456048
2026-10-08T22:59:30.553Z,s1,0.19999272753718048
2026-10-08T22:59:45.553Z,s1,0.19999636370247814
2026-10-08T23:00:00.553Z,s1,0.19999999999999998
2026-10-08T23:00:15.553Z,s1,0.19999272753718048
2026-10-08T23:00:30.553Z,s1,0.20000727299174517
2026-10-08T23:00:45.553Z,s1,0.19999999999999998
2026-10-08T23:01:00.553Z,s1,0.20000363642975327
2026-10-08T23:01:15.553Z,s1,0.2000181834712247
2026-10-08T23:01:30.553Z,s1,0.19999999999999998
2026-10-08T23:01:45.553Z,s1,0.19999999999999998
2026-10-08T23:02:00.553Z,s1,0.1583800041485169
2026-10-08T23:02:15.553Z,s1,0.10837667100043338
2026-10-08T23:02:30.553Z,s1,0.05836666666666666
2026-10-09T00:22:00.553Z,s10,0.5195999089963598
2026-10-09T00:22:15.553Z,s10,1.0177971806446504
2026-10-09T00:22:30.553Z,s10,1.5118484362469924
2026-10-09T00:22:45.553Z,s10,2.0085408222350893
2026-10-09T00:23:00.553Z,s10,1.9997818419808748
2026-10-09T00:23:15.553Z,s10,1.999818198345605
2026-10-09T00:23:30.553Z,s10,1.9999279305250264
2026-10-09T00:23:45.553Z,s10,1.9999279305250264
2026-10-09T00:24:00.553Z,s10,2.0000727299174517
2026-10-09T00:24:15.553Z,s10,2.000218205622432
2026-10-09T00:24:30.553Z,s10,1.998909685626022
2026-10-09T00:24:45.553Z,s10,1.9994863704736396
2026-10-09T00:25:00.553Z,s10,2.001127908457494
2026-10-09T00:25:15.553Z,s10,2.0002909514111145
2026-10-09T00:25:30.553Z,s10,2.0001835030736763
2026-10-09T00:25:45.553Z,s10,2.001127908457494
2026-10-09T00:26:00.553Z,s10,2.001911735531228
2026-10-09T00:26:15.553Z,s10,2.001695129208519
2026-10-09T00:26:30.553Z,s10,1.9998545560322885
2026-10-09T00:26:45.553Z,s10,2.000072729917451
2026-10-09T00:27:00.553Z,s10,2.0000727299174517
2026-10-09T00:27:15.553Z,s10,1.999890915040998
2026-10-09T00:27:30.553Z,s10,1.9994596055120235
2026-10-09T00:27:45.553Z,s10,1.999889914316643
2026-10-09T00:28:00.553Z,s10,2.0000363642975327
2026-10-09T00:28:15.553Z,s10,1.9999272753718047
2026-10-09T00:28:30.553Z,s10,1.9998545560322885
2026-10-09T00:28:45.553Z,s10,1.999890915040998
2026-10-09T00:29:00.553Z,s10,2.0003604253018556
2026-10-09T00:29:15.553Z,s10,2.0002545778553635
2026-10-09T00:29:30.553Z,s10,2.000293621081994
2026-10-09T00:29:45.553Z,s10,1.9999639646132497
2026-10-09T00:30:00.553Z,s10,1.9991639859695038
2026-10-09T00:30:15.553Z,s10,2.0000727299174517
2026-10-09T00:30:30.553Z,s10,2.000400080016003
2026-10-09T00:30:45.553Z,s10,2.000218205622432
2026-10-09T00:31:00.553Z,s10,2.0050578034682083
2026-10-09T00:31:15.553Z,s10,2.000400080016003
2026-10-09T00:31:30.553Z,s10,1.9999633034256254
2026-10-09T00:31:45.553Z,s10,1.999890915040998
2026-10-09T00:32:00.553Z,s10,1.5820760838553463
2026-10-09T00:32:15.553Z,s10,1.0807680673298565
2026-10-09T00:32:30.553Z,s10,0.5782536283606947
2026-10-09T00:32:00.553Z,s11,0.6414947593297282
2026-10-09T00:32:15.553Z,s11,1.2644522144522146
2026-10-09T00:32:30.553Z,s11,1.8906206511503876
2026-10-09T00:32:45.553Z,s11,2.5000905829921374
2026-10-09T00:33:00.553Z,s11,2.4997282904032168
2026-10-09T00:33:15.553Z,s11,2.5003623713581677
2026-10-09T00:33:30.553Z,s11,2.4990879241152864
2026-10-09T00:33:45.553Z,s11,2.499498275893525
2026-10-09T00:34:00.553Z,s11,2.5004106513843514
2026-10-09T00:34:15.553Z,s11,2.5018261504747987
2026-10-09T00:34:30.553Z,s11,2.4997263073386122
2026-10-09T00:34:45.553Z,s11,2.499863146178129
2026-10-09T00:35:00.553Z,s11,2.499817531567039
2026-10-09T00:35:15.553Z,s11,2.500181172548735
2026-10-09T00:35:30.553Z,s11,2.502039706282295
2026-10-09T00:35:45.553Z,s11,2.5001824950726332
2026-10-09T00:36:00.553Z,s11,2.4998175315670386
2026-10-09T00:36:15.553Z,s11,2.4999094235716095
2026-10-09T00:36:30.553Z,s11,2.5007301401869158
2026-10-09T00:36:45.553Z,s11,2.499683011212346
2026-10-09T00:37:00.553Z,s11,2.499908762453925
2026-10-09T00:37:15.553Z,s11,2.499728290403217
2026-10-09T00:37:30.553Z,s11,2.5002281230039234
2026-10-09T00:37:45.553Z,s11,2.4995471834812535
2026-10-09T00:38:00.553Z,s11,2.500181172548735
2026-10-09T00:38:15.553Z,s11,2.5001811725487353
2026-10-09T00:38:30.553Z,s11,2.500091244205993
2026-10-09T00:38:45.553Z,s11,2.4997282904032168
2026-10-09T00:39:00.553Z,s11,2.499589483478991
2026-10-09T00:39:15.553Z,s11,2.5
2026-10-09T00:39:30.553Z,s11,2.5002281230039234
2026-10-09T00:39:45.553Z,s11,2.5004076751644293
2026-10-09T00:40:00.553Z,s11,2.499908762453925
2026-10-09T00:40:15.553Z,s11,2.5002717686705074
2026-10-09T00:40:30.553Z,s11,2.5001824950726332
2026-10-09T00:40:45.553Z,s11,2.50022646978893
2026-10-09T00:41:00.553Z,s11,2.5001368688066865
2026-10-09T00:41:15.553Z,s11,2.4999094235716095
2026-10-09T00:41:30.553Z,s11,2.500136868806687
2026-10-09T00:41:45.553Z,s11,2.499954710965381
2026-10-09T00:42:00.553Z,s11,1.9774835811421179
2026-10-09T00:42:15.553Z,s11,1.3518506943255204
2026-10-09T00:42:30.553Z,s11,0.7226449016526171
2026-10-09T00:42:00.553Z,s12,0.7651189881843901
2026-10-09T00:42:15.553Z,s12,1.516282635944209
2026-10-09T00:42:30.553Z,s12,2.2661116805413197
2026-10-09T00:42:45.553Z,s12,3.0000545464462993
2026-10-09T00:43:00.553Z,s12,3.0002349581593735
2026-10-09T00:43:15.553Z,s12,3.00027275206837
2026-10-09T00:43:30.553Z,s12,3.00027275206837
2026-10-09T00:43:45.553Z,s12,3.0002012330095313
2026-10-09T00:44:00.553Z,s12,3
2026-10-09T00:44:15.553Z,s12,2.9996727629713122
2026-10-09T00:44:30.553Z,s12,3.000109094876177
2026-10-09T00:44:45.553Z,s12,2.999836372561497
2026-10-09T00:45:00.553Z,s12,3.0000545464462993
2026-10-09T00:45:15.553Z,s12,3.0004364271166715
2026-10-09T00:45:30.553Z,s12,3.000163645289743
2026-10-09T00:45:45.553Z,s12,3.0003273084336475
2026-10-09T00:46:00.553Z,s12,3.000163645289743
2026-10-09T00:46:15.553Z,s12,2.9998909130577074
2026-10-09T00:46:30.553Z,s12,3.000218197687105
2026-10-09T00:46:45.553Z,s12,2.9998909130577074
2026-10-09T00:47:00.553Z,s12,3.0000545464462993
2026-10-09T00:47:15.553Z,s12,3.0000545464462993
2026-10-09T00:47:30.553Z,s12,2.9999454555371723
2026-10-09T00:47:45.553Z,s12,3
2026-10-09T00:48:00.553Z,s12,2.9998909130577074
2026-10-09T00:48:15.553Z,s12,2.9999454555371723
2026-10-09T00:48:30.553Z,s12,2.9999454555371723
2026-10-09T00:48:45.553Z,s12,2.999836372561497
2026-10-09T00:49:00.553Z,s12,2.9994546446100707
2026-10-09T00:49:15.553Z,s12,3
2026-10-09T00:49:30.553Z,s12,3.000163645289743
2026-10-09T00:49:45.553Z,s12,3.00027275206837
2026-10-09T00:50:00.553Z,s12,2.9999454555371723
2026-10-09T00:50:15.553Z,s12,2.999836372561497
2026-10-09T00:50:30.553Z,s12,2.9995091712265265
2026-10-09T00:50:45.553Z,s12,2.99956369982548
2026-10-09T00:51:00.553Z,s12,2.9995091712265265
2026-10-09T00:51:15.553Z,s12,2.9999454555371723
2026-10-09T00:51:30.553Z,s12,3.0003818667830457
2026-10-09T00:51:45.553Z,s12,3.0001090948761773
2026-10-09T00:52:00.553Z,s12,2.3726550292198367
2026-10-09T00:52:15.553Z,s12,1.6212572519960942
2026-10-09T00:52:30.553Z,s12,0.8669556015314736
2026-10-08T23:02:00.553Z,s2,0.08606855578919262
2026-10-08T23:02:15.553Z,s2,0.14
2026-10-08T23:02:30.553Z,s2,0.23697143841595467
2026-10-08T23:02:45.553Z,s2,0.27892791117036725
2026-10-08T23:03:00.553Z,s2,0.30002437698062967
2026-10-08T23:03:15.553Z,s2,0.2788428750068888
2026-10-08T23:03:30.553Z,s2,0.2999850007499625
2026-10-08T23:03:45.553Z,s2,0.27885787791288974
2026-10-08T23:04:00.553Z,s2,0.2999906252929596
2026-10-08T23:04:15.553Z,s2,0.2788478791628811
2026-10-08T23:04:30.553Z,s2,0.3000018750117188
2026-10-08T23:04:45.553Z,s2,0.2788428739757999
2026-10-08T23:05:00.553Z,s2,0.2999850007499625
2026-10-08T23:05:15.553Z,s2,0.2788478769129374
2026-10-08T23:05:30.553Z,s2,0.2999906252929596
2026-10-08T23:05:45.553Z,s2,0.2788428750068888
2026-10-08T23:06:00.553Z,s2,0.2999793764178713
2026-10-08T23:06:15.553Z,s2,0.2788428781003874
2026-10-08T23:06:30.553Z,s2,0.29999625004687436
2026-10-08T23:06:45.553Z,s2,0.2788378772254276
2026-10-08T23:07:00.553Z,s2,0.3000018750117188
2026-10-08T23:07:15.553Z,s2,0.2788278745383303
2026-10-08T23:07:30.553Z,s2,0.3000356292309712
2026-10-08T23:07:45.553Z,s2,0.27883787628800377
2026-10-08T23:08:00.553Z,s2,0.2999962500468744
2026-10-08T23:08:15.553Z,s2,0.2788328782253858
2026-10-08T23:08:30.553Z,s2,0.30001875117194826
2026-10-08T23:08:45.553Z,s2,0.27883787628800377
2026-10-08T23:09:00.553Z,s2,0.3000018750117188
2026-10-08T23:09:15.553Z,s2,0.27883787628800377
2026-10-08T23:09:30.553Z,s2,0.30001312557424387
2026-10-08T23:09:45.553Z,s2,0.2788478791628811
2026-10-08T23:10:00.553Z,s2,0.2999906252929596
2026-10-08T23:10:15.553Z,s2,0.2788328748507233
2026-10-08T23:10:30.553Z,s2,0.3000018750117188
2026-10-08T23:10:45.553Z,s2,0.2788528791941313
2026-10-08T23:11:00.553Z,s2,0.3000018750117188
2026-10-08T23:11:15.553Z,s2,0.2788328748507233
2026-10-08T23:11:30.553Z,s2,0.30000750018750466
2026-10-08T23:11:45.553Z,s2,0.2788378781628866
2026-10-08T23:12:00.553Z,s2,0.23756688001600118
2026-10-08T23:12:15.553Z,s2,0.16256000400026666
2026-10-08T23:12:30.553Z,s2,0.08756501300260051
2026-10-08T23:12:00.553Z,s3,0.11660328896894495
2026-10-08T23:12:15.553Z,s3,0.21660531124538163
2026-10-08T23:12:30.553Z,s3,0.3166008185174997
2026-10-08T23:12:45.553Z,s3,0.40006546525795134
2026-10-08T23:13:00.553Z,s3,0.40001454598349034
2026-10-08T23:13:15.553Z,s3,0.39998545507436095
2026-10-08T23:13:30.553Z,s3,0.3999927274049563
2026-10-08T23:13:45.553Z,s3,0.3999927274049563
2026-10-08T23:14:00.553Z,s3,0.40002181937196574
2026-10-08T23:14:15.553Z,s3,0.40003636694244926
2026-10-08T23:14:30.553Z,s3,0.3999927274049563
2026-10-08T23:14:45.553Z,s3,0.4000363669424494
2026-10-08T23:15:00.553Z,s3,0.39998545507436095
2026-10-08T23:15:15.553Z,s3,0.3999927274049563
2026-10-08T23:15:30.553Z,s3,0.3999927274049563
2026-10-08T23:15:45.553Z,s3,0.3999927274049563
2026-10-08T23:16:00.553Z,s3,0.3999927274049563
2026-10-08T23:16:15.553Z,s3,0.39998545507436095
2026-10-08T23:16:30.553Z,s3,0.40000727285950655
2026-10-08T23:16:45.553Z,s3,0.40001454598349034
2026-10-08T23:17:00.553Z,s3,0.39999999999999997
2026-10-08T23:17:15.553Z,s3,0.40015278560905077
2026-10-08T23:17:30.553Z,s3,0.40000727285950655
2026-10-08T23:17:45.553Z,s3,0.39999999999999997
2026-10-08T23:18:00.553Z,s3,0.40000727285950655
2026-10-08T23:18:15.553Z,s3,0.39998545507436095
2026-10-08T23:18:30.553Z,s3,0.40000727285950655
2026-10-08T23:18:45.553Z,s3,0.39998545507436095
2026-10-08T23:19:00.553Z,s3,0.39999999999999997
2026-10-08T23:19:15.553Z,s3,0.3999927274049563
2026-10-08T23:19:30.553Z,s3,0.39998545507436095
2026-10-08T23:19:45.553Z,s3,0.39999999999999997
2026-10-08T23:20:00.553Z,s3,0.4000581902822229
2026-10-08T23:20:15.553Z,s3,0.3999927274049563
2026-10-08T23:20:30.553Z,s3,0.39999999999999997
2026-10-08T23:20:45.553Z,s3,0.3999927274049563
2026-10-08T23:21:00.553Z,s3,0.3999200159968006
2026-10-08T23:21:15.553Z,s3,0.3999927274049563
2026-10-08T23:21:30.553Z,s3,0.40000727285950655
2026-10-08T23:21:45.553Z,s3,0.399956368396175
2026-10-08T23:22:00.553Z,s3,0.3167533410377219
2026-10-08T23:22:15.553Z,s3,0.2167333355556296
2026-10-08T23:22:30.553Z,s3,0.11672666666666667
2026-10-08T23:22:00.553Z,s4,0.1415916516636661
2026-10-08T23:22:15.553Z,s4,0.26660511873621584
2026-10-08T23:22:30.553Z,s4,0.39157603940098495
2026-10-08T23:22:45.553Z,s4,0.5
2026-10-08T23:23:00.553Z,s4,0.500018519204415
2026-10-08T23:23:15.553Z,s4,0.49997321572058634
2026-10-08T23:23:30.553Z,s4,0.5000463005833874
2026-10-08T23:23:45.553Z,s4,0.5000089287308702
2026-10-08T23:24:00.553Z,s4,0.5000092594307303
2026-10-08T23:24:15.553Z,s4,0.500017857780635
2026-10-08T23:24:30.553Z,s4,0.4999722237653464
2026-10-08T23:24:45.553Z,s4,0.4999553611284708
2026-10-08T23:25:00.553Z,s4,0.5000000000000001
2026-10-08T23:25:15.553Z,s4,0.5
2026-10-08T23:25:30.553Z,s4,0.5000092594307303
2026-10-08T23:25:45.553Z,s4,0.5
2026-10-08T23:26:00.553Z,s4,0.5000000000000001
2026-10-08T23:26:15.553Z,s4,0.500017857780635
2026-10-08T23:26:30.553Z,s4,0.5000092594307303
2026-10-08T23:26:45.553Z,s4,0.500017857780635
2026-10-08T23:27:00.553Z,s4,0.49998148216732713
2026-10-08T23:27:15.553Z,s4,0.4999910715880074
2026-10-08T23:27:30.553Z,s4,0.500018519204415
2026-10-08T23:27:45.553Z,s4,0.4999910715880073
2026-10-08T23:28:00.553Z,s4,0.5000000000000001
2026-10-08T23:28:15.553Z,s4,0.5000089287308702
2026-10-08T23:28:30.553Z,s4,0.49996296570624404
2026-10-08T23:28:45.553Z,s4,0.5
2026-10-08T23:29:00.553Z,s4,0.5000000000000001
2026-10-08T23:29:15.553Z,s4,0.4999910715880074
2026-10-08T23:29:30.553Z,s4,0.49999074091220536
2026-10-08T23:29:45.553Z,s4,0.49996428826512385
2026-10-08T23:30:00.553Z,s4,0.49995690026721834
2026-10-08T23:30:15.553Z,s4,0.49997321572058634
2026-10-08T23:30:30.553Z,s4,0.5000092594307303
2026-10-08T23:30:45.553Z,s4,0.5
2026-10-08T23:31:00.553Z,s4,0.499990000199996
2026-10-08T23:31:15.553Z,s4,0.5
2026-10-08T23:31:30.553Z,s4,0.5000000000000001
2026-10-08T23:31:45.553Z,s4,0.5
2026-10-08T23:32:00.553Z,s4,0.39547113710674037
2026-10-08T23:32:15.553Z,s4,0.2709
2026-10-08T23:32:30.553Z,s4,0.14452898033052342
2026-10-08T23:32:00.553Z,s5,0.1665566886622675
2026-10-08T23:32:15.553Z,s5,0.31655068058499647
2026-10-08T23:32:30.553Z,s5,0.4665641717914104
2026-10-08T23:32:45.553Z,s5,0.5999890911074344
2026-10-08T23:33:00.553Z,s5,0.6
2026-10-08T23:33:15.553Z,s5,0.6000218189752355
2026-10-08T23:33:30.553Z,s5,0.600043639537421
2026-10-08T23:33:45.553Z,s5,0.6000109092892598
2026-10-08T23:34:00.553Z,s5,0.5999672745122994
2026-10-08T23:34:15.553Z,s5,0.6000218189752354
2026-10-08T23:34:30.553Z,s5,0.6000327290579486
2026-10-08T23:34:45.553Z,s5,0.5999781826115415
2026-10-08T23:35:00.553Z,s5,0.6000327290579486
2026-10-08T23:35:15.553Z,s5,0.600076373356609
2026-10-08T23:35:30.553Z,s5,0.5999672745122994
2026-10-08T23:35:45.553Z,s5,0.6000109092892598
2026-10-08T23:36:00.553Z,s5,0.5999563668096866
2026-10-08T23:36:15.553Z,s5,0.6
2026-10-08T23:36:30.553Z,s5,0.5999890911074344
2026-10-08T23:36:45.553Z,s5,0.6000545504136741
2026-10-08T23:37:00.553Z,s5,0.5999781826115415
2026-10-08T23:37:15.553Z,s5,0.5999781826115415
2026-10-08T23:37:30.553Z,s5,0.6000654616867295
2026-10-08T23:37:45.553Z,s5,0.5999781826115415
2026-10-08T23:38:00.553Z,s5,0.6000218189752355
2026-10-08T23:38:15.553Z,s5,0.5999890911074344
2026-10-08T23:38:30.553Z,s5,0.6000109092892598
2026-10-08T23:38:45.553Z,s5,0.6000545504136741
2026-10-08T23:39:00.553Z,s5,0.5999890911074344
2026-10-08T23:39:15.553Z,s5,0.5999781826115415
2026-10-08T23:39:30.553Z,s5,0.5999890911074344
2026-10-08T23:39:45.553Z,s5,0.5999890911074344
2026-10-08T23:40:00.553Z,s5,0.6000436395374209
2026-10-08T23:40:15.553Z,s5,0.5999781826115415
2026-10-08T23:40:30.553Z,s5,0.6000109092892598
2026-10-08T23:40:45.553Z,s5,0.5999781826115415
2026-10-08T23:41:00.553Z,s5,0.6000218189752355
2026-10-08T23:41:15.553Z,s5,0.5999781826115415
2026-10-08T23:41:30.553Z,s5,0.5999781826115415
2026-10-08T23:41:45.553Z,s5,0.6
2026-10-08T23:42:00.553Z,s5,0.47508
2026-10-08T23:42:15.553Z,s5,0.3251000066671112
2026-10-08T23:42:30.553Z,s5,0.17510001333511135
2026-10-08T23:42:00.553Z,s6,0.1915791228947807
2026-10-08T23:42:15.553Z,s6,0.36652276498651737
2026-10-08T23:42:30.553Z,s6,0.5415704022270007
2026-10-08T23:42:45.553Z,s6,0.7000412844860081
2026-10-08T23:43:00.553Z,s6,0.7000736919675755
2026-10-08T23:43:15.553Z,s6,0.7000035897619988
2026-10-08T23:43:30.553Z,s6,0.7000092106475087
2026-10-08T23:43:45.553Z,s6,0.6999533364442371
2026-10-08T23:44:00.553Z,s6,0.6999576341431967
2026-10-08T23:44:15.553Z,s6,0.699978462201163
2026-10-08T23:44:30.553Z,s6,0.6999963158088641
2026-10-08T23:44:45.553Z,s6,0.6999910257560801
2026-10-08T23:45:00.553Z,s6,0.6999834214452815
2026-10-08T23:45:15.553Z,s6,0.6999407742421795
2026-10-08T23:45:30.553Z,s6,0.7000350017500875
2026-10-08T23:45:45.553Z,s6,0.6999658990972235
2026-10-08T23:46:00.553Z,s6,0.7000221059612409
2026-10-08T23:46:15.553Z,s6,0.6999910257560801
2026-10-08T23:46:30.553Z,s6,0.7000350017500875
2026-10-08T23:46:45.553Z,s6,0.6999910257560801
2026-10-08T23:47:00.553Z,s6,0.6999834214452815
2026-10-08T23:47:15.553Z,s6,0.6999910257560801
2026-10-08T23:47:30.553Z,s6,0.7001252855774192
2026-10-08T23:47:45.553Z,s6,0.7000035897619988
2026-10-08T23:48:00.553Z,s6,0.7000221059612409
2026-10-08T23:48:15.553Z,s6,0.6999910257560801
2026-10-08T23:48:30.553Z,s6,0.7000221059612409
2026-10-08T23:48:45.553Z,s6,0.699953336444237
2026-10-08T23:49:00.553Z,s6,0.7000350017500875
2026-10-08T23:49:15.553Z,s6,0.7000035897619988
2026-10-08T23:49:30.553Z,s6,0.6999963158088641
2026-10-08T23:49:45.553Z,s6,0.6999282124910265
2026-10-08T23:50:00.553Z,s6,0.7000607947532286
2026-10-08T23:50:15.553Z,s6,0.7000287191269385
2026-10-08T23:50:30.553Z,s6,0.6999963158088641
2026-10-08T23:50:45.553Z,s6,0.6999533364442371
2026-10-08T23:51:00.553Z,s6,0.7001381851681251
2026-10-08T23:51:15.553Z,s6,0.6999910257560801
2026-10-08T23:51:30.553Z,s6,0.7000221059612409
2026-10-08T23:51:45.553Z,s6,0.6999407742421795
2026-10-08T23:52:00.553Z,s6,0.5538529400202579
2026-10-08T23:52:15.553Z,s6,0.37923666200031114
2026-10-08T23:52:30.553Z,s6,0.202904385166515
2026-10-08T23:52:00.553Z,s7,0.21656663665766399
2026-10-08T23:52:15.553Z,s7,0.4165226609064363
2026-10-08T23:52:30.553Z,s7,0.616521663041576
2026-10-08T23:52:45.553Z,s7,0.8000727338848987
2026-10-08T23:53:00.553Z,s7,0.8000145457190131
2026-10-08T23:53:15.553Z,s7,0.7999709101487219
2026-10-08T23:53:30.553Z,s7,0.79991273679235
2026-10-08T23:53:45.553Z,s7,0.7999854548099126
2026-10-08T23:54:00.553Z,s7,0.8000727338848987
2026-10-08T23:54:15.553Z,s7,0.8001309305159027
2026-10-08T23:54:30.553Z,s7,0.8000290919669805
2026-10-08T23:54:45.553Z,s7,0.8000436387439315
2026-10-08T23:55:00.553Z,s7,0.7999563660163992
2026-10-08T23:55:15.553Z,s7,0.8000727338848985
2026-10-08T23:55:30.553Z,s7,0.7999999999999999
2026-10-08T23:55:45.553Z,s7,0.8000145457190131
2026-10-08T23:56:00.553Z,s7,0.7999563660163992
2026-10-08T23:56:15.553Z,s7,0.7999999999999999
2026-10-08T23:56:30.553Z,s7,0.7999999999999999
2026-10-08T23:56:45.553Z,s7,0.7999999999999999
2026-10-08T23:57:00.553Z,s7,0.7999854548099126
2026-10-08T23:57:15.553Z,s7,0.7999709101487219
2026-10-08T23:57:30.553Z,s7,0.8000436387439315
2026-10-08T23:57:45.553Z,s7,0.8000727338848987
2026-10-08T23:58:00.553Z,s7,0.7999999999999999
2026-10-08T23:58:15.553Z,s7,0.8000290919669805
2026-10-08T23:58:30.553Z,s7,0.7999854548099126
2026-10-08T23:58:45.553Z,s7,0.7998981947752104
2026-10-08T23:59:00.553Z,s7,0.8000436387439315
2026-10-08T23:59:15.553Z,s7,0.7999709101487219
2026-10-08T23:59:30.553Z,s7,0.7999709101487219
2026-10-08T23:59:45.553Z,s7,0.8000145457190131
2026-10-09T00:00:00.553Z,s7,0.8000145457190131
2026-10-09T00:00:15.553Z,s7,0.7999999999999999
2026-10-09T00:00:30.553Z,s7,0.8000581860498945
2026-10-09T00:00:45.553Z,s7,0.8000436387439315
2026-10-09T00:01:00.553Z,s7,0.8000290919669805
2026-10-09T00:01:15.553Z,s7,0.7999709101487219
2026-10-09T00:01:30.553Z,s7,0.8000145457190131
2026-10-09T00:01:45.553Z,s7,0.799904692206886
2026-10-09T00:02:00.553Z,s7,0.6158207297708166
2026-10-09T00:02:15.553Z,s7,0.41538442960592925
2026-10-09T00:02:30.553Z,s7,0.21396885399502436
2026-10-09T00:02:00.553Z,s8,0.26654994163748547
2026-10-09T00:02:15.553Z,s8,0.5165106417026725
2026-10-09T00:02:30.553Z,s8,0.7665433148305579
2026-10-09T00:02:45.553Z,s8,1.0000909173561234
2026-10-09T00:03:00.553Z,s8,0.9999818185123907
2026-10-09T00:03:15.553Z,s8,1.0000363649587258
2026-10-09T00:03:30.553Z,s8,1
2026-10-09T00:03:45.553Z,s8,0.999945457520499
2026-10-09T00:04:00.553Z,s8,1
2026-10-09T00:04:15.553Z,s8,0.9994003597841296
2026-10-09T00:04:30.553Z,s8,0.9999818185123907
2026-10-09T00:04:45.553Z,s8,1.0000363649587258
2026-10-09T00:05:00.553Z,s8,1.0000363649587256
2026-10-09T00:05:15.553Z,s8,1.0001636631448783
2026-10-09T00:05:30.553Z,s8,1.0000909173561234
2026-10-09T00:05:45.553Z,s8,0.999945457520499
2026-10-09T00:06:00.553Z,s8,1.0000181821487664
2026-10-09T00:06:15.553Z,s8,1.0000181821487664
2026-10-09T00:06:30.553Z,s8,1.0000181821487664
2026-10-09T00:06:45.553Z,s8,0.9999636376859024
2026-10-09T00:07:00.553Z,s8,0.9999818185123907
2026-10-09T00:07:15.553Z,s8,0.9999636376859024
2026-10-09T00:07:30.553Z,s8,0.9999090991728025
2026-10-09T00:07:45.553Z,s8,1
2026-10-09T00:08:00.553Z,s8,0.9999636376859024
2026-10-09T00:08:15.553Z,s8,1.0000181821487664
2026-10-09T00:08:30.553Z,s8,1
2026-10-09T00:08:45.553Z,s8,1.0000545484299144
2026-10-09T00:09:00.553Z,s8,1.0000363649587258
2026-10-09T00:09:15.553Z,s8,0.9998182148700234
2026-10-09T00:09:30.553Z,s8,1.000109102811216
2026-10-09T00:09:45.553Z,s8,1.0000545484299144
2026-10-09T00:10:00.553Z,s8,1.0000181821487664
2026-10-09T00:10:15.553Z,s8,1.0000181821487664
2026-10-09T00:10:30.553Z,s8,0.9999636376859024
2026-10-09T00:10:45.553Z,s8,0.9999636376859024
2026-10-09T00:11:00.553Z,s8,1.0000181821487664
2026-10-09T00:11:15.553Z,s8,0.999945457520499
2026-10-09T00:11:30.553Z,s8,1.0000363649587256
2026-10-09T00:11:45.553Z,s8,1.0000344839477222
2026-10-09T00:12:00.553Z,s8,0.7732644245138142
2026-10-09T00:12:15.553Z,s8,0.522372822838911
2026-10-09T00:12:30.553Z,s8,0.26959573813370263
2026-10-09T00:12:00.553Z,s9,0.39142252441422526
2026-10-09T00:12:15.553Z,s9,0.7664969208905731
2026-10-09T00:12:30.553Z,s9,1.1412921395124065
2026-10-09T00:12:45.553Z,s9,1.4999548206379327
2026-10-09T00:13:00.553Z,s9,1.4999085421620633
2026-10-09T00:13:15.553Z,s9,1.4999548206379327
2026-10-09T00:13:30.553Z,s9,1.500018292906011
2026-10-09T00:13:45.553Z,s9,1.5001174790796867
2026-10-09T00:14:00.553Z,s9,1.5001006165047657
2026-10-09T00:14:15.553Z,s9,1.5000090361990133
2026-10-09T00:14:30.553Z,s9,1.5000731743011857
2026-10-09T00:14:45.553Z,s9,1.5000361454492877
2026-10-09T00:15:00.553Z,s9,1.4981820839347375
2026-10-09T00:15:15.553Z,s9,1.4998735046441867
2026-10-09T00:15:30.553Z,s9,1.500018292906011
2026-10-09T00:15:45.553Z,s9,1.499981927928579
2026-10-09T00:16:00.553Z,s9,1.499935978342388
2026-10-09T00:16:15.553Z,s9,1.5000632556794564
2026-10-09T00:16:30.553Z,s9,1.500018292906011
2026-10-09T00:16:45.553Z,s9,1.4991149803128272
2026-10-09T00:17:00.553Z,s9,1.500018292906011
2026-10-09T00:17:15.553Z,s9,1.4996342355523045
2026-10-09T00:17:30.553Z,s9,1.4999634155264505
2026-10-09T00:17:45.553Z,s9,1.4999548206379327
2026-10-09T00:18:00.553Z,s9,1.500182949140139
2026-10-09T00:18:15.553Z,s9,1.499819298879653
2026-10-09T00:18:30.553Z,s9,1.5000903668895715
2026-10-09T00:18:45.553Z,s9,1.4999006089957894
2026-10-09T00:19:00.553Z,s9,1.500018292906011
2026-10-09T00:19:15.553Z,s9,1.4997439461555346
2026-10-09T00:19:30.553Z,s9,1.5000731743011857
2026-10-09T00:19:45.553Z,s9,1.5000632556794564
2026-10-09T00:20:00.553Z,s9,1.5000457331016188
2026-10-09T00:20:15.553Z,s9,1.5000090361990133
2026-10-09T00:20:30.553Z,s9,1.500334411886987
2026-10-09T00:20:45.553Z,s9,1.4999006089957894
2026-10-09T00:21:00.553Z,s9,1.500018292906011
2026-10-09T00:21:15.553Z,s9,1.5001445922498555
2026-10-09T00:21:30.553Z,s9,1.4191939003370777
2026-10-09T00:21:45.553Z,s9,1.4968022860253094
2026-10-09T00:22:00.553Z,s9,1.1694153296863268
2026-10-09T00:22:15.553Z,s9,0.7931952671262138
2026-10-09T00:22:30.553Z,s9,0.4137343741022548
2026-10-08T22:32:00.553Z,warmup1,0.033249933279957296
2026-10-08T22:32:15.553Z,warmup1,0.05825246360862388
2026-10-08T22:32:30.553Z,warmup1,0.08325247574272282
2026-10-08T22:32:45.553Z,warmup1,0.10008206729518204
2026-10-08T22:33:00.553Z,warmup1,0.10006604358876858
2026-10-08T22:33:15.553Z,warmup1,0.0999460291442621
2026-10-08T22:33:30.553Z,warmup1,0.09994203362050011
2026-10-08T22:33:45.553Z,warmup1,0.0999960001599936
2026-10-08T22:34:00.553Z,warmup1,0.09999400035997841
2026-10-08T22:34:15.553Z,warmup1,0.10001000100010002
2026-10-08T22:34:30.553Z,warmup1,0.0999920006399488
2026-10-08T22:34:45.553Z,warmup1,0.1000680462714646
2026-10-08T22:35:00.553Z,warmup1,0.09993803841618196
2026-10-08T22:35:15.553Z,warmup1,0.1000020000400008
2026-10-08T22:35:30.553Z,warmup1,0.0999960001599936
2026-10-08T22:35:45.553Z,warmup1,0.1000180032405833
2026-10-08T22:36:00.553Z,warmup1,0.09993204620857817
2026-10-08T22:36:15.553Z,warmup1,0.10005803365952254
2026-10-08T22:36:30.553Z,warmup1,0.10007405480055241
2026-10-08T22:36:45.553Z,warmup1,0.10006203846384759
2026-10-08T22:37:00.553Z,warmup1,0.0999980000399992
2026-10-08T22:37:15.553Z,warmup1,0.0999920006399488
2026-10-08T22:37:30.553Z,warmup1,0.09991806718490837
2026-10-08T22:37:45.553Z,warmup1,0.09999000099989999
2026-10-08T22:38:00.553Z,warmup1,0.1000060003600216
2026-10-08T22:38:15.553Z,warmup1,0.10001600256040967
2026-10-08T22:38:30.553Z,warmup1,0.10000400016000639
2026-10-08T22:38:45.553Z,warmup1,0.09998400255959047
2026-10-08T22:39:00.553Z,warmup1,0.1
2026-10-08T22:39:15.553Z,warmup1,0.09999000099989999
2026-10-08T22:39:30.553Z,warmup1,0.10002000400080016
2026-10-08T22:39:45.553Z,warmup1,0.0999960001599936
2026-10-08T22:40:00.553Z,warmup1,0.10001400196027445
2026-10-08T22:40:15.553Z,warmup1,0.0999980000399992
2026-10-08T22:40:30.553Z,warmup1,0.10000200004000082
2026-10-08T22:40:45.553Z,warmup1,0.10006604358876858
2026-10-08T22:41:00.553Z,warmup1,0.1
2026-10-08T22:41:15.553Z,warmup1,0.0999980000399992
2026-10-08T22:41:30.553Z,warmup1,0.0999960001599936
2026-10-08T22:41:45.553Z,warmup1,0.0999980000399992
2026-10-08T22:42:00.553Z,warmup1,0.08335290003497027
2026-10-08T22:42:15.553Z,warmup1,0.05836163553424566
2026-10-08T22:42:30.553Z,warmup1,0.03332918119913636
2026-10-08T22:42:00.553Z,warmup2,0.08608334174829177
2026-10-08T22:42:15.553Z,warmup2,0.14
2026-10-08T22:42:30.553Z,warmup2,0.23697415123456794
2026-10-08T22:42:45.553Z,warmup2,0.27954477101845526
2026-10-08T22:43:00.553Z,warmup2,0.3000468823253633
2026-10-08T22:43:15.553Z,warmup2,0.27886288066292564
2026-10-08T22:43:30.553Z,warmup2,0.2999906252929596
2026-10-08T22:43:45.553Z,warmup2,0.27905305446676604
2026-10-08T22:44:00.553Z,warmup2,0.29950207779566473
2026-10-08T22:44:15.553Z,warmup2,0.2788578752880538
2026-10-08T22:44:30.553Z,warmup2,0.30001312557424387
2026-10-08T22:44:45.553Z,warmup2,0.27886788528840695
2026-10-08T22:45:00.553Z,warmup2,0.3001988817591654
2026-10-08T22:45:15.553Z,warmup2,0.2788528767566923
2026-10-08T22:45:30.553Z,warmup2,0.30000750018750466
2026-10-08T22:45:45.553Z,warmup2,0.278852874319436
2026-10-08T22:46:00.553Z,warmup2,0.2999906252929596
2026-10-08T22:46:15.553Z,warmup2,0.2790530793458007
2026-10-08T22:46:30.553Z,warmup2,0.30000750018750466
2026-10-08T22:46:45.553Z,warmup2,0.27886288066292564
2026-10-08T22:47:00.553Z,warmup2,0.2999962500468744
2026-10-08T22:47:15.553Z,warmup2,0.27886288066292564
2026-10-08T22:47:30.553Z,warmup2,0.30000750018750466
2026-10-08T22:47:45.553Z,warmup2,0.2788478757880288
2026-10-08T22:48:00.553Z,warmup2,0.2999906252929596
2026-10-08T22:48:15.553Z,warmup2,0.27886288066292564
2026-10-08T22:48:30.553Z,warmup2,0.2999850007499625
2026-10-08T22:48:45.553Z,warmup2,0.27885787791288974
2026-10-08T22:49:00.553Z,warmup2,0.29996812838635895
2026-10-08T22:49:15.553Z,warmup2,0.2788578792253815
2026-10-08T22:49:30.553Z,warmup2,0.30001312557424387
2026-10-08T22:49:45.553Z,warmup2,0.27886288347567173
2026-10-08T22:50:00.553Z,warmup2,0.2999850007499625
2026-10-08T22:50:15.553Z,warmup2,0.2788528755380412
2026-10-08T22:50:30.553Z,warmup2,0.29990627928772257
2026-10-08T22:50:45.553Z,warmup2,0.27884787016411844
2026-10-08T22:51:00.553Z,warmup2,0.3000018750117188
2026-10-08T22:51:15.553Z,warmup2,0.2788478780378882
2026-10-08T22:51:30.553Z,warmup2,0.2999850007499625
2026-10-08T22:51:45.553Z,warmup2,0.2788578752880538
2026-10-08T22:52:00.553Z,warmup2,0.2375681198910082
2026-10-08T22:52:15.553Z,warmup2,0.16256499133448873
2026-10-08T22:52:30.553Z,warmup2,0.08754747626186905
