timestamp_utc,mode,value
2026-10-07T11:19:19Z,idle,6.047333333336023
2026-10-07T11:19:34Z,idle,6.05755555555483
2026-10-07T11:19:49Z,idle,6.073111111111938
2026-10-07T11:20:04Z,idle,6.061999999995653
2026-10-07T11:20:19Z,idle,6.343555555554727
2026-10-07T11:20:34Z,idle,6.380888888890492
2026-10-07T11:20:49Z,idle,6.634888888891631
2026-10-07T11:21:04Z,idle,6.6071111111099725
2026-10-07T11:21:19Z,idle,6.82600000000093
2026-10-07T11:21:34Z,idle,6.795555555555296
2026-10-07T11:21:49Z,idle,6.615777777779536
2026-10-07T11:22:04Z,idle,6.361999999999534
2026-10-07T11:22:19Z,idle,6.196888888888578
2026-10-07T11:22:34Z,idle,6.417777777776225
2026-10-07T11:22:49Z,idle,6.503111111110127
2026-10-07T11:23:04Z,idle,6.675111111112507
2026-10-07T11:23:19Z,idle,6.664000000000103
2026-10-07T11:23:34Z,idle,6.836888888887025
2026-10-07T11:23:49Z,idle,6.7226666666632
2026-10-07T11:24:04Z,idle,6.7244444444465135
2026-10-07T11:24:19Z,idle,6.678000000002793
2026-10-07T11:24:34Z,idle,6.8353333333364885
2026-10-07T11:24:49Z,idle,6.774888888888785
2026-10-07T11:25:04Z,idle,6.8026666666678555
2026-10-07T11:25:19Z,idle,6.727999999998913
2026-10-07T11:25:34Z,idle,6.8411111111118865
2026-10-07T11:25:49Z,idle,6.7677777777762245
2026-10-07T11:26:04Z,idle,6.888222222222894
2026-10-07T11:26:19Z,idle,6.841333333330435
2026-10-07T11:26:34Z,idle,6.860888888888681
2026-10-07T11:26:49Z,idle,6.7282222222226356
2026-10-07T11:27:04Z,idle,6.715777777778243
2026-10-07T11:27:19Z,idle,6.643555555554727
2026-10-07T11:27:34Z,idle,6.587333333333177
2026-10-07T11:27:49Z,idle,6.5508888888923025
2026-10-07T11:28:04Z,idle,6.583333333335919
2026-10-07T11:28:19Z,idle,6.726888888890647
2026-10-07T11:28:34Z,idle,6.6911111111093
2026-10-07T11:28:49Z,idle,6.689999999997154
2026-10-07T11:29:04Z,idle,6.623777777775345
2026-10-07T11:29:19Z,idle,6.673777777776639
2026-10-07T11:29:34Z,idle,6.705111111110696
2026-10-07T11:29:49Z,idle,6.69266666666501
2026-10-07T11:30:04Z,idle,6.667777777778812
2026-10-07T11:30:19Z,idle,6.6411111111131795
2026-10-07T11:30:34Z,idle,6.70333333333385
2026-10-07T11:30:49Z,idle,6.687999999999171
2026-10-07T11:31:04Z,idle,6.784000000000621
2026-10-07T11:31:19Z,idle,6.740444444445893
2026-10-07T11:31:34Z,idle,6.787333333333177
2026-10-07T11:31:49Z,idle,6.685999999998602
2026-10-07T11:32:04Z,idle,6.501333333334574
2026-10-07T11:32:19Z,idle,6.2526666666665625
2026-10-07T11:32:34Z,idle,6.116888888887802
2026-10-07T11:32:49Z,idle,6.10688888888625
2026-10-07T11:33:04Z,idle,6.14355555555602
2026-10-07T11:33:19Z,idle,6.117333333335247
2026-10-07T11:33:34Z,idle,6.157555555557417
2026-10-07T11:33:49Z,idle,6.184222222220463
2026-10-07T11:34:04Z,idle,6.245555555555296
2026-10-07T11:34:19Z,idle,6.26644444444553
2026-10-07T11:34:34Z,idle,6.194666666668167
2026-10-07T11:34:49Z,idle,6.203777777777415
2026-10-07T11:35:04Z,idle,6.181111111106453
2026-10-07T11:35:19Z,idle,6.2691111111108
2026-10-07T11:35:34Z,idle,6.246888888889871
2026-10-07T11:35:49Z,idle,6.2824444444474965
2026-10-07T11:36:04Z,idle,6.232666666667338
2026-10-07T11:36:19Z,idle,6.265555555555814
2026-10-07T11:36:34Z,idle,6.275555555554779
2026-10-07T11:36:49Z,idle,6.285999999999896
2026-10-07T11:37:04Z,idle,6.1833333333320395
2026-10-07T11:37:19Z,idle,5.949333333334005
2026-10-07T11:37:34Z,idle,5.8462222222238776
2026-10-07T11:37:49Z,idle,5.794222222223308
2026-10-07T11:38:04Z,idle,5.919333333331935
2026-10-07T11:38:19Z,idle,6.035999999997308
2026-10-07T11:38:34Z,idle,6.074444444443927
2026-10-07T11:38:49Z,idle,5.914444444444961
2026-10-07T11:39:04Z,idle,5.757111111112559
2026-10-07T11:39:19Z,idle,5.6386666666664595
2026-10-07T11:39:34Z,idle,5.6817777777802085
2026-10-07T11:39:49Z,idle,5.707555555554831
2026-10-07T11:40:04Z,idle,5.747777777778294
2026-10-07T11:40:19Z,idle,5.779111111107178
2026-10-07T11:40:34Z,idle,5.834888888890337
2026-10-07T11:40:49Z,idle,5.761777777777104
2026-10-07T11:41:04Z,idle,5.738666666669046
2026-10-07T11:41:19Z,idle,5.651333333331987
2026-10-07T11:41:34Z,idle,5.701555555557004
2026-10-07T11:41:49Z,idle,5.66733333333266
2026-10-07T11:42:04Z,idle,5.570444444444082
2026-10-07T11:42:19Z,idle,5.506000000000413
2026-10-07T11:42:34Z,idle,5.472222222222221
2026-10-07T11:42:49Z,idle,5.511111111112404
2026-10-07T11:43:04Z,idle,5.560666666666252
2026-10-07T11:43:19Z,idle,5.5444444444457375
2026-10-07T11:43:34Z,idle,5.506444444443979
2026-10-07T11:43:49Z,idle,5.449111111110283
2026-10-07T11:44:04Z,idle,5.467777777778812
2026-10-07T11:44:19Z,idle,5.463999999997516
2026-10-07T11:44:34Z,idle,5.461111111108523
2026-10-07T11:44:49Z,idle,5.434888888886457
2026-10-07T11:45:04Z,idle,5.541777777779174
2026-10-07T11:45:19Z,idle,5.470444444446668
2026-10-07T11:45:34Z,idle,5.481555555555193
2026-10-07T11:45:49Z,idle,5.387760543976289
2026-10-07T11:46:04Z,idle,5.460444444445116
2026-10-07T11:46:19Z,idle,5.490222222223463
2026-10-07T11:46:34Z,idle,5.446464287300726
2026-10-07T11:46:49Z,idle,5.320193760555757
2026-10-07T11:47:04Z,idle,5.159999999997671
2026-10-07T11:47:19Z,idle,5.180000000000776
2026-10-07T11:47:34Z,idle,5.139123477639663
2026-10-07T11:47:49Z,idle,5.123333333335661
2026-10-07T11:48:04Z,idle,5.1095555555554
2026-10-07T11:48:19Z,idle,5.148888888889147
2026-10-07T11:48:34Z,idle,5.220444444444082
2026-10-07T11:48:49Z,idle,5.24555555555659
2026-10-07T11:49:04Z,idle,5.260666666667546
2026-10-07T11:49:19Z,idle,5.346429047598661
2026-10-07T11:49:34Z,idle,5.413333333332815
2026-10-07T11:49:49Z,idle,5.581777777778916
2026-10-07T11:50:04Z,idle,5.593999999998292
2026-10-07T11:50:19Z,idle,5.6460000000001545
2026-10-07T11:50:34Z,idle,5.642222222220152
2026-10-07T11:50:49Z,idle,5.719809769325772
2026-10-07T11:51:04Z,idle,5.783555555555762
2026-10-07T11:51:19Z,idle,5.797777777778294
2026-10-07T11:51:34Z,idle,5.835333333333901
2026-10-07T11:51:49Z,idle,5.716444444444237
2026-10-07T11:52:04Z,idle,5.823999999999068
2026-10-07T11:52:19Z,idle,5.7504444444435645
2026-10-07T11:52:34Z,idle,5.831333333332764
2026-10-07T11:52:49Z,idle,5.7417777777804675
2026-10-07T11:53:04Z,idle,5.747966757030071
2026-10-07T11:53:19Z,idle,5.559111111111835
2026-10-07T11:53:34Z,idle,5.593111111109868
2026-10-07T11:53:49Z,idle,5.587137206098773
2026-10-07T11:54:04Z,idle,5.788666666665166
2026-10-07T11:54:19Z,idle,5.80422222222098
2026-10-07T11:54:34Z,idle,5.840222222223463
2026-10-07T11:54:49Z,idle,5.80977777778171
2026-10-07T11:55:04Z,idle,5.782444444444909
2026-10-07T11:55:19Z,idle,5.785555555555037
2026-10-07T11:55:34Z,idle,5.780666666662889
2026-10-07T11:55:49Z,idle,5.691111111111887
2026-10-07T11:56:04Z,idle,5.683777777778191
2026-10-07T11:56:19Z,idle,5.636000000001189
2026-10-07T11:56:34Z,idle,5.632222222221187
2026-10-07T11:56:49Z,idle,5.663111111112973
2026-10-07T11:19:19Z,iowait,0.036888888888890706
2026-10-07T11:19:34Z,iowait,0.037555555555552976
2026-10-07T11:19:49Z,iowait,0.033777777777773584
2026-10-07T11:20:04Z,iowait,0.03511111111111328
2026-10-07T11:20:19Z,iowait,0.030888888888892373
2026-10-07T11:20:34Z,iowait,0.03311111111111257
2026-10-07T11:20:49Z,iowait,0.032666666666666004
2026-10-07T11:21:04Z,iowait,0.03666666666666489
2026-10-07T11:21:19Z,iowait,0.03355555555555788
2026-10-07T11:21:34Z,iowait,0.03377777777777484
2026-10-07T11:21:49Z,iowait,0.056666666666668176
2026-10-07T11:22:04Z,iowait,0.07222222222221969
2026-10-07T11:22:19Z,iowait,0.09644444444444514
2026-10-07T11:22:34Z,iowait,0.09155555555555311
2026-10-07T11:22:49Z,iowait,0.09422222222222115
2026-10-07T11:23:04Z,iowait,0.09200000000000222
2026-10-07T11:23:19Z,iowait,0.09622222222222437
2026-10-07T11:23:34Z,iowait,0.09444444444444822
2026-10-07T11:23:49Z,iowait,0.09399999999999786
2026-10-07T11:24:04Z,iowait,0.08822222222222155
2026-10-07T11:24:19Z,iowait,0.08977777777777948
2026-10-07T11:24:34Z,iowait,0.09066666666666756
2026-10-07T11:24:49Z,iowait,0.09200000000000222
2026-10-07T11:25:04Z,iowait,0.09644444444444135
2026-10-07T11:25:19Z,iowait,0.08822222222221904
2026-10-07T11:25:34Z,iowait,0.08266666666666095
2026-10-07T11:25:49Z,iowait,0.07999999999999798
2026-10-07T11:26:04Z,iowait,0.08222222222222575
2026-10-07T11:26:19Z,iowait,0.08444444444444847
2026-10-07T11:26:34Z,iowait,0.0815555555555559
2026-10-07T11:26:49Z,iowait,0.08999999999999898
2026-10-07T11:27:04Z,iowait,0.10866666666666636
2026-10-07T11:27:19Z,iowait,0.12177777777777817
2026-10-07T11:27:34Z,iowait,0.13311111111111257
2026-10-07T11:27:49Z,iowait,0.1377777777777775
2026-10-07T11:28:04Z,iowait,0.1388888888888914
2026-10-07T11:28:19Z,iowait,0.13577777777777805
2026-10-07T11:28:34Z,iowait,0.12977777777777846
2026-10-07T11:28:49Z,iowait,0.1353333333333315
2026-10-07T11:29:04Z,iowait,0.13777777777777625
2026-10-07T11:29:19Z,iowait,0.1368888888888869
2026-10-07T11:29:34Z,iowait,0.13133333333333136
2026-10-07T11:29:49Z,iowait,0.13288888888889053
2026-10-07T11:30:04Z,iowait,0.13022222222222504
2026-10-07T11:30:19Z,iowait,0.1308888888888911
2026-10-07T11:30:34Z,iowait,0.12822222222221802
2026-10-07T11:30:49Z,iowait,0.13288888888888423
2026-10-07T11:31:04Z,iowait,0.1377777777777813
2026-10-07T11:31:19Z,iowait,0.13533333333333655
2026-10-07T11:31:34Z,iowait,0.1424444444444488
2026-10-07T11:31:49Z,iowait,0.16933333333332962
2026-10-07T11:32:04Z,iowait,0.20622222222222034
2026-10-07T11:32:19Z,iowait,0.23199999999999993
2026-10-07T11:32:34Z,iowait,0.23911111111111089
2026-10-07T11:32:49Z,iowait,0.235111111111112
2026-10-07T11:33:04Z,iowait,0.23755555555555546
2026-10-07T11:33:19Z,iowait,0.24244444444444246
2026-10-07T11:33:34Z,iowait,0.24688888888889168
2026-10-07T11:33:49Z,iowait,0.25222222222222146
2026-10-07T11:34:04Z,iowait,0.24888888888889113
2026-10-07T11:34:19Z,iowait,0.25955555555555315
2026-10-07T11:34:34Z,iowait,0.25355555555555737
2026-10-07T11:34:49Z,iowait,0.25488888888888567
2026-10-07T11:35:04Z,iowait,0.2393333333333329
2026-10-07T11:35:19Z,iowait,0.24866666666666787
2026-10-07T11:35:34Z,iowait,0.24955555555556097
2026-10-07T11:35:49Z,iowait,0.2622222222222275
2026-10-07T11:36:04Z,iowait,0.25844444444443926
2026-10-07T11:36:19Z,iowait,0.2588888888888833
2026-10-07T11:36:34Z,iowait,0.26177777777777334
2026-10-07T11:36:49Z,iowait,0.2691111111111152
2026-10-07T11:37:04Z,iowait,0.25733333333333674
2026-10-07T11:37:19Z,iowait,0.22999999999999668
2026-10-07T11:37:34Z,iowait,0.195111111111113
2026-10-07T11:37:49Z,iowait,0.21155555555555514
2026-10-07T11:38:04Z,iowait,0.18466666666666923
2026-10-07T11:38:19Z,iowait,0.1604444444444425
2026-10-07T11:38:34Z,iowait,0.11955555555555544
2026-10-07T11:38:49Z,iowait,0.1546666666666662
2026-10-07T11:39:04Z,iowait,0.21244444444444321
2026-10-07T11:39:19Z,iowait,0.2408888888888883
2026-10-07T11:39:34Z,iowait,0.2333333333333333
2026-10-07T11:39:49Z,iowait,0.21844444444444533
2026-10-07T11:40:04Z,iowait,0.22022222222221896
2026-10-07T11:40:19Z,iowait,0.22422222222222163
2026-10-07T11:40:34Z,iowait,0.21333333333333254
2026-10-07T11:40:49Z,iowait,0.21311111111111683
2026-10-07T11:41:04Z,iowait,0.23222222222222447
2026-10-07T11:41:19Z,iowait,0.2639999999999986
2026-10-07T11:41:34Z,iowait,0.27777777777777773
2026-10-07T11:41:49Z,iowait,0.2906666666666675
2026-10-07T11:42:04Z,iowait,0.2799999999999979
2026-10-07T11:42:19Z,iowait,0.29688888888888915
2026-10-07T11:42:34Z,iowait,0.27844444444444383
2026-10-07T11:42:49Z,iowait,0.3122222222222212
2026-10-07T11:43:04Z,iowait,0.2919999999999946
2026-10-07T11:43:19Z,iowait,0.3182222222222233
2026-10-07T11:43:34Z,iowait,0.29600000000000615
2026-10-07T11:43:49Z,iowait,0.3268888888888897
2026-10-07T11:44:04Z,iowait,0.3195555555555554
2026-10-07T11:44:19Z,iowait,0.3339999999999943
2026-10-07T11:44:34Z,iowait,0.3100000000000035
2026-10-07T11:44:49Z,iowait,0.310888888888884
2026-10-07T11:45:04Z,iowait,0.310222222222223
2026-10-07T11:45:19Z,iowait,0.3393333333333329
2026-10-07T11:45:34Z,iowait,0.36777777777777926
2026-10-07T11:45:49Z,iowait,0.3610950624416693
2026-10-07T11:46:04Z,iowait,0.3493333333333339
2026-10-07T11:46:19Z,iowait,0.3531111111111158
2026-10-07T11:46:34Z,iowait,0.3662384994888716
2026-10-07T11:46:49Z,iowait,0.36952270909252255
2026-10-07T11:47:04Z,iowait,0.31311111111110673
2026-10-07T11:47:19Z,iowait,0.3119999999999941
2026-10-07T11:47:34Z,iowait,0.3051382345097346
2026-10-07T11:47:49Z,iowait,0.3282222222222218
2026-10-07T11:48:04Z,iowait,0.3115555555555551
2026-10-07T11:48:19Z,iowait,0.31555555555555653
2026-10-07T11:48:34Z,iowait,0.3177777777777767
2026-10-07T11:48:49Z,iowait,0.30333333333333534
2026-10-07T11:49:04Z,iowait,0.2915555555555556
2026-10-07T11:49:19Z,iowait,0.30843073641172
2026-10-07T11:49:34Z,iowait,0.33377777777777734
2026-10-07T11:49:49Z,iowait,0.3415555555555581
2026-10-07T11:50:04Z,iowait,0.32333333333332975
2026-10-07T11:50:19Z,iowait,0.31177777777777965
2026-10-07T11:50:34Z,iowait,0.29155555555555057
2026-10-07T11:50:49Z,iowait,0.28245699808880476
2026-10-07T11:51:04Z,iowait,0.26888888888888685
2026-10-07T11:51:19Z,iowait,0.2673333333333352
2026-10-07T11:51:34Z,iowait,0.2633333333333313
2026-10-07T11:51:49Z,iowait,0.27200000000000524
2026-10-07T11:52:04Z,iowait,0.2731111111111128
2026-10-07T11:52:19Z,iowait,0.2684444444444478
2026-10-07T11:52:34Z,iowait,0.2648888888888854
2026-10-07T11:52:49Z,iowait,0.26511111111110747
2026-10-07T11:53:04Z,iowait,0.27332118572507785
2026-10-07T11:53:19Z,iowait,0.2946666666666664
2026-10-07T11:53:34Z,iowait,0.28888888888889136
2026-10-07T11:53:49Z,iowait,0.298679941330727
2026-10-07T11:54:04Z,iowait,0.28355555555555534
2026-10-07T11:54:19Z,iowait,0.290444444444443
2026-10-07T11:54:34Z,iowait,0.27755555555555067
2026-10-07T11:54:49Z,iowait,0.2704444444444435
2026-10-07T11:55:04Z,iowait,0.26377777777777783
2026-10-07T11:55:19Z,iowait,0.27466666666666695
2026-10-07T11:55:34Z,iowait,0.28177777777777663
2026-10-07T11:55:49Z,iowait,0.3024444444444422
2026-10-07T11:56:04Z,iowait,0.3102222222222255
2026-10-07T11:56:19Z,iowait,0.31777777777778177
2026-10-07T11:56:34Z,iowait,0.32155555555556115
2026-10-07T11:56:49Z,iowait,0.3171111111111107
2026-10-07T11:19:19Z,irq,0
2026-10-07T11:19:34Z,irq,0
2026-10-07T11:19:49Z,irq,0
2026-10-07T11:20:04Z,irq,0
2026-10-07T11:20:19Z,irq,0
2026-10-07T11:20:34Z,irq,0
2026-10-07T11:20:49Z,irq,0
2026-10-07T11:21:04Z,irq,0
2026-10-07T11:21:19Z,irq,0
2026-10-07T11:21:34Z,irq,0
2026-10-07T11:21:49Z,irq,0
2026-10-07T11:22:04Z,irq,0
2026-10-07T11:22:19Z,irq,0
2026-10-07T11:22:34Z,irq,0
2026-10-07T11:22:49Z,irq,0
2026-10-07T11:23:04Z,irq,0
2026-10-07T11:23:19Z,irq,0
2026-10-07T11:23:34Z,irq,0
2026-10-07T11:23:49Z,irq,0
2026-10-07T11:24:04Z,irq,0
2026-10-07T11:24:19Z,irq,0
2026-10-07T11:24:34Z,irq,0
2026-10-07T11:24:49Z,irq,0
2026-10-07T11:25:04Z,irq,0
2026-10-07T11:25:19Z,irq,0
2026-10-07T11:25:34Z,irq,0
2026-10-07T11:25:49Z,irq,0
2026-10-07T11:26:04Z,irq,0
2026-10-07T11:26:19Z,irq,0
2026-10-07T11:26:34Z,irq,0
2026-10-07T11:26:49Z,irq,0
2026-10-07T11:27:04Z,irq,0
2026-10-07T11:27:19Z,irq,0
2026-10-07T11:27:34Z,irq,0
2026-10-07T11:27:49Z,irq,0
2026-10-07T11:28:04Z,irq,0
2026-10-07T11:28:19Z,irq,0
2026-10-07T11:28:34Z,irq,0
2026-10-07T11:28:49Z,irq,0
2026-10-07T11:29:04Z,irq,0
2026-10-07T11:29:19Z,irq,0
2026-10-07T11:29:34Z,irq,0
2026-10-07T11:29:49Z,irq,0
2026-10-07T11:30:04Z,irq,0
2026-10-07T11:30:19Z,irq,0
2026-10-07T11:30:34Z,irq,0
2026-10-07T11:30:49Z,irq,0
2026-10-07T11:31:04Z,irq,0
2026-10-07T11:31:19Z,irq,0
2026-10-07T11:31:34Z,irq,0
2026-10-07T11:31:49Z,irq,0
2026-10-07T11:32:04Z,irq,0
2026-10-07T11:32:19Z,irq,0
2026-10-07T11:32:34Z,irq,0
2026-10-07T11:32:49Z,irq,0
2026-10-07T11:33:04Z,irq,0
2026-10-07T11:33:19Z,irq,0
2026-10-07T11:33:34Z,irq,0
2026-10-07T11:33:49Z,irq,0
2026-10-07T11:34:04Z,irq,0
2026-10-07T11:34:19Z,irq,0
2026-10-07T11:34:34Z,irq,0
2026-10-07T11:34:49Z,irq,0
2026-10-07T11:35:04Z,irq,0
2026-10-07T11:35:19Z,irq,0
2026-10-07T11:35:34Z,irq,0
2026-10-07T11:35:49Z,irq,0
2026-10-07T11:36:04Z,irq,0
2026-10-07T11:36:19Z,irq,0
2026-10-07T11:36:34Z,irq,0
2026-10-07T11:36:49Z,irq,0
2026-10-07T11:37:04Z,irq,0
2026-10-07T11:37:19Z,irq,0
2026-10-07T11:37:34Z,irq,0
2026-10-07T11:37:49Z,irq,0
2026-10-07T11:38:04Z,irq,0
2026-10-07T11:38:19Z,irq,0
2026-10-07T11:38:34Z,irq,0
2026-10-07T11:38:49Z,irq,0
2026-10-07T11:39:04Z,irq,0
2026-10-07T11:39:19Z,irq,0
2026-10-07T11:39:34Z,irq,0
2026-10-07T11:39:49Z,irq,0
2026-10-07T11:40:04Z,irq,0
2026-10-07T11:40:19Z,irq,0
2026-10-07T11:40:34Z,irq,0
2026-10-07T11:40:49Z,irq,0
2026-10-07T11:41:04Z,irq,0
2026-10-07T11:41:19Z,irq,0
2026-10-07T11:41:34Z,irq,0
2026-10-07T11:41:49Z,irq,0
2026-10-07T11:42:04Z,irq,0
2026-10-07T11:42:19Z,irq,0
2026-10-07T11:42:34Z,irq,0
2026-10-07T11:42:49Z,irq,0
2026-10-07T11:43:04Z,irq,0
2026-10-07T11:43:19Z,irq,0
2026-10-07T11:43:34Z,irq,0
2026-10-07T11:43:49Z,irq,0
2026-10-07T11:44:04Z,irq,0
2026-10-07T11:44:19Z,irq,0
2026-10-07T11:44:34Z,irq,0
2026-10-07T11:44:49Z,irq,0
2026-10-07T11:45:04Z,irq,0
2026-10-07T11:45:19Z,irq,0
2026-10-07T11:45:34Z,irq,0
2026-10-07T11:45:49Z,irq,0
2026-10-07T11:46:04Z,irq,0
2026-10-07T11:46:19Z,irq,0
2026-10-07T11:46:34Z,irq,0
2026-10-07T11:46:49Z,irq,0
2026-10-07T11:47:04Z,irq,0
2026-10-07T11:47:19Z,irq,0
2026-10-07T11:47:34Z,irq,0
2026-10-07T11:47:49Z,irq,0
2026-10-07T11:48:04Z,irq,0
2026-10-07T11:48:19Z,irq,0
2026-10-07T11:48:34Z,irq,0
2026-10-07T11:48:49Z,irq,0
2026-10-07T11:49:04Z,irq,0
2026-10-07T11:49:19Z,irq,0
2026-10-07T11:49:34Z,irq,0
2026-10-07T11:49:49Z,irq,0
2026-10-07T11:50:04Z,irq,0
2026-10-07T11:50:19Z,irq,0
2026-10-07T11:50:34Z,irq,0
2026-10-07T11:50:49Z,irq,0
2026-10-07T11:51:04Z,irq,0
2026-10-07T11:51:19Z,irq,0
2026-10-07T11:51:34Z,irq,0
2026-10-07T11:51:49Z,irq,0
2026-10-07T11:52:04Z,irq,0
2026-10-07T11:52:19Z,irq,0
2026-10-07T11:52:34Z,irq,0
2026-10-07T11:52:49Z,irq,0
2026-10-07T11:53:04Z,irq,0
2026-10-07T11:53:19Z,irq,0
2026-10-07T11:53:34Z,irq,0
2026-10-07T11:53:49Z,irq,0
2026-10-07T11:54:04Z,irq,0
2026-10-07T11:54:19Z,irq,0
2026-10-07T11:54:34Z,irq,0
2026-10-07T11:54:49Z,irq,0
2026-10-07T11:55:04Z,irq,0
2026-10-07T11:55:19Z,irq,0
2026-10-07T11:55:34Z,irq,0
2026-10-07T11:55:49Z,irq,0
2026-10-07T11:56:04Z,irq,0
2026-10-07T11:56:19Z,irq,0
2026-10-07T11:56:34Z,irq,0
2026-10-07T11:56:49Z,irq,0
2026-10-07T11:19:19Z,nice,0
2026-10-07T11:19:34Z,nice,0
2026-10-07T11:19:49Z,nice,0
2026-10-07T11:20:04Z,nice,0
2026-10-07T11:20:19Z,nice,0
2026-10-07T11:20:34Z,nice,0
2026-10-07T11:20:49Z,nice,0
2026-10-07T11:21:04Z,nice,0
2026-10-07T11:21:19Z,nice,0
2026-10-07T11:21:34Z,nice,0
2026-10-07T11:21:49Z,nice,0
2026-10-07T11:22:04Z,nice,0
2026-10-07T11:22:19Z,nice,0
2026-10-07T11:22:34Z,nice,0
2026-10-07T11:22:49Z,nice,0
2026-10-07T11:23:04Z,nice,0
2026-10-07T11:23:19Z,nice,0
2026-10-07T11:23:34Z,nice,0
2026-10-07T11:23:49Z,nice,0
2026-10-07T11:24:04Z,nice,0
2026-10-07T11:24:19Z,nice,0
2026-10-07T11:24:34Z,nice,0
2026-10-07T11:24:49Z,nice,0
2026-10-07T11:25:04Z,nice,0
2026-10-07T11:25:19Z,nice,0
2026-10-07T11:25:34Z,nice,0
2026-10-07T11:25:49Z,nice,0
2026-10-07T11:26:04Z,nice,0
2026-10-07T11:26:19Z,nice,0
2026-10-07T11:26:34Z,nice,0
2026-10-07T11:26:49Z,nice,0
2026-10-07T11:27:04Z,nice,0
2026-10-07T11:27:19Z,nice,0
2026-10-07T11:27:34Z,nice,0
2026-10-07T11:27:49Z,nice,0
2026-10-07T11:28:04Z,nice,0
2026-10-07T11:28:19Z,nice,0
2026-10-07T11:28:34Z,nice,0
2026-10-07T11:28:49Z,nice,0
2026-10-07T11:29:04Z,nice,0
2026-10-07T11:29:19Z,nice,0
2026-10-07T11:29:34Z,nice,0
2026-10-07T11:29:49Z,nice,0
2026-10-07T11:30:04Z,nice,0
2026-10-07T11:30:19Z,nice,0
2026-10-07T11:30:34Z,nice,0
2026-10-07T11:30:49Z,nice,0
2026-10-07T11:31:04Z,nice,0
2026-10-07T11:31:19Z,nice,0
2026-10-07T11:31:34Z,nice,0
2026-10-07T11:31:49Z,nice,0
2026-10-07T11:32:04Z,nice,0
2026-10-07T11:32:19Z,nice,0
2026-10-07T11:32:34Z,nice,0
2026-10-07T11:32:49Z,nice,0
2026-10-07T11:33:04Z,nice,0
2026-10-07T11:33:19Z,nice,0
2026-10-07T11:33:34Z,nice,0
2026-10-07T11:33:49Z,nice,0
2026-10-07T11:34:04Z,nice,0
2026-10-07T11:34:19Z,nice,0
2026-10-07T11:34:34Z,nice,0
2026-10-07T11:34:49Z,nice,0
2026-10-07T11:35:04Z,nice,0
2026-10-07T11:35:19Z,nice,0
2026-10-07T11:35:34Z,nice,0
2026-10-07T11:35:49Z,nice,0
2026-10-07T11:36:04Z,nice,0
2026-10-07T11:36:19Z,nice,0
2026-10-07T11:36:34Z,nice,0
2026-10-07T11:36:49Z,nice,0
2026-10-07T11:37:04Z,nice,0
2026-10-07T11:37:19Z,nice,0
2026-10-07T11:37:34Z,nice,0
2026-10-07T11:37:49Z,nice,0
2026-10-07T11:38:04Z,nice,0
2026-10-07T11:38:19Z,nice,0
2026-10-07T11:38:34Z,nice,0
2026-10-07T11:38:49Z,nice,0
2026-10-07T11:39:04Z,nice,0
2026-10-07T11:39:19Z,nice,0
2026-10-07T11:39:34Z,nice,0
2026-10-07T11:39:49Z,nice,0
2026-10-07T11:40:04Z,nice,0
2026-10-07T11:40:19Z,nice,0
2026-10-07T11:40:34Z,nice,0
2026-10-07T11:40:49Z,nice,0
2026-10-07T11:41:04Z,nice,0
2026-10-07T11:41:19Z,nice,0
2026-10-07T11:41:34Z,nice,0
2026-10-07T11:41:49Z,nice,0
2026-10-07T11:42:04Z,nice,0
2026-10-07T11:42:19Z,nice,0
2026-10-07T11:42:34Z,nice,0
2026-10-07T11:42:49Z,nice,0
2026-10-07T11:43:04Z,nice,0
2026-10-07T11:43:19Z,nice,0
2026-10-07T11:43:34Z,nice,0
2026-10-07T11:43:49Z,nice,0
2026-10-07T11:44:04Z,nice,0
2026-10-07T11:44:19Z,nice,0
2026-10-07T11:44:34Z,nice,0
2026-10-07T11:44:49Z,nice,0
2026-10-07T11:45:04Z,nice,0
2026-10-07T11:45:19Z,nice,0
2026-10-07T11:45:34Z,nice,0
2026-10-07T11:45:49Z,nice,0
2026-10-07T11:46:04Z,nice,0
2026-10-07T11:46:19Z,nice,0
2026-10-07T11:46:34Z,nice,0
2026-10-07T11:46:49Z,nice,0
2026-10-07T11:47:04Z,nice,0
2026-10-07T11:47:19Z,nice,0
2026-10-07T11:47:34Z,nice,0
2026-10-07T11:47:49Z,nice,0
2026-10-07T11:48:04Z,nice,0
2026-10-07T11:48:19Z,nice,0
2026-10-07T11:48:34Z,nice,0
2026-10-07T11:48:49Z,nice,0
2026-10-07T11:49:04Z,nice,0
2026-10-07T11:49:19Z,nice,0
2026-10-07T11:49:34Z,nice,0
2026-10-07T11:49:49Z,nice,0
2026-10-07T11:50:04Z,nice,0
2026-10-07T11:50:19Z,nice,0
2026-10-07T11:50:34Z,nice,0
2026-10-07T11:50:49Z,nice,0
2026-10-07T11:51:04Z,nice,0
2026-10-07T11:51:19Z,nice,0
2026-10-07T11:51:34Z,nice,0
2026-10-07T11:51:49Z,nice,0
2026-10-07T11:52:04Z,nice,0
2026-10-07T11:52:19Z,nice,0
2026-10-07T11:52:34Z,nice,0
2026-10-07T11:52:49Z,nice,0
2026-10-07T11:53:04Z,nice,0
2026-10-07T11:53:19Z,nice,0
2026-10-07T11:53:34Z,nice,0
2026-10-07T11:53:49Z,nice,0
2026-10-07T11:54:04Z,nice,0
2026-10-07T11:54:19Z,nice,0
2026-10-07T11:54:34Z,nice,0
2026-10-07T11:54:49Z,nice,0
2026-10-07T11:55:04Z,nice,0
2026-10-07T11:55:19Z,nice,0
2026-10-07T11:55:34Z,nice,0
2026-10-07T11:55:49Z,nice,0
2026-10-07T11:56:04Z,nice,0
2026-10-07T11:56:19Z,nice,0
2026-10-07T11:56:34Z,nice,0
2026-10-07T11:56:49Z,nice,0
2026-10-07T11:19:19Z,softirq,0.0786666666666747
2026-10-07T11:19:34Z,softirq,0.07844444444444383
2026-10-07T11:19:49Z,softirq,0.07933333333333065
2026-10-07T11:20:04Z,softirq,0.07911111111110988
2026-10-07T11:20:19Z,softirq,0.07599999999999782
2026-10-07T11:20:34Z,softirq,0.07155555555555741
2026-10-07T11:20:49Z,softirq,0.06955555555555923
2026-10-07T11:21:04Z,softirq,0.06866666666666862
2026-10-07T11:21:19Z,softirq,0.06622222222222515
2026-10-07T11:21:34Z,softirq,0.06666666666666288
2026-10-07T11:21:49Z,softirq,0.07133333333333666
2026-10-07T11:22:04Z,softirq,0.08311111111110499
2026-10-07T11:22:19Z,softirq,0.09111111111110907
2026-10-07T11:22:34Z,softirq,0.09133333333333363
2026-10-07T11:22:49Z,softirq,0.08866666666666938
2026-10-07T11:23:04Z,softirq,0.08288888888888803
2026-10-07T11:23:19Z,softirq,0.08399999999999812
2026-10-07T11:23:34Z,softirq,0.08133333333333136
2026-10-07T11:23:49Z,softirq,0.082666666666666
2026-10-07T11:24:04Z,softirq,0.08244444444445029
2026-10-07T11:24:19Z,softirq,0.08133333333334146
2026-10-07T11:24:34Z,softirq,0.082000000000005
2026-10-07T11:24:49Z,softirq,0.08155555555555463
2026-10-07T11:25:04Z,softirq,0.08355555555555155
2026-10-07T11:25:19Z,softirq,0.08266666666665716
2026-10-07T11:25:34Z,softirq,0.08222222222221438
2026-10-07T11:25:49Z,softirq,0.08244444444444902
2026-10-07T11:26:04Z,softirq,0.08377777777778495
2026-10-07T11:26:19Z,softirq,0.0840000000000019
2026-10-07T11:26:34Z,softirq,0.08444444444443837
2026-10-07T11:26:49Z,softirq,0.08888888888889014
2026-10-07T11:27:04Z,softirq,0.09244444444444752
2026-10-07T11:27:19Z,softirq,0.09666666666667222
2026-10-07T11:27:34Z,softirq,0.09488888888887963
2026-10-07T11:27:49Z,softirq,0.0939999999999966
2026-10-07T11:28:04Z,softirq,0.0904444444444405
2026-10-07T11:28:19Z,softirq,0.08888888888889393
2026-10-07T11:28:34Z,softirq,0.09022222222222984
2026-10-07T11:28:49Z,softirq,0.0926666666666708
2026-10-07T11:29:04Z,softirq,0.09377777777778216
2026-10-07T11:29:19Z,softirq,0.09244444444443867
2026-10-07T11:29:34Z,softirq,0.09111111111111034
2026-10-07T11:29:49Z,softirq,0.09555555555555958
2026-10-07T11:30:04Z,softirq,0.09577777777777402
2026-10-07T11:30:19Z,softirq,0.09555555555555453
2026-10-07T11:30:34Z,softirq,0.09155555555555311
2026-10-07T11:30:49Z,softirq,0.09155555555555564
2026-10-07T11:31:04Z,softirq,0.09199999999999336
2026-10-07T11:31:19Z,softirq,0.09244444444443742
2026-10-07T11:31:34Z,softirq,0.09244444444444752
2026-10-07T11:31:49Z,softirq,0.10066666666667237
2026-10-07T11:32:04Z,softirq,0.11577777777777984
2026-10-07T11:32:19Z,softirq,0.1284444444444476
2026-10-07T11:32:34Z,softirq,0.13933333333332787
2026-10-07T11:32:49Z,softirq,0.14022222222222858
2026-10-07T11:33:04Z,softirq,0.14688888888888918
2026-10-07T11:33:19Z,softirq,0.14333333333334064
2026-10-07T11:33:34Z,softirq,0.14177777777777892
2026-10-07T11:33:49Z,softirq,0.14044444444444681
2026-10-07T11:34:04Z,softirq,0.1435555555555576
2026-10-07T11:34:19Z,softirq,0.1437777777777746
2026-10-07T11:34:34Z,softirq,0.1411111111111015
2026-10-07T11:34:49Z,softirq,0.13911111111110458
2026-10-07T11:35:04Z,softirq,0.1384444444444347
2026-10-07T11:35:19Z,softirq,0.14066666666667135
2026-10-07T11:35:34Z,softirq,0.1428888888888928
2026-10-07T11:35:49Z,softirq,0.1411111111111179
2026-10-07T11:36:04Z,softirq,0.1384444444444398
2026-10-07T11:36:19Z,softirq,0.13333333333332953
2026-10-07T11:36:34Z,softirq,0.13844444444444484
2026-10-07T11:36:49Z,softirq,0.14111111111111285
2026-10-07T11:37:04Z,softirq,0.15022222222222578
2026-10-07T11:37:19Z,softirq,0.1513333333333321
2026-10-07T11:37:34Z,softirq,0.15644444444444108
2026-10-07T11:37:49Z,softirq,0.16599999999999426
2026-10-07T11:38:04Z,softirq,0.16577777777777478
2026-10-07T11:38:19Z,softirq,0.15888888888890226
2026-10-07T11:38:34Z,softirq,0.14022222222222983
2026-10-07T11:38:49Z,softirq,0.14377777777777456
2026-10-07T11:39:04Z,softirq,0.15355555555555356
2026-10-07T11:39:19Z,softirq,0.16599999999999174
2026-10-07T11:39:34Z,softirq,0.16355555555556214
2026-10-07T11:39:49Z,softirq,0.16222222222221488
2026-10-07T11:40:04Z,softirq,0.15600000000000716
2026-10-07T11:40:19Z,softirq,0.15888888888888206
2026-10-07T11:40:34Z,softirq,0.15488888888889704
2026-10-07T11:40:49Z,softirq,0.1604444444444463
2026-10-07T11:41:04Z,softirq,0.1628888888888923
2026-10-07T11:41:19Z,softirq,0.17399999999998952
2026-10-07T11:41:34Z,softirq,0.17466666666666947
2026-10-07T11:41:49Z,softirq,0.18244444444444777
2026-10-07T11:42:04Z,softirq,0.1804444444444458
2026-10-07T11:42:19Z,softirq,0.19088888888887948
2026-10-07T11:42:34Z,softirq,0.1893333333333329
2026-10-07T11:42:49Z,softirq,0.19266666666666826
2026-10-07T11:43:04Z,softirq,0.18688888888889194
2026-10-07T11:43:19Z,softirq,0.1917777777777789
2026-10-07T11:43:34Z,softirq,0.19533333333333883
2026-10-07T11:43:49Z,softirq,0.20400000000000265
2026-10-07T11:44:04Z,softirq,0.20355555555555482
2026-10-07T11:44:19Z,softirq,0.20444444444444165
2026-10-07T11:44:34Z,softirq,0.20199999999999185
2026-10-07T11:44:49Z,softirq,0.20022222222222705
2026-10-07T11:45:04Z,softirq,0.2039999999999976
2026-10-07T11:45:19Z,softirq,0.20777777777778078
2026-10-07T11:45:34Z,softirq,0.21599999999999175
2026-10-07T11:45:49Z,softirq,0.21421270165771136
2026-10-07T11:46:04Z,softirq,0.22311111111110776
2026-10-07T11:46:19Z,softirq,0.22022222222222781
2026-10-07T11:46:34Z,softirq,0.22667674118848438
2026-10-07T11:46:49Z,softirq,0.2239800906586116
2026-10-07T11:47:04Z,softirq,0.23377777777778114
2026-10-07T11:47:19Z,softirq,0.23377777777779
2026-10-07T11:47:34Z,softirq,0.2324651080095966
2026-10-07T11:47:49Z,softirq,0.2235555555555442
2026-10-07T11:48:04Z,softirq,0.22244444444444042
2026-10-07T11:48:19Z,softirq,0.22355555555555812
2026-10-07T11:48:34Z,softirq,0.222444444444448
2026-10-07T11:48:49Z,softirq,0.22577777777777452
2026-10-07T11:49:04Z,softirq,0.21844444444444658
2026-10-07T11:49:19Z,softirq,0.2208790720412375
2026-10-07T11:49:34Z,softirq,0.21422222222221937
2026-10-07T11:49:49Z,softirq,0.21422222222222062
2026-10-07T11:50:04Z,softirq,0.2117777777777822
2026-10-07T11:50:19Z,softirq,0.20488888888890083
2026-10-07T11:50:34Z,softirq,0.20088888888889184
2026-10-07T11:50:49Z,softirq,0.1964531756967034
2026-10-07T11:51:04Z,softirq,0.19599999999998846
2026-10-07T11:51:19Z,softirq,0.19799999999999549
2026-10-07T11:51:34Z,softirq,0.1997777777777704
2026-10-07T11:51:49Z,softirq,0.20400000000000643
2026-10-07T11:52:04Z,softirq,0.20266666666667432
2026-10-07T11:52:19Z,softirq,0.20355555555555735
2026-10-07T11:52:34Z,softirq,0.19822222222221877
2026-10-07T11:52:49Z,softirq,0.19577777777776897
2026-10-07T11:53:04Z,softirq,0.19265810408426579
2026-10-07T11:53:19Z,softirq,0.1993333333333377
2026-10-07T11:53:34Z,softirq,0.19444444444444442
2026-10-07T11:53:49Z,softirq,0.19200853371260662
2026-10-07T11:54:04Z,softirq,0.1886666666666618
2026-10-07T11:54:19Z,softirq,0.18866666666667065
2026-10-07T11:54:34Z,softirq,0.18511111111110948
2026-10-07T11:54:49Z,softirq,0.18266666666666978
2026-10-07T11:55:04Z,softirq,0.18488888888889377
2026-10-07T11:55:19Z,softirq,0.19200000000001105
2026-10-07T11:55:34Z,softirq,0.2013333333333346
2026-10-07T11:55:49Z,softirq,0.20155555555555413
2026-10-07T11:56:04Z,softirq,0.19644444444444134
2026-10-07T11:56:19Z,softirq,0.18088888888888352
2026-10-07T11:56:34Z,softirq,0.1742222222222267
2026-10-07T11:56:49Z,softirq,0.1697777777777724
2026-10-07T11:19:19Z,steal,0.06377777777777914
2026-10-07T11:19:34Z,steal,0.06977777777777873
2026-10-07T11:19:49Z,steal,0.06844444444444409
2026-10-07T11:20:04Z,steal,0.06311111111111055
2026-10-07T11:20:19Z,steal,0.054000000000000145
2026-10-07T11:20:34Z,steal,0.05111111111111262
2026-10-07T11:20:49Z,steal,0.048444444444443326
2026-10-07T11:21:04Z,steal,0.04733333333333449
2026-10-07T11:21:19Z,steal,0.04044444444444429
2026-10-07T11:21:34Z,steal,0.044222222222224945
2026-10-07T11:21:49Z,steal,0.0533333333333303
2026-10-07T11:22:04Z,steal,0.06599999999999934
2026-10-07T11:22:19Z,steal,0.0677777777777755
2026-10-07T11:22:34Z,steal,0.05688888888888893
2026-10-07T11:22:49Z,steal,0.04733333333333323
2026-10-07T11:23:04Z,steal,0.042222222222224236
2026-10-07T11:23:19Z,steal,0.04044444444444429
2026-10-07T11:23:34Z,steal,0.03777777777777752
2026-10-07T11:23:49Z,steal,0.0386666666666656
2026-10-07T11:24:04Z,steal,0.04022222222222227
2026-10-07T11:24:19Z,steal,0.04577777777777908
2026-10-07T11:24:34Z,steal,0.03977777777777823
2026-10-07T11:24:49Z,steal,0.03533333333333277
2026-10-07T11:25:04Z,steal,0.02888888888888661
2026-10-07T11:25:19Z,steal,0.03444444444444596
2026-10-07T11:25:34Z,steal,0.0337777777777799
2026-10-07T11:25:49Z,steal,0.03533333333333656
2026-10-07T11:26:04Z,steal,0.029333333333333177
2026-10-07T11:26:19Z,steal,0.03111111111110934
2026-10-07T11:26:34Z,steal,0.03555555555555353
2026-10-07T11:26:49Z,steal,0.04044444444444429
2026-10-07T11:27:04Z,steal,0.041777777777778934
2026-10-07T11:27:19Z,steal,0.0451111111111105
2026-10-07T11:27:34Z,steal,0.04355555555555257
2026-10-07T11:27:49Z,steal,0.048444444444443326
2026-10-07T11:28:04Z,steal,0.04155555555555565
2026-10-07T11:28:19Z,steal,0.043333333333334334
2026-10-07T11:28:34Z,steal,0.036444444444444134
2026-10-07T11:28:49Z,steal,0.03822222222222156
2026-10-07T11:29:04Z,steal,0.04222222222222297
2026-10-07T11:29:19Z,steal,0.04733333333333323
2026-10-07T11:29:34Z,steal,0.04888888888888737
2026-10-07T11:29:49Z,steal,0.04177777777777641
2026-10-07T11:30:04Z,steal,0.042000000000002216
2026-10-07T11:30:19Z,steal,0.03800000000000459
2026-10-07T11:30:34Z,steal,0.04044444444444555
2026-10-07T11:30:49Z,steal,0.03911111111110964
2026-10-07T11:31:04Z,steal,0.047555555555553984
2026-10-07T11:31:19Z,steal,0.04622222222222313
2026-10-07T11:31:34Z,steal,0.04933333333333394
2026-10-07T11:31:49Z,steal,0.04844444444444206
2026-10-07T11:32:04Z,steal,0.05888888888888837
2026-10-07T11:32:19Z,steal,0.06244444444444196
2026-10-07T11:32:34Z,steal,0.06755555555555727
2026-10-07T11:32:49Z,steal,0.06355555555555585
2026-10-07T11:33:04Z,steal,0.06555555555555909
2026-10-07T11:33:19Z,steal,0.06311111111111181
2026-10-07T11:33:34Z,steal,0.06577777777777731
2026-10-07T11:33:49Z,steal,0.06599999999999555
2026-10-07T11:34:04Z,steal,0.07111111111111211
2026-10-07T11:34:19Z,steal,0.07244444444444549
2026-10-07T11:34:34Z,steal,0.07600000000000287
2026-10-07T11:34:49Z,steal,0.06711111111110818
2026-10-07T11:35:04Z,steal,0.06644444444444338
2026-10-07T11:35:19Z,steal,0.0655555555555553
2026-10-07T11:35:34Z,steal,0.07777777777778029
2026-10-07T11:35:49Z,steal,0.07244444444444298
2026-10-07T11:36:04Z,steal,0.06777777777777802
2026-10-07T11:36:19Z,steal,0.05844444444444434
2026-10-07T11:36:34Z,steal,0.07244444444444423
2026-10-07T11:36:49Z,steal,0.0786666666666671
2026-10-07T11:37:04Z,steal,0.10066666666666604
2026-10-07T11:37:19Z,steal,0.10511111111111276
2026-10-07T11:37:34Z,steal,0.12533333333333174
2026-10-07T11:37:49Z,steal,0.12711111111111045
2026-10-07T11:38:04Z,steal,0.12577777777777704
2026-10-07T11:38:19Z,steal,0.11688888888888993
2026-10-07T11:38:34Z,steal,0.11288888888888726
2026-10-07T11:38:49Z,steal,0.11933333333333342
2026-10-07T11:39:04Z,steal,0.12711111111110918
2026-10-07T11:39:19Z,steal,0.12888888888889166
2026-10-07T11:39:34Z,steal,0.12600000000000033
2026-10-07T11:39:49Z,steal,0.11777777777778055
2026-10-07T11:40:04Z,steal,0.1126666666666665
2026-10-07T11:40:19Z,steal,0.11288888888888979
2026-10-07T11:40:34Z,steal,0.12133333333333034
2026-10-07T11:40:49Z,steal,0.13266666666666474
2026-10-07T11:41:04Z,steal,0.13533333333333275
2026-10-07T11:41:19Z,steal,0.13333333333333586
2026-10-07T11:41:34Z,steal,0.1282222222222218
2026-10-07T11:41:49Z,steal,0.13511111111111074
2026-10-07T11:42:04Z,steal,0.13733333333333347
2026-10-07T11:42:19Z,steal,0.14177777777777892
2026-10-07T11:42:34Z,steal,0.1457777777777778
2026-10-07T11:42:49Z,steal,0.1380000000000008
2026-10-07T11:43:04Z,steal,0.12955555555555517
2026-10-07T11:43:19Z,steal,0.11822222222222332
2026-10-07T11:43:34Z,steal,0.13177777777777538
2026-10-07T11:43:49Z,steal,0.13466666666666544
2026-10-07T11:44:04Z,steal,0.14022222222222225
2026-10-07T11:44:19Z,steal,0.13000000000000048
2026-10-07T11:44:34Z,steal,0.14044444444444426
2026-10-07T11:44:49Z,steal,0.13755555555555296
2026-10-07T11:45:04Z,steal,0.1460000000000011
2026-10-07T11:45:19Z,steal,0.13488888888888997
2026-10-07T11:45:34Z,steal,0.14533333333333504
2026-10-07T11:45:49Z,steal,0.14132705213101543
2026-10-07T11:46:04Z,steal,0.15199999999999944
2026-10-07T11:46:19Z,steal,0.14488888888888973
2026-10-07T11:46:34Z,steal,0.15489577314547373
2026-10-07T11:46:49Z,steal,0.14909785796818142
2026-10-07T11:47:04Z,steal,0.16777777777777675
2026-10-07T11:47:19Z,steal,0.16488888888889047
2026-10-07T11:47:34Z,steal,0.18312738910125365
2026-10-07T11:47:49Z,steal,0.17266666666666625
2026-10-07T11:48:04Z,steal,0.18222222222222068
2026-10-07T11:48:19Z,steal,0.1702222222222215
2026-10-07T11:48:34Z,steal,0.17777777777777776
2026-10-07T11:48:49Z,steal,0.17133333333333287
2026-10-07T11:49:04Z,steal,0.17511111111111224
2026-10-07T11:49:19Z,steal,0.15954846451268848
2026-10-07T11:49:34Z,steal,0.15444444444444416
2026-10-07T11:49:49Z,steal,0.13955555555555366
2026-10-07T11:50:04Z,steal,0.14088888888889084
2026-10-07T11:50:19Z,steal,0.1271111111111117
2026-10-07T11:50:34Z,steal,0.1295555555555577
2026-10-07T11:50:49Z,steal,0.12267211876083214
2026-10-07T11:51:04Z,steal,0.12755555555555448
2026-10-07T11:51:19Z,steal,0.11844444444444407
2026-10-07T11:51:34Z,steal,0.12511111111111226
2026-10-07T11:51:49Z,steal,0.12200000000000272
2026-10-07T11:52:04Z,steal,0.12444444444444366
2026-10-07T11:52:19Z,steal,0.11266666666666776
2026-10-07T11:52:34Z,steal,0.11444444444444266
2026-10-07T11:52:49Z,steal,0.11644444444444715
2026-10-07T11:53:04Z,steal,0.12554997555664016
2026-10-07T11:53:19Z,steal,0.13466666666666796
2026-10-07T11:53:34Z,steal,0.1322222222222207
2026-10-07T11:53:49Z,steal,0.12645006444730997
2026-10-07T11:54:04Z,steal,0.12244444444444676
2026-10-07T11:54:19Z,steal,0.11977777777777746
2026-10-07T11:54:34Z,steal,0.12155555555555489
2026-10-07T11:54:49Z,steal,0.11866666666666358
2026-10-07T11:55:04Z,steal,0.12311111111111028
2026-10-07T11:55:19Z,steal,0.11844444444444407
2026-10-07T11:55:34Z,steal,0.13022222222222124
2026-10-07T11:55:49Z,steal,0.13022222222222377
2026-10-07T11:56:04Z,steal,0.1313333333333326
2026-10-07T11:56:19Z,steal,0.11044444444444378
2026-10-07T11:56:34Z,steal,0.11022222222222175
2026-10-07T11:56:49Z,steal,0.10688888888888766
2026-10-07T11:19:19Z,system,0.2815555555555672
2026-10-07T11:19:34Z,system,0.28888888888889896
2026-10-07T11:19:49Z,system,0.28844444444444484
2026-10-07T11:20:04Z,system,0.2846666666666654
2026-10-07T11:20:19Z,system,0.27088888888886986
2026-10-07T11:20:34Z,system,0.25555555555557574
2026-10-07T11:20:49Z,system,0.24666666666666462
2026-10-07T11:21:04Z,system,0.2408888888888921
2026-10-07T11:21:19Z,system,0.23133333333331996
2026-10-07T11:21:34Z,system,0.261555555555545
2026-10-07T11:21:49Z,system,0.3137777777777854
2026-10-07T11:22:04Z,system,0.3484444444444408
2026-10-07T11:22:19Z,system,0.328888888888903
2026-10-07T11:22:34Z,system,0.28377777777776725
2026-10-07T11:22:49Z,system,0.2686666666666597
2026-10-07T11:23:04Z,system,0.2586666666666638
2026-10-07T11:23:19Z,system,0.2520000000000032
2026-10-07T11:23:34Z,system,0.24511111111111553
2026-10-07T11:23:49Z,system,0.24866666666664763
2026-10-07T11:24:04Z,system,0.2537777777777794
2026-10-07T11:24:19Z,system,0.25244444444443714
2026-10-07T11:24:34Z,system,0.24955555555556602
2026-10-07T11:24:49Z,system,0.24711111111109857
2026-10-07T11:25:04Z,system,0.24711111111112888
2026-10-07T11:25:19Z,system,0.24644444444444766
2026-10-07T11:25:34Z,system,0.24066666666667513
2026-10-07T11:25:49Z,system,0.24577777777776644
2026-10-07T11:26:04Z,system,0.24511111111111553
2026-10-07T11:26:19Z,system,0.24555555555555958
2026-10-07T11:26:34Z,system,0.23888888888888887
2026-10-07T11:26:49Z,system,0.2517777777777761
2026-10-07T11:27:04Z,system,0.2608888888888941
2026-10-07T11:27:19Z,system,0.2682222222222359
2026-10-07T11:27:34Z,system,0.2644444444444464
2026-10-07T11:27:49Z,system,0.2684444444444428
2026-10-07T11:28:04Z,system,0.26377777777777534
2026-10-07T11:28:19Z,system,0.2619999999999992
2026-10-07T11:28:34Z,system,0.25155555555555914
2026-10-07T11:28:49Z,system,0.2579999999999927
2026-10-07T11:29:04Z,system,0.2553333333333386
2026-10-07T11:29:19Z,system,0.26222222222222624
2026-10-07T11:29:34Z,system,0.2579999999999927
2026-10-07T11:29:49Z,system,0.2651111111110973
2026-10-07T11:30:04Z,system,0.26066666666665694
2026-10-07T11:30:19Z,system,0.260888888888884
2026-10-07T11:30:34Z,system,0.25244444444444725
2026-10-07T11:30:49Z,system,0.25600000000001977
2026-10-07T11:31:04Z,system,0.25177777777779636
2026-10-07T11:31:19Z,system,0.2513333333333321
2026-10-07T11:31:34Z,system,0.24799999999998662
2026-10-07T11:31:49Z,system,0.2624444444444331
2026-10-07T11:32:04Z,system,0.28488888888889247
2026-10-07T11:32:19Z,system,0.31066666666664683
2026-10-07T11:32:34Z,system,0.32311111111112034
2026-10-07T11:32:49Z,system,0.32333333333332726
2026-10-07T11:33:04Z,system,0.3257777777778048
2026-10-07T11:33:19Z,system,0.3235555555555543
2026-10-07T11:33:34Z,system,0.32177777777778827
2026-10-07T11:33:49Z,system,0.3164444444444193
2026-10-07T11:34:04Z,system,0.3226666666666662
2026-10-07T11:34:19Z,system,0.3257777777777644
2026-10-07T11:34:34Z,system,0.31822222222221574
2026-10-07T11:34:49Z,system,0.3055555555555555
2026-10-07T11:35:04Z,system,0.3066666666666707
2026-10-07T11:35:19Z,system,0.32333333333334746
2026-10-07T11:35:34Z,system,0.33155555555554705
2026-10-07T11:35:49Z,system,0.3213333333333341
2026-10-07T11:36:04Z,system,0.3104444444444501
2026-10-07T11:36:19Z,system,0.3026666666666844
2026-10-07T11:36:34Z,system,0.3160000000000157
2026-10-07T11:36:49Z,system,0.32244444444443915
2026-10-07T11:37:04Z,system,0.3606666666666468
2026-10-07T11:37:19Z,system,0.37533333333332036
2026-10-07T11:37:34Z,system,0.38888888888889894
2026-10-07T11:37:49Z,system,0.39044444444444804
2026-10-07T11:38:04Z,system,0.3862222222222246
2026-10-07T11:38:19Z,system,0.3880000000000008
2026-10-07T11:38:34Z,system,0.3793333333333369
2026-10-07T11:38:49Z,system,0.3886666666666618
2026-10-07T11:39:04Z,system,0.4059999999999793
2026-10-07T11:39:19Z,system,0.4153333333333345
2026-10-07T11:39:34Z,system,0.4117777777777923
2026-10-07T11:39:49Z,system,0.39800000000000685
2026-10-07T11:40:04Z,system,0.3828888888888892
2026-10-07T11:40:19Z,system,0.3859999999999874
2026-10-07T11:40:34Z,system,0.3828888888888892
2026-10-07T11:40:49Z,system,0.3942222222222173
2026-10-07T11:41:04Z,system,0.3922222222222141
2026-10-07T11:41:19Z,system,0.4122222222222262
2026-10-07T11:41:34Z,system,0.41266666666667023
2026-10-07T11:41:49Z,system,0.4311111111111131
2026-10-07T11:42:04Z,system,0.4224444444444391
2026-10-07T11:42:19Z,system,0.43733333333332963
2026-10-07T11:42:34Z,system,0.4362222222222347
2026-10-07T11:42:49Z,system,0.4384444444444448
2026-10-07T11:43:04Z,system,0.421555555555541
2026-10-07T11:43:19Z,system,0.42288888888887305
2026-10-07T11:43:34Z,system,0.4328888888888791
2026-10-07T11:43:49Z,system,0.44488888888890865
2026-10-07T11:44:04Z,system,0.44844444444445086
2026-10-07T11:44:19Z,system,0.4462222222222408
2026-10-07T11:44:34Z,system,0.4477777777777797
2026-10-07T11:44:49Z,system,0.4393333333333228
2026-10-07T11:45:04Z,system,0.44022222222221086
2026-10-07T11:45:19Z,system,0.43866666666667187
2026-10-07T11:45:34Z,system,0.4460000000000036
2026-10-07T11:45:49Z,system,0.44420247988979805
2026-10-07T11:46:04Z,system,0.4473333333333256
2026-10-07T11:46:19Z,system,0.449333333333349
2026-10-07T11:46:34Z,system,0.4566869638650546
2026-10-07T11:46:49Z,system,0.47062483334814326
2026-10-07T11:47:04Z,system,0.49844444444442054
2026-10-07T11:47:19Z,system,0.5111111111111111
2026-10-07T11:47:34Z,system,0.5184905324917755
2026-10-07T11:47:49Z,system,0.49933333333335916
2026-10-07T11:48:04Z,system,0.5055555555555656
2026-10-07T11:48:19Z,system,0.5068888888888977
2026-10-07T11:48:34Z,system,0.5066666666666504
2026-10-07T11:48:49Z,system,0.5068888888888775
2026-10-07T11:49:04Z,system,0.5124444444444533
2026-10-07T11:49:19Z,system,0.49397804542021406
2026-10-07T11:49:34Z,system,0.47266666666666624
2026-10-07T11:49:49Z,system,0.44444444444443426
2026-10-07T11:50:04Z,system,0.45466666666666744
2026-10-07T11:50:19Z,system,0.4420000000000072
2026-10-07T11:50:34Z,system,0.432222222222208
2026-10-07T11:50:49Z,system,0.41868527490109986
2026-10-07T11:51:04Z,system,0.4224444444444391
2026-10-07T11:51:19Z,system,0.4168888888889038
2026-10-07T11:51:34Z,system,0.4173333333333478
2026-10-07T11:51:49Z,system,0.41666666666667673
2026-10-07T11:52:04Z,system,0.4246666666666593
2026-10-07T11:52:19Z,system,0.42311111111109
2026-10-07T11:52:34Z,system,0.42222222222221206
2026-10-07T11:52:49Z,system,0.41244444444443307
2026-10-07T11:53:04Z,system,0.421092395893532
2026-10-07T11:53:19Z,system,0.44711111111111873
2026-10-07T11:53:34Z,system,0.4451111111111256
2026-10-07T11:53:49Z,system,0.44246410951596515
2026-10-07T11:54:04Z,system,0.41622222222222255
2026-10-07T11:54:19Z,system,0.4226666666666561
2026-10-07T11:54:34Z,system,0.418444444444463
2026-10-07T11:54:49Z,system,0.41555555555555146
2026-10-07T11:55:04Z,system,0.411555555555545
2026-10-07T11:55:19Z,system,0.4133333333333313
2026-10-07T11:55:34Z,system,0.4324444444444452
2026-10-07T11:55:49Z,system,0.4422222222222444
2026-10-07T11:56:04Z,system,0.4282222222222218
2026-10-07T11:56:19Z,system,0.40533333333331834
2026-10-07T11:56:34Z,system,0.3915555555555531
2026-10-07T11:56:49Z,system,0.3913333333333361
2026-10-07T11:19:19Z,user,1.443333333333309
2026-10-07T11:19:34Z,user,1.4588888888888807
2026-10-07T11:19:49Z,user,1.4375555555556072
2026-10-07T11:20:04Z,user,1.3837777777778075
2026-10-07T11:20:19Z,user,1.2280000000000046
2026-10-07T11:20:34Z,user,1.053111111111098
2026-10-07T11:20:49Z,user,0.9237777777777509
2026-10-07T11:21:04Z,user,0.8466666666666343
2026-10-07T11:21:19Z,user,0.6877777777777736
2026-10-07T11:21:34Z,user,0.6353333333333567
2026-10-07T11:21:49Z,user,0.7117777777777923
2026-10-07T11:22:04Z,user,1.0122222222221857
2026-10-07T11:22:19Z,user,1.1244444444444321
2026-10-07T11:22:34Z,user,1.0251111111111335
2026-10-07T11:22:49Z,user,0.851111111111115
2026-10-07T11:23:04Z,user,0.7417777777777801
2026-10-07T11:23:19Z,user,0.7071111111111046
2026-10-07T11:23:34Z,user,0.6448888888888783
2026-10-07T11:23:49Z,user,0.6540000000000064
2026-10-07T11:24:04Z,user,0.6848888888888823
2026-10-07T11:24:19Z,user,0.6766666666666827
2026-10-07T11:24:34Z,user,0.6242222222222051
2026-10-07T11:24:49Z,user,0.6066666666666505
2026-10-07T11:25:04Z,user,0.628000000000025
2026-10-07T11:25:19Z,user,0.6455555555555595
2026-10-07T11:25:34Z,user,0.6100000000000161
2026-10-07T11:25:49Z,user,0.609111111111128
2026-10-07T11:26:04Z,user,0.5866666666666787
2026-10-07T11:26:19Z,user,0.5935555555555765
2026-10-07T11:26:34Z,user,0.5988888888888444
2026-10-07T11:26:49Z,user,0.6557777777777826
2026-10-07T11:27:04Z,user,0.7011111111110949
2026-10-07T11:27:19Z,user,0.7122222222222262
2026-10-07T11:27:34Z,user,0.7088888888888807
2026-10-07T11:27:49Z,user,0.6986666666666779
2026-10-07T11:28:04Z,user,0.6913333333333462
2026-10-07T11:28:19Z,user,0.6666666666666666
2026-10-07T11:28:34Z,user,0.6568888888888977
2026-10-07T11:28:49Z,user,0.6628888888888872
2026-10-07T11:29:04Z,user,0.6435555555555765
2026-10-07T11:29:19Z,user,0.6739999999999781
2026-10-07T11:29:34Z,user,0.6531111111110981
2026-10-07T11:29:49Z,user,0.6931111111110617
2026-10-07T11:30:04Z,user,0.650666666666661
2026-10-07T11:30:19Z,user,0.6600000000000161
2026-10-07T11:30:34Z,user,0.6262222222222286
2026-10-07T11:30:49Z,user,0.6382222222222278
2026-10-07T11:31:04Z,user,0.611111111111111
2026-10-07T11:31:19Z,user,0.5922222222222545
2026-10-07T11:31:34Z,user,0.5733333333333374
2026-10-07T11:31:49Z,user,0.6420000000000274
2026-10-07T11:32:04Z,user,0.7644444444444363
2026-10-07T11:32:19Z,user,0.8955555555555392
2026-10-07T11:32:34Z,user,0.964444444444416
2026-10-07T11:32:49Z,user,0.9680000000000087
2026-10-07T11:33:04Z,user,0.9680000000000087
2026-10-07T11:33:19Z,user,0.9431111111111223
2026-10-07T11:33:34Z,user,0.9326666666666318
2026-10-07T11:33:49Z,user,0.9333333333333534
2026-10-07T11:34:04Z,user,0.9364444444444314
2026-10-07T11:34:19Z,user,0.9313333333333502
2026-10-07T11:34:34Z,user,0.8897777777777365
2026-10-07T11:34:49Z,user,0.8606666666666973
2026-10-07T11:35:04Z,user,0.8480000000000169
2026-10-07T11:35:19Z,user,0.9068888888889381
2026-10-07T11:35:34Z,user,0.9084444444444467
2026-10-07T11:35:49Z,user,0.872888888888863
2026-10-07T11:36:04Z,user,0.8222222222222019
2026-10-07T11:36:19Z,user,0.7899999999999837
2026-10-07T11:36:34Z,user,0.8222222222222423
2026-10-07T11:36:49Z,user,0.8271111111111167
2026-10-07T11:37:04Z,user,0.9644444444444362
2026-10-07T11:37:19Z,user,1.051555555555549
2026-10-07T11:37:34Z,user,1.1384444444444548
2026-10-07T11:37:49Z,user,1.1484444444444508
2026-10-07T11:38:04Z,user,1.1102222222222229
2026-10-07T11:38:19Z,user,1.0786666666666456
2026-10-07T11:38:34Z,user,1.052444444444437
2026-10-07T11:38:49Z,user,1.1760000000000015
2026-10-07T11:39:04Z,user,1.2711111111111069
2026-10-07T11:39:19Z,user,1.363555555555548
2026-10-07T11:39:34Z,user,1.3062222222221962
2026-10-07T11:39:49Z,user,1.2942222222222577
2026-10-07T11:40:04Z,user,1.222666666666656
2026-10-07T11:40:19Z,user,1.230666666666669
2026-10-07T11:40:34Z,user,1.18355555555552
2026-10-07T11:40:49Z,user,1.2791111111111197
2026-10-07T11:41:04Z,user,1.2602222222222026
2026-10-07T11:41:19Z,user,1.3262222222222082
2026-10-07T11:41:34Z,user,1.2173333333333276
2026-10-07T11:41:49Z,user,1.2766666666667028
2026-10-07T11:42:04Z,user,1.2655555555555917
2026-10-07T11:42:19Z,user,1.3531111111111385
2026-10-07T11:42:34Z,user,1.3924444444444208
2026-10-07T11:42:49Z,user,1.393555555555536
2026-10-07T11:43:04Z,user,1.3075555555555183
2026-10-07T11:43:19Z,user,1.2608888888889243
2026-10-07T11:43:34Z,user,1.2775555555555302
2026-10-07T11:43:49Z,user,1.3508888888889081
2026-10-07T11:44:04Z,user,1.383333333333333
2026-10-07T11:44:19Z,user,1.3660000000000256
2026-10-07T11:44:34Z,user,1.37311111111111
2026-10-07T11:44:49Z,user,1.3391111111110956
2026-10-07T11:45:04Z,user,1.2944444444444645
2026-10-07T11:45:19Z,user,1.2735555555555642
2026-10-07T11:45:34Z,user,1.2708888888889
2026-10-07T11:45:49Z,user,1.3237189458246437
2026-10-07T11:46:04Z,user,1.2917777777777397
2026-10-07T11:46:19Z,user,1.2924444444444207
2026-10-07T11:46:34Z,user,1.3040579581314384
2026-10-07T11:46:49Z,user,1.3807661541196614
2026-10-07T11:47:04Z,user,1.5011111111111353
2026-10-07T11:47:19Z,user,1.551111111111135
2026-10-07T11:47:34Z,user,1.5983642990488058
2026-10-07T11:47:49Z,user,1.565111111111077
2026-10-07T11:48:04Z,user,1.5446666666666107
2026-10-07T11:48:19Z,user,1.5051111111111215
2026-10-07T11:48:34Z,user,1.461555555555565
2026-10-07T11:48:49Z,user,1.4908888888889527
2026-10-07T11:49:04Z,user,1.475555555555527
2026-10-07T11:49:19Z,user,1.3837162792764863
2026-10-07T11:49:34Z,user,1.2539999999999862
2026-10-07T11:49:49Z,user,1.1766666666666827
2026-10-07T11:50:04Z,user,1.2237777777777914
2026-10-07T11:50:19Z,user,1.1937777777777834
2026-10-07T11:50:34Z,user,1.1648888888888904
2026-10-07T11:50:49Z,user,1.1076047824347781
2026-10-07T11:51:04Z,user,1.1206666666666325
2026-10-07T11:51:19Z,user,1.121999999999995
2026-10-07T11:51:34Z,user,1.1168888888888735
2026-10-07T11:51:49Z,user,1.1200000000000119
2026-10-07T11:52:04Z,user,1.1177777777777818
2026-10-07T11:52:19Z,user,1.120444444444446
2026-10-07T11:52:34Z,user,1.121111111111107
2026-10-07T11:52:49Z,user,1.120666666666673
2026-10-07T11:53:04Z,user,1.1550597751211162
2026-10-07T11:53:19Z,user,1.269333333333351
2026-10-07T11:53:34Z,user,1.2344444444444482
2026-10-07T11:53:49Z,user,1.2091648517711664
2026-10-07T11:54:04Z,user,1.0868888888888653
2026-10-07T11:54:19Z,user,1.0973333333333155
2026-10-07T11:54:34Z,user,1.0984444444444508
2026-10-07T11:54:49Z,user,1.1119999999999992
2026-10-07T11:55:04Z,user,1.1046666666666471
2026-10-07T11:55:19Z,user,1.101333333333322
2026-10-07T11:55:34Z,user,1.108000000000033
2026-10-07T11:55:49Z,user,1.1900000000000444
2026-10-07T11:56:04Z,user,1.2040000000000064
2026-10-07T11:56:19Z,user,1.2319999999999707
2026-10-07T11:56:34Z,user,1.2311111111111028
2026-10-07T11:56:49Z,user,1.2408888888889122
