id,type,state,state_count,counterparty_id,agreement_id,created_at,state_timestamp,updated_at,error_detail
07bcd3bb-2d55-4635-bc26-af8998e46399,CONSUMER,1200,1,did:web:ssi-dim-wallet-service.identity:BPNL00000003AYRE,e068b041-5010-491d-9c67-d4a5bb0144e8,1791329100060,1791329103519,1791329103519,
52c3d7f3-5054-4ac3-9e97-2b4459ab1a15,CONSUMER,1200,1,did:web:ssi-dim-wallet-service.identity:BPNL00000003AYRE,88d04116-94e9-416a-a2cb-1e00cd60be00,1791329114088,1791329115969,1791329115969,
f1996e51-c0d6-4d4f-baff-1ac797f7f987,CONSUMER,1200,1,did:web:ssi-dim-wallet-service.identity:BPNL00000003AYRE,8871d364-a84f-49cc-a55b-92850567d678,1791329918818,1791329921214,1791329921214,
1c2ae798-ab34-41da-b23f-13faaada31d5,CONSUMER,1200,1,did:web:ssi-dim-wallet-service.identity:BPNL00000003AYRE,27d7b401-5982-489d-8781-af8dcede9925,1791403440481,1791403484270,1791403484270,
6bfac1ce-6c18-42ad-b35b-7dbc29ed65ae,CONSUMER,1200,1,did:web:ssi-dim-wallet-service.identity:BPNL00000003AYRE,beb46f5e-c0c1-4f59-a058-cb51b571b9e6,1791403440677,1791403485668,1791403485668,
1bd34bdf-8408-4091-bbe8-60a63ef84684,CONSUMER,200,1,did:web:ssi-dim-wallet-service.identity:BPNL00000003AYRE,,1791403440970,1791403464667,1791403464667,
8e39d69e-95e1-46e6-95a7-91ee08cbaf4a,CONSUMER,1200,1,did:web:ssi-dim-wallet-service.identity:BPNL00000003AYRE,3f0f21ca-7ae9-4695-97dc-1d4ae2e1476e,1791403441270,1791403482174,1791403482174,
1d83a2b6-f46f-4bb2-acf3-074e525bbee6,CONSUMER,1400,1,did:web:ssi-dim-wallet-service.identity:BPNL00000003AYRE,,1791403441468,1791403472972,1791403472972,
905de7d3-a632-4a0c-b9c3-956feccc5aaa,CONSUMER,1200,1,did:web:ssi-dim-wallet-service.identity:BPNL00000003AYRE,de9f1699-c5fa-413d-96b7-2df0758921bb,1791403442068,1791403483267,1791403483267,
c1be9c1e-11a1-44ec-9477-7909c86ef527,CONSUMER,1400,1,did:web:ssi-dim-wallet-service.identity:BPNL00000003AYRE,c2350f1c-8ce9-4f4c-8262-7c8b9f74c96a,1791403442769,1791403487973,1791403487973,
98f07cfb-96c0-48c9-90a5-e83279be1fdf,CONSUMER,1200,1,did:web:ssi-dim-wallet-service.identity:BPNL00000003AYRE,b2b04542-84ad-4e60-b9a9-cd2e675e3b7c,1791403443470,1791403483070,1791403483070,
8d0277e5-2c8a-45e8-a11d-8c5aa0c248ee,CONSUMER,1200,1,did:web:ssi-dim-wallet-service.identity:BPNL00000003AYRE,1c58c5fc-213c-4956-93c2-9592275d45f8,1791403444068,1791403485670,1791403485670,
acb791a0-fe3b-4d2f-a821-00628058cb72,CONSUMER,1200,1,did:web:ssi-dim-wallet-service.identity:BPNL00000003AYRE,37fbf377-d6ba-4161-ac7d-cb952ba3ac13,1791403445772,1791403485866,1791403485866,
fa29cb2e-a59e-473c-a67f-36b9e45a7b3f,CONSUMER,1200,1,did:web:ssi-dim-wallet-service.identity:BPNL00000003AYRE,3bbfebdb-9988-44bb-a6bf-e2f3027803ff,1791403447367,1791403485654,1791403485654,
5d684427-ef8b-432c-bdcc-506c7178fc3c,CONSUMER,1200,1,did:web:ssi-dim-wallet-service.identity:BPNL00000003AYRE,760c532a-ba0a-4fc4-b48c-a8aa5e4d5ef5,1791403447374,1791403500567,1791403500567,
e5cf3c37-aaf9-4109-b347-0685d79d0d56,CONSUMER,1200,1,did:web:ssi-dim-wallet-service.identity:BPNL00000003AYRE,61e6f038-76a4-4efd-92f7-6482c90233d2,1791403447376,1791403486766,1791403486766,
54fb4c60-8548-4d84-ac64-732b96d9d00a,CONSUMER,1200,1,did:web:ssi-dim-wallet-service.identity:BPNL00000003AYRE,2d61bf11-c5da-468b-8bbc-791b2a3e80aa,1791403448072,1791403500072,1791403500072,
f3fe6d77-be50-4506-8b85-40825a67a240,CONSUMER,1400,1,did:web:ssi-dim-wallet-service.identity:BPNL00000003AYRE,,1791403448272,1791403476281,1791403476281,
ecbb1f1e-e8eb-47f5-97cb-b163e673455d,CONSUMER,1200,1,did:web:ssi-dim-wallet-service.identity:BPNL00000003AYRE,6ef41167-e024-40d9-be1a-a9e7b1f6f41b,1791403448871,1791403502273,1791403502273,
bb62c0d9-d235-4a57-a8cb-b018c375eb18,CONSUMER,1200,1,did:web:ssi-dim-wallet-service.identity:BPNL00000003AYRE,ce5fd79e-e253-462e-9dbe-9d7ef9e066d3,1791403449073,1791403500154,1791403500154,
f0c44f1b-3e63-4980-b201-07114a91fdf1,CONSUMER,1200,1,did:web:ssi-dim-wallet-service.identity:BPNL00000003AYRE,366a085c-3399-4d8f-a496-0fa64013c5dc,1791403449273,1791403505174,1791403505174,
c08d587d-b832-4796-8300-ef6a767301bd,CONSUMER,1200,1,did:web:ssi-dim-wallet-service.identity:BPNL00000003AYRE,4ec38b60-c25b-46a1-86f5-b5b9891c8585,1791403449475,1791403501975,1791403501975,
1f05d06e-00da-4a2a-afb7-5739a9c07e09,CONSUMER,1200,1,did:web:ssi-dim-wallet-service.identity:BPNL00000003AYRE,a91725f0-eafd-4adc-8b50-6b8bf8fd2f22,1791403449573,1791403500266,1791403500266,
bb2f2f6c-d127-43d9-9878-4ba1b149816a,CONSUMER,1200,1,did:web:ssi-dim-wallet-service.identity:BPNL00000003AYRE,5d0ea9e7-d117-4dd0-97b7-c693357d344a,1791403449777,1791403502353,1791403502353,
37bce756-03d9-4392-9e8a-7606e1346564,CONSUMER,1200,1,did:web:ssi-dim-wallet-service.identity:BPNL00000003AYRE,de4965c7-fe75-4749-8508-b139b76ebd11,1791403450876,1791403505568,1791403505568,
e5d48fa8-9db1-4ade-8ba6-5ce72dbe8422,CONSUMER,1200,1,did:web:ssi-dim-wallet-service.identity:BPNL00000003AYRE,4cbb58b9-873c-4004-a9d2-e40997b9b7ae,1791403451972,1791403506353,1791403506353,
7a2e98b7-0927-4d62-92f2-c786e4a61309,CONSUMER,1200,1,did:web:ssi-dim-wallet-service.identity:BPNL00000003AYRE,094307a5-ef27-4d1c-9a5b-16db324eb6a2,1791403452482,1791403505670,1791403505670,
b49aa705-8203-4111-b80f-e0c5ea5d43fb,CONSUMER,1200,1,did:web:ssi-dim-wallet-service.identity:BPNL00000003AYRE,48e0f7d4-e663-4f9a-89c8-3e640f950fb2,1791403453870,1791403507366,1791403507366,
c3b73922-ea7b-4f3e-a82c-9c2a481f2da6,CONSUMER,1400,1,did:web:ssi-dim-wallet-service.identity:BPNL00000003AYRE,,1791403528972,1791403534573,1791403534573,
c74a6227-e7d7-417f-81ec-d33b3a6ecbcd,CONSUMER,1200,1,did:web:ssi-dim-wallet-service.identity:BPNL00000003AYRE,0929c2a5-7741-4d31-adad-32c01db773a0,1791403542969,1791403550276,1791403550276,
ab5ffe2a-207b-4d39-86ef-d39ad70abf3c,CONSUMER,1200,1,did:web:ssi-dim-wallet-service.identity:BPNL00000003AYRE,aac7be97-f93a-48c1-bb68-f7bf3d85cb4e,1791403544883,1791403559370,1791403559370,
1a7be03f-929a-49af-85fe-e38fe1cd067f,CONSUMER,1200,1,did:web:ssi-dim-wallet-service.identity:BPNL00000003AYRE,782dc735-17e8-43a7-8824-cbde9626b5db,1791403545882,1791403559677,1791403559677,
0fc4245e-6792-4951-870d-edf6bc261517,CONSUMER,1200,1,did:web:ssi-dim-wallet-service.identity:BPNL00000003AYRE,58e19143-6026-4440-b9c1-9d8b465b3f45,1791403547074,1791403572375,1791403572375,
3d3e4fbf-f734-47de-970e-3b186ca2a778,CONSUMER,1200,1,did:web:ssi-dim-wallet-service.identity:BPNL00000003AYRE,f4eefdbf-868e-4a43-9c76-b3cf91dc724c,1791403547377,1791403570185,1791403570185,
488b2b4f-f941-42b6-8e6b-bef7fcb6adc5,CONSUMER,1200,1,did:web:ssi-dim-wallet-service.identity:BPNL00000003AYRE,4c39df7f-2145-42d6-86fb-5f18e9cc1e7c,1791403547677,1791403571479,1791403571479,
aef55542-7ae8-45e3-8892-95719da67889,CONSUMER,1200,1,did:web:ssi-dim-wallet-service.identity:BPNL00000003AYRE,00657ef1-083b-454f-9e4f-ae79cc74e410,1791403549471,1791403571467,1791403571467,
0633c164-c746-4245-8634-39ae48e892aa,CONSUMER,1200,1,did:web:ssi-dim-wallet-service.identity:BPNL00000003AYRE,5a4ef279-1b54-4bb2-b268-9b97034fb85e,1791403549472,1791403572070,1791403572070,
73f3fbc5-f912-45fd-af5c-26cd90cb6d86,CONSUMER,1200,1,did:web:ssi-dim-wallet-service.identity:BPNL00000003AYRE,d65ad2bf-a865-405b-9910-664674c6724b,1791403549480,1791403573070,1791403573070,
be97d807-218b-43e0-90cd-74f354ecbd54,CONSUMER,1200,1,did:web:ssi-dim-wallet-service.identity:BPNL00000003AYRE,d912681c-3d8a-4afc-80c8-22046cece5f0,1791403552269,1791403573774,1791403573774,
373ddbee-86ee-4f62-bb50-5354423f1504,CONSUMER,1200,1,did:web:ssi-dim-wallet-service.identity:BPNL00000003AYRE,4640c3ca-d25d-43d5-8c29-c2181854b9b0,1791403553170,1791403573653,1791403573653,
dff3d573-0922-453a-9ddf-cf5af36bfc74,CONSUMER,1200,1,did:web:ssi-dim-wallet-service.identity:BPNL00000003AYRE,a18743dc-2f29-4490-9bab-ec066d5573e7,1791403554983,1791403573367,1791403573367,
9a09faee-aad4-4a9b-970b-ba50ed8c222f,CONSUMER,1400,1,did:web:ssi-dim-wallet-service.identity:BPNL00000003AYRE,687194ff-c41b-44a4-bd30-affc072ee491,1791403555271,1791403575673,1791403575673,
9b7b25fd-83d8-4034-a123-c260b4362648,CONSUMER,1400,1,did:web:ssi-dim-wallet-service.identity:BPNL00000003AYRE,,1791403557072,1791403564969,1791403564969,
24e340e8-772e-492c-9f2f-83269ef50d6b,CONSUMER,1200,1,did:web:ssi-dim-wallet-service.identity:BPNL00000003AYRE,18d4b646-32fc-4618-9586-06636a198cf1,1791403557268,1791403578071,1791403578071,
a023c9b4-90c5-44dd-adec-f11cd86f9ba9,CONSUMER,1200,1,did:web:ssi-dim-wallet-service.identity:BPNL00000003AYRE,0e8b5a1a-e036-4efc-a112-50f26fa4a819,1791403557568,1791403578272,1791403578272,
b667eddc-77e6-4140-9cca-0961c2bc535c,CONSUMER,1200,1,did:web:ssi-dim-wallet-service.identity:BPNL00000003AYRE,4a919f2c-2805-41d4-ac1a-9303d2c17513,1791403559876,1791403579666,1791403579666,
7607fc70-0e5d-4e12-a528-10f95728b798,CONSUMER,1200,1,did:web:ssi-dim-wallet-service.identity:BPNL00000003AYRE,d098a243-ffe4-41a9-b5b7-31973928e7b9,1791403604670,1791403615676,1791403615676,
97bcbff0-d522-4a24-b1ba-5b7e5f3220e3,CONSUMER,1400,1,did:web:ssi-dim-wallet-service.identity:BPNL00000003AYRE,720d2070-cdab-4e48-a498-3a85c45b6b55,1791403604670,1791403615769,1791403615769,
9e48d0ac-477a-416d-a7ba-b295cd05cca7,CONSUMER,1400,1,did:web:ssi-dim-wallet-service.identity:BPNL00000003AYRE,3c5b57ef-3960-4f08-8115-8c1bb9360eef,1791403612075,1791403623869,1791403623869,
6364ece0-6817-4946-b081-9c211dae45d6,CONSUMER,1400,1,did:web:ssi-dim-wallet-service.identity:BPNL00000003AYRE,5447fcab-9102-4c87-bf9c-a785702787cf,1791403612172,1791403623669,1791403623669,
b9548c07-ec7d-4f4f-9d66-ff0be481cce3,CONSUMER,1400,1,did:web:ssi-dim-wallet-service.identity:BPNL00000003AYRE,65b61cca-2a06-4848-a59a-f914e844ca42,1791403613454,1791403623571,1791403623571,
3e77934c-0746-4b09-87c1-b13aad316334,CONSUMER,1200,1,did:web:ssi-dim-wallet-service.identity:BPNL00000003AYRE,f79187e9-4655-4cde-b4fd-d1ffc861fe55,1791403621970,1791403629454,1791403629454,
c046db56-044a-450e-9a54-e903f71ac5ae,CONSUMER,1200,1,did:web:ssi-dim-wallet-service.identity:BPNL00000003AYRE,d00569a8-4d5e-47e7-9c73-37b84e61150f,1791403623869,1791403631276,1791403631276,
ed7dbde5-c40a-4db0-86f6-8c148b796254,CONSUMER,1200,1,did:web:ssi-dim-wallet-service.identity:BPNL00000003AYRE,d529d4fe-1774-4f5f-83cc-f9038262d997,1791403651269,1791403661053,1791403661053,
6aaf1236-a1ec-44b1-a286-e5033964a547,CONSUMER,1200,1,did:web:ssi-dim-wallet-service.identity:BPNL00000003AYRE,188b60fa-a148-45b7-9e76-d188a0a7e811,1791403651854,1791403661073,1791403661073,
34da3382-9db6-4c9f-9a35-d5a652db7c06,CONSUMER,1200,1,did:web:ssi-dim-wallet-service.identity:BPNL00000003AYRE,494f011c-2e06-4679-b88d-dafa8e872635,1791403652879,1791403665155,1791403665155,
8a4a2d54-7456-43e0-9b2c-5469fa0db6f5,CONSUMER,1200,1,did:web:ssi-dim-wallet-service.identity:BPNL00000003AYRE,44606e7b-c599-4aff-9d4d-27239605c11f,1791403653280,1791403664973,1791403664973,
92ef9206-f449-45f7-b2b5-8bc32f525de2,CONSUMER,1200,1,did:web:ssi-dim-wallet-service.identity:BPNL00000003AYRE,192ab33b-0ea5-40ca-a321-da3b9e0e5614,1791403653970,1791403665366,1791403665366,
7e5a4b9c-76a8-4a76-b24f-4519d05634d9,CONSUMER,1200,1,did:web:ssi-dim-wallet-service.identity:BPNL00000003AYRE,240f2e8b-20d6-4f76-884d-bcd62c472520,1791403654772,1791403669872,1791403669872,
6c2410ef-fc63-4b14-95ba-34a5bea7c4bc,CONSUMER,1200,1,did:web:ssi-dim-wallet-service.identity:BPNL00000003AYRE,4de5773c-c8e5-40ca-ab88-4634765bcd78,1791403655774,1791403669275,1791403669275,
8aaee347-34bf-4a3a-bcf9-2afeb6646b07,CONSUMER,1200,1,did:web:ssi-dim-wallet-service.identity:BPNL00000003AYRE,e87c5265-a069-4cc3-84dd-2bbaea81d54e,1791403656267,1791403669454,1791403669454,
67af7ef7-16fa-42b9-b438-0b4e8da461c5,CONSUMER,1200,1,did:web:ssi-dim-wallet-service.identity:BPNL00000003AYRE,92c05d74-04a7-4e78-bc04-d38afc1b1f75,1791403662078,1791403669566,1791403669566,
90ec52aa-710a-4029-a354-63bbad1003c0,CONSUMER,1200,1,did:web:ssi-dim-wallet-service.identity:BPNL00000003AYRE,6cf540e3-cb46-4d0e-a456-b5b1d7efcabf,1791403663175,1791403672469,1791403672469,
065d18a9-4a13-42c8-b41a-d713bc42d373,CONSUMER,1200,1,did:web:ssi-dim-wallet-service.identity:BPNL00000003AYRE,8da5807c-e267-4289-93cc-96eba7faa74b,1791403669875,1791403675373,1791403675373,
71138803-563b-4c63-bbec-b610911a69b6,CONSUMER,1200,1,did:web:ssi-dim-wallet-service.identity:BPNL00000003AYRE,c68306de-1f5f-4971-93d6-9b8b24cd6f2b,1791403685272,1791403691180,1791403691180,
49498857-a5fd-4c1b-85ef-9ea3619cfc60,CONSUMER,1200,1,did:web:ssi-dim-wallet-service.identity:BPNL00000003AYRE,ac1943c2-d3cc-4e54-833c-c4c7636668f3,1791403685869,1791403691181,1791403691181,
