timestamp_utc,container,namespace,pod,value
2026-10-07T19:13:37.943Z,alloy,logging,alloy-kcv4x,0.016124784535828867
2026-10-07T19:13:52.943Z,alloy,logging,alloy-kcv4x,0.021053644314868333
2026-10-07T19:14:07.943Z,alloy,logging,alloy-kcv4x,0.021947757139119353
2026-10-07T19:14:22.943Z,alloy,logging,alloy-kcv4x,0.026205641293921063
2026-10-07T19:14:37.943Z,alloy,logging,alloy-kcv4x,0.027376144793230844
2026-10-07T19:14:52.943Z,alloy,logging,alloy-kcv4x,0.02841440615470353
2026-10-07T19:15:07.943Z,alloy,logging,alloy-kcv4x,0.027770283536410735
2026-10-07T19:15:22.943Z,alloy,logging,alloy-kcv4x,0.025151514511426103
2026-10-07T19:15:37.943Z,alloy,logging,alloy-kcv4x,0.0187854940822083
2026-10-07T19:15:52.943Z,alloy,logging,alloy-kcv4x,0.01860670617591745
2026-10-07T19:16:07.943Z,alloy,logging,alloy-kcv4x,0.019282231214464207
2026-10-07T19:16:22.943Z,alloy,logging,alloy-kcv4x,0.021052166596553356
2026-10-07T19:16:37.943Z,alloy,logging,alloy-kcv4x,0.020910337327059582
2026-10-07T19:16:52.943Z,alloy,logging,alloy-kcv4x,0.022241032379933624
2026-10-07T19:17:07.943Z,alloy,logging,alloy-kcv4x,0.022468058216803435
2026-10-07T19:17:22.943Z,alloy,logging,alloy-kcv4x,0.02321262819497105
2026-10-07T19:17:37.943Z,alloy,logging,alloy-kcv4x,0.021835405381407956
2026-10-07T19:17:52.943Z,alloy,logging,alloy-kcv4x,0.02381277806635136
2026-10-07T19:18:07.943Z,alloy,logging,alloy-kcv4x,0.0256200425342918
2026-10-07T19:18:22.943Z,alloy,logging,alloy-kcv4x,0.026509657055536404
2026-10-07T19:18:37.943Z,alloy,logging,alloy-kcv4x,0.024981372646677956
2026-10-07T19:18:52.943Z,alloy,logging,alloy-kcv4x,0.02403178019752107
2026-10-07T19:19:07.943Z,alloy,logging,alloy-kcv4x,0.02431615703365157
2026-10-07T19:19:22.943Z,alloy,logging,alloy-kcv4x,0.024854104388776884
2026-10-07T19:19:37.943Z,alloy,logging,alloy-kcv4x,0.02401444687930915
2026-10-07T19:19:52.943Z,alloy,logging,alloy-kcv4x,0.02147058191392143
2026-10-07T19:20:07.943Z,alloy,logging,alloy-kcv4x,0.020779121910522873
2026-10-07T19:20:22.943Z,alloy,logging,alloy-kcv4x,0.022664670776237822
2026-10-07T19:20:37.943Z,alloy,logging,alloy-kcv4x,0.024887707529059503
2026-10-07T19:13:37.943Z,config-reloader,logging,alloy-kcv4x,0.000027156510473952285
2026-10-07T19:13:52.943Z,config-reloader,logging,alloy-kcv4x,0
2026-10-07T19:14:07.943Z,config-reloader,logging,alloy-kcv4x,0.00000203441060218596
2026-10-07T19:14:22.943Z,config-reloader,logging,alloy-kcv4x,0.00000227250592474806
2026-10-07T19:14:37.943Z,config-reloader,logging,alloy-kcv4x,0.0000014230823964710503
2026-10-07T19:14:52.943Z,config-reloader,logging,alloy-kcv4x,0.00007743315961188479
2026-10-07T19:15:07.943Z,config-reloader,logging,alloy-kcv4x,0.00007365536142514934
2026-10-07T19:15:22.943Z,config-reloader,logging,alloy-kcv4x,0.00006775921840529812
2026-10-07T19:15:37.943Z,config-reloader,logging,alloy-kcv4x,0
2026-10-07T19:15:52.943Z,config-reloader,logging,alloy-kcv4x,0
2026-10-07T19:16:07.943Z,config-reloader,logging,alloy-kcv4x,0.000014829700099198181
2026-10-07T19:16:22.943Z,config-reloader,logging,alloy-kcv4x,0.000014618123464213885
2026-10-07T19:16:37.943Z,config-reloader,logging,alloy-kcv4x,0
2026-10-07T19:16:52.943Z,config-reloader,logging,alloy-kcv4x,0.0000021346921911610144
2026-10-07T19:17:07.943Z,config-reloader,logging,alloy-kcv4x,0.0000023547284466418724
2026-10-07T19:17:22.943Z,config-reloader,logging,alloy-kcv4x,0.0000027310835129098785
2026-10-07T19:17:37.943Z,config-reloader,logging,alloy-kcv4x,0
2026-10-07T19:17:52.943Z,config-reloader,logging,alloy-kcv4x,0
2026-10-07T19:18:07.943Z,config-reloader,logging,alloy-kcv4x,0.00009288018466141674
2026-10-07T19:18:22.943Z,config-reloader,logging,alloy-kcv4x,0.00006830739338987083
2026-10-07T19:18:37.943Z,config-reloader,logging,alloy-kcv4x,0.00007507775177294727
2026-10-07T19:18:52.943Z,config-reloader,logging,alloy-kcv4x,0.00001750388853593384
2026-10-07T19:19:07.943Z,config-reloader,logging,alloy-kcv4x,0.000021594343972543398
2026-10-07T19:19:22.943Z,config-reloader,logging,alloy-kcv4x,8.807027861373643e-07
2026-10-07T19:19:37.943Z,config-reloader,logging,alloy-kcv4x,9.170933799469515e-07
2026-10-07T19:19:52.943Z,config-reloader,logging,alloy-kcv4x,0
2026-10-07T19:20:07.943Z,config-reloader,logging,alloy-kcv4x,0.0000017343470796332849
2026-10-07T19:20:22.943Z,config-reloader,logging,alloy-kcv4x,0.0000024710463258692883
2026-10-07T19:20:37.943Z,config-reloader,logging,alloy-kcv4x,0.0000017048977061312108
2026-10-07T19:13:37.943Z,config-reloader,monitoring,prometheus-monitoring-kube-prometheus-prometheus-0,0.0003820569036823041
2026-10-07T19:13:52.943Z,config-reloader,monitoring,prometheus-monitoring-kube-prometheus-prometheus-0,0.0001563695871097787
2026-10-07T19:14:07.943Z,config-reloader,monitoring,prometheus-monitoring-kube-prometheus-prometheus-0,0.0002780617513425603
2026-10-07T19:14:22.943Z,config-reloader,monitoring,prometheus-monitoring-kube-prometheus-prometheus-0,0.00027244629214466954
2026-10-07T19:14:37.943Z,config-reloader,monitoring,prometheus-monitoring-kube-prometheus-prometheus-0,0.00031129160413179185
2026-10-07T19:14:52.943Z,config-reloader,monitoring,prometheus-monitoring-kube-prometheus-prometheus-0,0.00033052790900329234
2026-10-07T19:15:07.943Z,config-reloader,monitoring,prometheus-monitoring-kube-prometheus-prometheus-0,0.00033216878156505056
2026-10-07T19:15:22.943Z,config-reloader,monitoring,prometheus-monitoring-kube-prometheus-prometheus-0,0.00029125664800214987
2026-10-07T19:15:37.943Z,config-reloader,monitoring,prometheus-monitoring-kube-prometheus-prometheus-0,0.0005413892153022271
2026-10-07T19:15:52.943Z,config-reloader,monitoring,prometheus-monitoring-kube-prometheus-prometheus-0,0.0004841675979845061
2026-10-07T19:16:07.943Z,config-reloader,monitoring,prometheus-monitoring-kube-prometheus-prometheus-0,0.00025029954119069447
2026-10-07T19:16:22.943Z,config-reloader,monitoring,prometheus-monitoring-kube-prometheus-prometheus-0,0.00033198265038239955
2026-10-07T19:16:37.943Z,config-reloader,monitoring,prometheus-monitoring-kube-prometheus-prometheus-0,0.00029725550831075196
2026-10-07T19:16:52.943Z,config-reloader,monitoring,prometheus-monitoring-kube-prometheus-prometheus-0,0.00026877643284233807
2026-10-07T19:17:07.943Z,config-reloader,monitoring,prometheus-monitoring-kube-prometheus-prometheus-0,0.0002965462003348748
2026-10-07T19:17:22.943Z,config-reloader,monitoring,prometheus-monitoring-kube-prometheus-prometheus-0,0.0003847448638428365
2026-10-07T19:17:37.943Z,config-reloader,monitoring,prometheus-monitoring-kube-prometheus-prometheus-0,0.0004227067821504954
2026-10-07T19:17:52.943Z,config-reloader,monitoring,prometheus-monitoring-kube-prometheus-prometheus-0,0.00029801972743022316
2026-10-07T19:18:07.943Z,config-reloader,monitoring,prometheus-monitoring-kube-prometheus-prometheus-0,0.0002632784302229631
2026-10-07T19:18:22.943Z,config-reloader,monitoring,prometheus-monitoring-kube-prometheus-prometheus-0,0.00044895962188216086
2026-10-07T19:18:37.943Z,config-reloader,monitoring,prometheus-monitoring-kube-prometheus-prometheus-0,0.00039230458764967654
2026-10-07T19:18:52.943Z,config-reloader,monitoring,prometheus-monitoring-kube-prometheus-prometheus-0,0.0004746460922209593
2026-10-07T19:19:07.943Z,config-reloader,monitoring,prometheus-monitoring-kube-prometheus-prometheus-0,0.000231849554429525
2026-10-07T19:19:22.943Z,config-reloader,monitoring,prometheus-monitoring-kube-prometheus-prometheus-0,0.0002941238683476006
2026-10-07T19:19:37.943Z,config-reloader,monitoring,prometheus-monitoring-kube-prometheus-prometheus-0,0.0002387257815285523
2026-10-07T19:19:52.943Z,config-reloader,monitoring,prometheus-monitoring-kube-prometheus-prometheus-0,0.0002254104014345768
2026-10-07T19:20:07.943Z,config-reloader,monitoring,prometheus-monitoring-kube-prometheus-prometheus-0,0.0002533535980968771
2026-10-07T19:20:22.943Z,config-reloader,monitoring,prometheus-monitoring-kube-prometheus-prometheus-0,0.0002758842719779631
2026-10-07T19:20:37.943Z,config-reloader,monitoring,prometheus-monitoring-kube-prometheus-prometheus-0,0.0004294153418469992
2026-10-07T19:13:37.943Z,coredns,kube-system,coredns-577d995dff-bxxlq,0.0029704383694608974
2026-10-07T19:13:52.943Z,coredns,kube-system,coredns-577d995dff-bxxlq,0.003091550840528957
2026-10-07T19:14:07.943Z,coredns,kube-system,coredns-577d995dff-bxxlq,0.0030558180809762718
2026-10-07T19:14:22.943Z,coredns,kube-system,coredns-577d995dff-bxxlq,0.0032876748419225815
2026-10-07T19:14:37.943Z,coredns,kube-system,coredns-577d995dff-bxxlq,0.0037899415204668725
2026-10-07T19:14:52.943Z,coredns,kube-system,coredns-577d995dff-bxxlq,0.0037950224286714437
2026-10-07T19:15:07.943Z,coredns,kube-system,coredns-577d995dff-bxxlq,0.003483363163033875
2026-10-07T19:15:22.943Z,coredns,kube-system,coredns-577d995dff-bxxlq,0.003071392775914916
2026-10-07T19:15:37.943Z,coredns,kube-system,coredns-577d995dff-bxxlq,0.0031119760865364592
2026-10-07T19:15:52.943Z,coredns,kube-system,coredns-577d995dff-bxxlq,0.003543053165575655
2026-10-07T19:16:07.943Z,coredns,kube-system,coredns-577d995dff-bxxlq,0.003581598235715517
2026-10-07T19:16:22.943Z,coredns,kube-system,coredns-577d995dff-bxxlq,0.0033654004013140494
2026-10-07T19:16:37.943Z,coredns,kube-system,coredns-577d995dff-bxxlq,0.0020647749999994857
2026-10-07T19:16:52.943Z,coredns,kube-system,coredns-577d995dff-bxxlq,0.0029578130075292664
2026-10-07T19:17:07.943Z,coredns,kube-system,coredns-577d995dff-bxxlq,0.003612043274874241
2026-10-07T19:17:22.943Z,coredns,kube-system,coredns-577d995dff-bxxlq,0.0034579936782556963
2026-10-07T19:17:37.943Z,coredns,kube-system,coredns-577d995dff-bxxlq,0.003381539350867959
2026-10-07T19:17:52.943Z,coredns,kube-system,coredns-577d995dff-bxxlq,0.003127419750062911
2026-10-07T19:18:07.943Z,coredns,kube-system,coredns-577d995dff-bxxlq,0.003505682665632868
2026-10-07T19:18:22.943Z,coredns,kube-system,coredns-577d995dff-bxxlq,0.0035988605130535803
2026-10-07T19:18:37.943Z,coredns,kube-system,coredns-577d995dff-bxxlq,0.0034378660125705743
2026-10-07T19:18:52.943Z,coredns,kube-system,coredns-577d995dff-bxxlq,0.003579371042180781
2026-10-07T19:19:07.943Z,coredns,kube-system,coredns-577d995dff-bxxlq,0.00389969585867996
2026-10-07T19:19:22.943Z,coredns,kube-system,coredns-577d995dff-bxxlq,0.0037868462261199044
2026-10-07T19:19:37.943Z,coredns,kube-system,coredns-577d995dff-bxxlq,0.003509439267352938
2026-10-07T19:19:52.943Z,coredns,kube-system,coredns-577d995dff-bxxlq,0.0030345985130868424
2026-10-07T19:20:07.943Z,coredns,kube-system,coredns-577d995dff-bxxlq,0.0024507335775136785
2026-10-07T19:20:22.943Z,coredns,kube-system,coredns-577d995dff-bxxlq,0.0035346537250777205
2026-10-07T19:20:37.943Z,coredns,kube-system,coredns-577d995dff-bxxlq,0.003576744377287707
2026-10-07T19:13:37.943Z,digital-twin-registry,customer,dtr-7979c5ccb7-rg7w2,0.001958160253640204
2026-10-07T19:13:52.943Z,digital-twin-registry,customer,dtr-7979c5ccb7-rg7w2,0.002604940825953745
2026-10-07T19:14:07.943Z,digital-twin-registry,customer,dtr-7979c5ccb7-rg7w2,0.002247970758768999
2026-10-07T19:14:22.943Z,digital-twin-registry,customer,dtr-7979c5ccb7-rg7w2,0.0023783330310189195
2026-10-07T19:14:37.943Z,digital-twin-registry,customer,dtr-7979c5ccb7-rg7w2,0.002396379376754867
2026-10-07T19:14:52.943Z,digital-twin-registry,customer,dtr-7979c5ccb7-rg7w2,0.0021474706047823373
2026-10-07T19:15:07.943Z,digital-twin-registry,customer,dtr-7979c5ccb7-rg7w2,0.002408604611248064
2026-10-07T19:15:22.943Z,digital-twin-registry,customer,dtr-7979c5ccb7-rg7w2,0.002512058328658842
2026-10-07T19:15:37.943Z,digital-twin-registry,customer,dtr-7979c5ccb7-rg7w2,0.0024383185561898143
2026-10-07T19:15:52.943Z,digital-twin-registry,customer,dtr-7979c5ccb7-rg7w2,0.002483060775034909
2026-10-07T19:16:07.943Z,digital-twin-registry,customer,dtr-7979c5ccb7-rg7w2,0.002442060802749823
2026-10-07T19:16:22.943Z,digital-twin-registry,customer,dtr-7979c5ccb7-rg7w2,0.0023908546317611907
2026-10-07T19:16:37.943Z,digital-twin-registry,customer,dtr-7979c5ccb7-rg7w2,0.002570654703963261
2026-10-07T19:16:52.943Z,digital-twin-registry,customer,dtr-7979c5ccb7-rg7w2,0.002600913732867131
2026-10-07T19:17:07.943Z,digital-twin-registry,customer,dtr-7979c5ccb7-rg7w2,0.002576924835404967
2026-10-07T19:17:22.943Z,digital-twin-registry,customer,dtr-7979c5ccb7-rg7w2,0.0025511151954695313
2026-10-07T19:17:37.943Z,digital-twin-registry,customer,dtr-7979c5ccb7-rg7w2,0.002599289061236984
2026-10-07T19:17:52.943Z,digital-twin-registry,customer,dtr-7979c5ccb7-rg7w2,0.002613340303189606
2026-10-07T19:18:07.943Z,digital-twin-registry,customer,dtr-7979c5ccb7-rg7w2,0.0026118927030592044
2026-10-07T19:18:22.943Z,digital-twin-registry,customer,dtr-7979c5ccb7-rg7w2,0.002654797915376995
2026-10-07T19:18:37.943Z,digital-twin-registry,customer,dtr-7979c5ccb7-rg7w2,0.002636962202423456
2026-10-07T19:18:52.943Z,digital-twin-registry,customer,dtr-7979c5ccb7-rg7w2,0.002601348478405572
2026-10-07T19:19:07.943Z,digital-twin-registry,customer,dtr-7979c5ccb7-rg7w2,0.002630105113325891
2026-10-07T19:19:22.943Z,digital-twin-registry,customer,dtr-7979c5ccb7-rg7w2,0.0026176397360889356
2026-10-07T19:19:37.943Z,digital-twin-registry,customer,dtr-7979c5ccb7-rg7w2,0.0026023889293492206
2026-10-07T19:19:52.943Z,digital-twin-registry,customer,dtr-7979c5ccb7-rg7w2,0.002618697924020607
2026-10-07T19:20:07.943Z,digital-twin-registry,customer,dtr-7979c5ccb7-rg7w2,0.0024978481368542207
2026-10-07T19:20:22.943Z,digital-twin-registry,customer,dtr-7979c5ccb7-rg7w2,0.0024369065639191527
2026-10-07T19:20:37.943Z,digital-twin-registry,customer,dtr-7979c5ccb7-rg7w2,0.002497124614148675
2026-10-07T19:13:37.943Z,digital-twin-registry,supplier,dtr-d4f6c5bc5-nzx89,0.008024809597797663
2026-10-07T19:13:52.943Z,digital-twin-registry,supplier,dtr-d4f6c5bc5-nzx89,0.007984281150157481
2026-10-07T19:14:07.943Z,digital-twin-registry,supplier,dtr-d4f6c5bc5-nzx89,0.007542870886279259
2026-10-07T19:14:22.943Z,digital-twin-registry,supplier,dtr-d4f6c5bc5-nzx89,0.008174152695924423
2026-10-07T19:14:37.943Z,digital-twin-registry,supplier,dtr-d4f6c5bc5-nzx89,0.010106566936100899
2026-10-07T19:14:52.943Z,digital-twin-registry,supplier,dtr-d4f6c5bc5-nzx89,0.009783846376531865
2026-10-07T19:15:07.943Z,digital-twin-registry,supplier,dtr-d4f6c5bc5-nzx89,0.010867157717905071
2026-10-07T19:15:22.943Z,digital-twin-registry,supplier,dtr-d4f6c5bc5-nzx89,0.011210617292159776
2026-10-07T19:15:37.943Z,digital-twin-registry,supplier,dtr-d4f6c5bc5-nzx89,0.007534082131823337
2026-10-07T19:15:52.943Z,digital-twin-registry,supplier,dtr-d4f6c5bc5-nzx89,0.006341197478993304
2026-10-07T19:16:07.943Z,digital-twin-registry,supplier,dtr-d4f6c5bc5-nzx89,0.007085769802957188
2026-10-07T19:16:22.943Z,digital-twin-registry,supplier,dtr-d4f6c5bc5-nzx89,0.006883651731424617
2026-10-07T19:16:37.943Z,digital-twin-registry,supplier,dtr-d4f6c5bc5-nzx89,0.006628249586363175
2026-10-07T19:16:52.943Z,digital-twin-registry,supplier,dtr-d4f6c5bc5-nzx89,0.003920328629607288
2026-10-07T19:17:07.943Z,digital-twin-registry,supplier,dtr-d4f6c5bc5-nzx89,0.002851038466828757
2026-10-07T19:17:22.943Z,digital-twin-registry,supplier,dtr-d4f6c5bc5-nzx89,0.005006256093598673
2026-10-07T19:17:37.943Z,digital-twin-registry,supplier,dtr-d4f6c5bc5-nzx89,0.006018336494796647
2026-10-07T19:17:52.943Z,digital-twin-registry,supplier,dtr-d4f6c5bc5-nzx89,0.005878449794481629
2026-10-07T19:18:07.943Z,digital-twin-registry,supplier,dtr-d4f6c5bc5-nzx89,0.004054942407917562
2026-10-07T19:18:22.943Z,digital-twin-registry,supplier,dtr-d4f6c5bc5-nzx89,0.0028433221912329168
2026-10-07T19:18:37.943Z,digital-twin-registry,supplier,dtr-d4f6c5bc5-nzx89,0.0027460212358386108
2026-10-07T19:18:52.943Z,digital-twin-registry,supplier,dtr-d4f6c5bc5-nzx89,0.006232008178102445
2026-10-07T19:19:07.943Z,digital-twin-registry,supplier,dtr-d4f6c5bc5-nzx89,0.009069343518265544
2026-10-07T19:19:22.943Z,digital-twin-registry,supplier,dtr-d4f6c5bc5-nzx89,0.00937507931658696
2026-10-07T19:19:37.943Z,digital-twin-registry,supplier,dtr-d4f6c5bc5-nzx89,0.005673973921412812
2026-10-07T19:19:52.943Z,digital-twin-registry,supplier,dtr-d4f6c5bc5-nzx89,0.003364061768833913
2026-10-07T19:20:07.943Z,digital-twin-registry,supplier,dtr-d4f6c5bc5-nzx89,0.004415646641971401
2026-10-07T19:20:22.943Z,digital-twin-registry,supplier,dtr-d4f6c5bc5-nzx89,0.006907413010590482
2026-10-07T19:20:37.943Z,digital-twin-registry,supplier,dtr-d4f6c5bc5-nzx89,0.007485809149042181
2026-10-07T19:13:37.943Z,grafana,monitoring,monitoring-grafana-647dfc6967-jlf5d,0.017001092579374617
2026-10-07T19:13:52.943Z,grafana,monitoring,monitoring-grafana-647dfc6967-jlf5d,0.0165822393666462
2026-10-07T19:14:07.943Z,grafana,monitoring,monitoring-grafana-647dfc6967-jlf5d,0.016370510988027782
2026-10-07T19:14:22.943Z,grafana,monitoring,monitoring-grafana-647dfc6967-jlf5d,0.01637962042189854
2026-10-07T19:14:37.943Z,grafana,monitoring,monitoring-grafana-647dfc6967-jlf5d,0.013859067243200877
2026-10-07T19:14:52.943Z,grafana,monitoring,monitoring-grafana-647dfc6967-jlf5d,0.01884919813761035
2026-10-07T19:15:07.943Z,grafana,monitoring,monitoring-grafana-647dfc6967-jlf5d,0.01916211115449669
2026-10-07T19:15:22.943Z,grafana,monitoring,monitoring-grafana-647dfc6967-jlf5d,0.014927170321794874
2026-10-07T19:15:37.943Z,grafana,monitoring,monitoring-grafana-647dfc6967-jlf5d,0.015190235291442668
2026-10-07T19:15:52.943Z,grafana,monitoring,monitoring-grafana-647dfc6967-jlf5d,0.017967887944211516
2026-10-07T19:16:07.943Z,grafana,monitoring,monitoring-grafana-647dfc6967-jlf5d,0.019242182623003486
2026-10-07T19:16:22.943Z,grafana,monitoring,monitoring-grafana-647dfc6967-jlf5d,0.019213307589482975
2026-10-07T19:16:37.943Z,grafana,monitoring,monitoring-grafana-647dfc6967-jlf5d,0.020054921922841914
2026-10-07T19:16:52.943Z,grafana,monitoring,monitoring-grafana-647dfc6967-jlf5d,0.019622762457667458
2026-10-07T19:17:07.943Z,grafana,monitoring,monitoring-grafana-647dfc6967-jlf5d,0.019922353236325765
2026-10-07T19:17:22.943Z,grafana,monitoring,monitoring-grafana-647dfc6967-jlf5d,0.018324210432935455
2026-10-07T19:17:37.943Z,grafana,monitoring,monitoring-grafana-647dfc6967-jlf5d,0.018362406727466668
2026-10-07T19:17:52.943Z,grafana,monitoring,monitoring-grafana-647dfc6967-jlf5d,0.01812041368556319
2026-10-07T19:18:07.943Z,grafana,monitoring,monitoring-grafana-647dfc6967-jlf5d,0.017778439500471956
2026-10-07T19:18:22.943Z,grafana,monitoring,monitoring-grafana-647dfc6967-jlf5d,0.018571960439459256
2026-10-07T19:18:37.943Z,grafana,monitoring,monitoring-grafana-647dfc6967-jlf5d,0.01880465807968218
2026-10-07T19:18:52.943Z,grafana,monitoring,monitoring-grafana-647dfc6967-jlf5d,0.019890677596576114
2026-10-07T19:19:07.943Z,grafana,monitoring,monitoring-grafana-647dfc6967-jlf5d,0.016614739609020938
2026-10-07T19:19:22.943Z,grafana,monitoring,monitoring-grafana-647dfc6967-jlf5d,0.019451674364898645
2026-10-07T19:19:37.943Z,grafana,monitoring,monitoring-grafana-647dfc6967-jlf5d,0.018052800871813303
2026-10-07T19:19:52.943Z,grafana,monitoring,monitoring-grafana-647dfc6967-jlf5d,0.016344874064862548
2026-10-07T19:20:07.943Z,grafana,monitoring,monitoring-grafana-647dfc6967-jlf5d,0.015401236353659864
2026-10-07T19:20:22.943Z,grafana,monitoring,monitoring-grafana-647dfc6967-jlf5d,0.017467374566915016
2026-10-07T19:20:37.943Z,grafana,monitoring,monitoring-grafana-647dfc6967-jlf5d,0.017555506204361904
2026-10-07T19:13:37.943Z,grafana-sc-dashboard,monitoring,monitoring-grafana-647dfc6967-jlf5d,0.0025051595327522025
2026-10-07T19:13:52.943Z,grafana-sc-dashboard,monitoring,monitoring-grafana-647dfc6967-jlf5d,0.0028698132411768343
2026-10-07T19:14:07.943Z,grafana-sc-dashboard,monitoring,monitoring-grafana-647dfc6967-jlf5d,0.000895909794384478
2026-10-07T19:14:22.943Z,grafana-sc-dashboard,monitoring,monitoring-grafana-647dfc6967-jlf5d,0.0009997024473707736
2026-10-07T19:14:37.943Z,grafana-sc-dashboard,monitoring,monitoring-grafana-647dfc6967-jlf5d,0.002160645278891971
2026-10-07T19:14:52.943Z,grafana-sc-dashboard,monitoring,monitoring-grafana-647dfc6967-jlf5d,0.002137271828072472
2026-10-07T19:15:07.943Z,grafana-sc-dashboard,monitoring,monitoring-grafana-647dfc6967-jlf5d,0.001700357123281216
2026-10-07T19:15:22.943Z,grafana-sc-dashboard,monitoring,monitoring-grafana-647dfc6967-jlf5d,0.0022578578795938893
2026-10-07T19:15:37.943Z,grafana-sc-dashboard,monitoring,monitoring-grafana-647dfc6967-jlf5d,0.0026723538361223733
2026-10-07T19:15:52.943Z,grafana-sc-dashboard,monitoring,monitoring-grafana-647dfc6967-jlf5d,0.0017860560542184976
2026-10-07T19:16:07.943Z,grafana-sc-dashboard,monitoring,monitoring-grafana-647dfc6967-jlf5d,0.001595189467157418
2026-10-07T19:16:22.943Z,grafana-sc-dashboard,monitoring,monitoring-grafana-647dfc6967-jlf5d,0.0031519450348481428
2026-10-07T19:16:37.943Z,grafana-sc-dashboard,monitoring,monitoring-grafana-647dfc6967-jlf5d,0.0029897091204075786
2026-10-07T19:16:52.943Z,grafana-sc-dashboard,monitoring,monitoring-grafana-647dfc6967-jlf5d,0.0033979819437071125
2026-10-07T19:17:07.943Z,grafana-sc-dashboard,monitoring,monitoring-grafana-647dfc6967-jlf5d,0.00022979821247569003
2026-10-07T19:17:22.943Z,grafana-sc-dashboard,monitoring,monitoring-grafana-647dfc6967-jlf5d,0.0027082265152900214
2026-10-07T19:17:37.943Z,grafana-sc-dashboard,monitoring,monitoring-grafana-647dfc6967-jlf5d,0.0026183330758874097
2026-10-07T19:17:52.943Z,grafana-sc-dashboard,monitoring,monitoring-grafana-647dfc6967-jlf5d,0.0027067976693709527
2026-10-07T19:18:07.943Z,grafana-sc-dashboard,monitoring,monitoring-grafana-647dfc6967-jlf5d,0.0002211483275559126
2026-10-07T19:18:22.943Z,grafana-sc-dashboard,monitoring,monitoring-grafana-647dfc6967-jlf5d,0.0026450186126565347
2026-10-07T19:18:37.943Z,grafana-sc-dashboard,monitoring,monitoring-grafana-647dfc6967-jlf5d,0.0030733755085716784
2026-10-07T19:18:52.943Z,grafana-sc-dashboard,monitoring,monitoring-grafana-647dfc6967-jlf5d,0.003199852107468578
2026-10-07T19:19:07.943Z,grafana-sc-dashboard,monitoring,monitoring-grafana-647dfc6967-jlf5d,0.00020793731994288235
2026-10-07T19:19:22.943Z,grafana-sc-dashboard,monitoring,monitoring-grafana-647dfc6967-jlf5d,0.001282625804360673
2026-10-07T19:19:37.943Z,grafana-sc-dashboard,monitoring,monitoring-grafana-647dfc6967-jlf5d,0.0023965273967237765
2026-10-07T19:19:52.943Z,grafana-sc-dashboard,monitoring,monitoring-grafana-647dfc6967-jlf5d,0.002585774946922138
2026-10-07T19:20:07.943Z,grafana-sc-dashboard,monitoring,monitoring-grafana-647dfc6967-jlf5d,0.0013727218860542624
2026-10-07T19:20:22.943Z,grafana-sc-dashboard,monitoring,monitoring-grafana-647dfc6967-jlf5d,0.002302081923797607
2026-10-07T19:20:37.943Z,grafana-sc-dashboard,monitoring,monitoring-grafana-647dfc6967-jlf5d,0.0022694844296610403
2026-10-07T19:13:37.943Z,grafana-sc-datasources,monitoring,monitoring-grafana-647dfc6967-jlf5d,0.000621081625521559
2026-10-07T19:13:52.943Z,grafana-sc-datasources,monitoring,monitoring-grafana-647dfc6967-jlf5d,0.0006836730072462629
2026-10-07T19:14:07.943Z,grafana-sc-datasources,monitoring,monitoring-grafana-647dfc6967-jlf5d,0.0006671756738812791
2026-10-07T19:14:22.943Z,grafana-sc-datasources,monitoring,monitoring-grafana-647dfc6967-jlf5d,0.000014299144030411729
2026-10-07T19:14:37.943Z,grafana-sc-datasources,monitoring,monitoring-grafana-647dfc6967-jlf5d,0.00035218471783246
2026-10-07T19:14:52.943Z,grafana-sc-datasources,monitoring,monitoring-grafana-647dfc6967-jlf5d,0.00038180309734506886
2026-10-07T19:15:07.943Z,grafana-sc-datasources,monitoring,monitoring-grafana-647dfc6967-jlf5d,0.00038155835067493624
2026-10-07T19:15:22.943Z,grafana-sc-datasources,monitoring,monitoring-grafana-647dfc6967-jlf5d,0.00013113679345823075
2026-10-07T19:15:37.943Z,grafana-sc-datasources,monitoring,monitoring-grafana-647dfc6967-jlf5d,0.0002557283601517149
2026-10-07T19:15:52.943Z,grafana-sc-datasources,monitoring,monitoring-grafana-647dfc6967-jlf5d,0.0005520653455034512
2026-10-07T19:16:07.943Z,grafana-sc-datasources,monitoring,monitoring-grafana-647dfc6967-jlf5d,0.00019654535547175697
2026-10-07T19:16:22.943Z,grafana-sc-datasources,monitoring,monitoring-grafana-647dfc6967-jlf5d,0.00018740457258429428
2026-10-07T19:16:37.943Z,grafana-sc-datasources,monitoring,monitoring-grafana-647dfc6967-jlf5d,0.0004675563072353868
2026-10-07T19:16:52.943Z,grafana-sc-datasources,monitoring,monitoring-grafana-647dfc6967-jlf5d,0.0004461441537219573
2026-10-07T19:17:07.943Z,grafana-sc-datasources,monitoring,monitoring-grafana-647dfc6967-jlf5d,0.0005015721181524463
2026-10-07T19:17:22.943Z,grafana-sc-datasources,monitoring,monitoring-grafana-647dfc6967-jlf5d,0.000015924664914082915
2026-10-07T19:17:37.943Z,grafana-sc-datasources,monitoring,monitoring-grafana-647dfc6967-jlf5d,0.00042215384615382424
2026-10-07T19:17:52.943Z,grafana-sc-datasources,monitoring,monitoring-grafana-647dfc6967-jlf5d,0.00044123455656083375
2026-10-07T19:18:07.943Z,grafana-sc-datasources,monitoring,monitoring-grafana-647dfc6967-jlf5d,0.00043729497855150157
2026-10-07T19:18:22.943Z,grafana-sc-datasources,monitoring,monitoring-grafana-647dfc6967-jlf5d,0.000013646517594459854
2026-10-07T19:18:37.943Z,grafana-sc-datasources,monitoring,monitoring-grafana-647dfc6967-jlf5d,0.0005643702316231753
2026-10-07T19:18:52.943Z,grafana-sc-datasources,monitoring,monitoring-grafana-647dfc6967-jlf5d,0.0005848097074058964
2026-10-07T19:19:07.943Z,grafana-sc-datasources,monitoring,monitoring-grafana-647dfc6967-jlf5d,0.0005501300780469592
2026-10-07T19:19:22.943Z,grafana-sc-datasources,monitoring,monitoring-grafana-647dfc6967-jlf5d,0.00001374321171616645
2026-10-07T19:19:37.943Z,grafana-sc-datasources,monitoring,monitoring-grafana-647dfc6967-jlf5d,0.0005232173965279426
2026-10-07T19:19:52.943Z,grafana-sc-datasources,monitoring,monitoring-grafana-647dfc6967-jlf5d,0.0005572694733253854
2026-10-07T19:20:07.943Z,grafana-sc-datasources,monitoring,monitoring-grafana-647dfc6967-jlf5d,0.0006680205655525982
2026-10-07T19:20:22.943Z,grafana-sc-datasources,monitoring,monitoring-grafana-647dfc6967-jlf5d,0.000011572729033534007
2026-10-07T19:20:37.943Z,grafana-sc-datasources,monitoring,monitoring-grafana-647dfc6967-jlf5d,0.00021424145409471146
2026-10-07T19:14:07.943Z,k6,k6,lab-20261007190640-3451957-1-q25nb,0.006176960556025083
2026-10-07T19:14:22.943Z,k6,k6,lab-20261007190640-3451957-1-q25nb,0.00827392515844768
2026-10-07T19:14:37.943Z,k6,k6,lab-20261007190640-3451957-1-q25nb,0.0067194592433913085
2026-10-07T19:14:52.943Z,k6,k6,lab-20261007190640-3451957-1-q25nb,0.006467779063081751
2026-10-07T19:15:07.943Z,k6,k6,lab-20261007190640-3451957-1-q25nb,0.008941140632036238
2026-10-07T19:15:22.943Z,k6,k6,lab-20261007190640-3451957-1-q25nb,0.009678789722598665
2026-10-07T19:15:37.943Z,k6,k6,lab-20261007190640-3451957-1-q25nb,0.007934425621813955
2026-10-07T19:15:52.943Z,k6,k6,lab-20261007190640-3451957-1-q25nb,0.005883445362482468
2026-10-07T19:16:07.943Z,k6,k6,lab-20261007190640-3451957-1-q25nb,0.003420995606758836
2026-10-07T19:13:37.943Z,kube-prometheus-stack,monitoring,monitoring-kube-prometheus-operator-6dd9b7895b-nkvg5,0.003704769462078158
2026-10-07T19:13:52.943Z,kube-prometheus-stack,monitoring,monitoring-kube-prometheus-operator-6dd9b7895b-nkvg5,0.003636932965265577
2026-10-07T19:14:07.943Z,kube-prometheus-stack,monitoring,monitoring-kube-prometheus-operator-6dd9b7895b-nkvg5,0.003419038943291148
2026-10-07T19:14:22.943Z,kube-prometheus-stack,monitoring,monitoring-kube-prometheus-operator-6dd9b7895b-nkvg5,0.0036411826368700113
2026-10-07T19:14:37.943Z,kube-prometheus-stack,monitoring,monitoring-kube-prometheus-operator-6dd9b7895b-nkvg5,0.003780420287413681
2026-10-07T19:14:52.943Z,kube-prometheus-stack,monitoring,monitoring-kube-prometheus-operator-6dd9b7895b-nkvg5,0.003972803256681209
2026-10-07T19:15:07.943Z,kube-prometheus-stack,monitoring,monitoring-kube-prometheus-operator-6dd9b7895b-nkvg5,0.00490774110508416
2026-10-07T19:15:22.943Z,kube-prometheus-stack,monitoring,monitoring-kube-prometheus-operator-6dd9b7895b-nkvg5,0.004493901913464311
2026-10-07T19:15:37.943Z,kube-prometheus-stack,monitoring,monitoring-kube-prometheus-operator-6dd9b7895b-nkvg5,0.004468857756497964
2026-10-07T19:15:52.943Z,kube-prometheus-stack,monitoring,monitoring-kube-prometheus-operator-6dd9b7895b-nkvg5,0.004091213160274913
2026-10-07T19:16:07.943Z,kube-prometheus-stack,monitoring,monitoring-kube-prometheus-operator-6dd9b7895b-nkvg5,0.004140339863620205
2026-10-07T19:16:22.943Z,kube-prometheus-stack,monitoring,monitoring-kube-prometheus-operator-6dd9b7895b-nkvg5,0.004278017188307711
2026-10-07T19:16:37.943Z,kube-prometheus-stack,monitoring,monitoring-kube-prometheus-operator-6dd9b7895b-nkvg5,0.00435587390055051
2026-10-07T19:16:52.943Z,kube-prometheus-stack,monitoring,monitoring-kube-prometheus-operator-6dd9b7895b-nkvg5,0.00443870997445022
2026-10-07T19:17:07.943Z,kube-prometheus-stack,monitoring,monitoring-kube-prometheus-operator-6dd9b7895b-nkvg5,0.00440772764703312
2026-10-07T19:17:22.943Z,kube-prometheus-stack,monitoring,monitoring-kube-prometheus-operator-6dd9b7895b-nkvg5,0.004216408954534085
2026-10-07T19:17:37.943Z,kube-prometheus-stack,monitoring,monitoring-kube-prometheus-operator-6dd9b7895b-nkvg5,0.003991449387399011
2026-10-07T19:17:52.943Z,kube-prometheus-stack,monitoring,monitoring-kube-prometheus-operator-6dd9b7895b-nkvg5,0.004058795159591325
2026-10-07T19:18:07.943Z,kube-prometheus-stack,monitoring,monitoring-kube-prometheus-operator-6dd9b7895b-nkvg5,0.0037591823770959584
2026-10-07T19:18:22.943Z,kube-prometheus-stack,monitoring,monitoring-kube-prometheus-operator-6dd9b7895b-nkvg5,0.0036914262784802187
2026-10-07T19:18:37.943Z,kube-prometheus-stack,monitoring,monitoring-kube-prometheus-operator-6dd9b7895b-nkvg5,0.0036880021544966916
2026-10-07T19:18:52.943Z,kube-prometheus-stack,monitoring,monitoring-kube-prometheus-operator-6dd9b7895b-nkvg5,0.0033959816330985234
2026-10-07T19:19:07.943Z,kube-prometheus-stack,monitoring,monitoring-kube-prometheus-operator-6dd9b7895b-nkvg5,0.004001217752118854
2026-10-07T19:19:22.943Z,kube-prometheus-stack,monitoring,monitoring-kube-prometheus-operator-6dd9b7895b-nkvg5,0.003872927773314268
2026-10-07T19:19:37.943Z,kube-prometheus-stack,monitoring,monitoring-kube-prometheus-operator-6dd9b7895b-nkvg5,0.004487004712688616
2026-10-07T19:19:52.943Z,kube-prometheus-stack,monitoring,monitoring-kube-prometheus-operator-6dd9b7895b-nkvg5,0.004042058562556613
2026-10-07T19:20:07.943Z,kube-prometheus-stack,monitoring,monitoring-kube-prometheus-operator-6dd9b7895b-nkvg5,0.004623744686094515
2026-10-07T19:20:22.943Z,kube-prometheus-stack,monitoring,monitoring-kube-prometheus-operator-6dd9b7895b-nkvg5,0.004193061073638606
2026-10-07T19:20:37.943Z,kube-prometheus-stack,monitoring,monitoring-kube-prometheus-operator-6dd9b7895b-nkvg5,0.004239423279308364
2026-10-07T19:13:37.943Z,kube-state-metrics,monitoring,monitoring-kube-state-metrics-86b584b658-s8cm5,0.0017399387824505068
2026-10-07T19:13:52.943Z,kube-state-metrics,monitoring,monitoring-kube-state-metrics-86b584b658-s8cm5,0.001942392655637046
2026-10-07T19:14:07.943Z,kube-state-metrics,monitoring,monitoring-kube-state-metrics-86b584b658-s8cm5,0.00200083781188059
2026-10-07T19:14:22.943Z,kube-state-metrics,monitoring,monitoring-kube-state-metrics-86b584b658-s8cm5,0.0015529703420672563
2026-10-07T19:14:37.943Z,kube-state-metrics,monitoring,monitoring-kube-state-metrics-86b584b658-s8cm5,0.001068090259756334
2026-10-07T19:14:52.943Z,kube-state-metrics,monitoring,monitoring-kube-state-metrics-86b584b658-s8cm5,0.0010002252150802693
2026-10-07T19:15:07.943Z,kube-state-metrics,monitoring,monitoring-kube-state-metrics-86b584b658-s8cm5,0.000962098713053162
2026-10-07T19:15:22.943Z,kube-state-metrics,monitoring,monitoring-kube-state-metrics-86b584b658-s8cm5,0.0012567452428286596
2026-10-07T19:15:37.943Z,kube-state-metrics,monitoring,monitoring-kube-state-metrics-86b584b658-s8cm5,0.0014931892907471514
2026-10-07T19:15:52.943Z,kube-state-metrics,monitoring,monitoring-kube-state-metrics-86b584b658-s8cm5,0.001502724954973853
2026-10-07T19:16:07.943Z,kube-state-metrics,monitoring,monitoring-kube-state-metrics-86b584b658-s8cm5,0.0011528086973436593
2026-10-07T19:16:22.943Z,kube-state-metrics,monitoring,monitoring-kube-state-metrics-86b584b658-s8cm5,0.0010813472242040423
2026-10-07T19:16:37.943Z,kube-state-metrics,monitoring,monitoring-kube-state-metrics-86b584b658-s8cm5,0.0009098039215688922
2026-10-07T19:16:52.943Z,kube-state-metrics,monitoring,monitoring-kube-state-metrics-86b584b658-s8cm5,0.000810089478556629
2026-10-07T19:17:07.943Z,kube-state-metrics,monitoring,monitoring-kube-state-metrics-86b584b658-s8cm5,0.0009466309248203822
2026-10-07T19:17:22.943Z,kube-state-metrics,monitoring,monitoring-kube-state-metrics-86b584b658-s8cm5,0.0010747031662263593
2026-10-07T19:17:37.943Z,kube-state-metrics,monitoring,monitoring-kube-state-metrics-86b584b658-s8cm5,0.0011498226761340645
2026-10-07T19:17:52.943Z,kube-state-metrics,monitoring,monitoring-kube-state-metrics-86b584b658-s8cm5,0.001292396048702364
2026-10-07T19:18:07.943Z,kube-state-metrics,monitoring,monitoring-kube-state-metrics-86b584b658-s8cm5,0.000992996436269762
2026-10-07T19:18:22.943Z,kube-state-metrics,monitoring,monitoring-kube-state-metrics-86b584b658-s8cm5,0.0013152798293122108
2026-10-07T19:18:37.943Z,kube-state-metrics,monitoring,monitoring-kube-state-metrics-86b584b658-s8cm5,0.001378698958505718
2026-10-07T19:18:52.943Z,kube-state-metrics,monitoring,monitoring-kube-state-metrics-86b584b658-s8cm5,0.001252644916059895
2026-10-07T19:19:07.943Z,kube-state-metrics,monitoring,monitoring-kube-state-metrics-86b584b658-s8cm5,0.0010067730249097365
2026-10-07T19:19:22.943Z,kube-state-metrics,monitoring,monitoring-kube-state-metrics-86b584b658-s8cm5,0.0011130048528487165
2026-10-07T19:19:37.943Z,kube-state-metrics,monitoring,monitoring-kube-state-metrics-86b584b658-s8cm5,0.0012464454053212881
2026-10-07T19:19:52.943Z,kube-state-metrics,monitoring,monitoring-kube-state-metrics-86b584b658-s8cm5,0.0013468366718316052
2026-10-07T19:20:07.943Z,kube-state-metrics,monitoring,monitoring-kube-state-metrics-86b584b658-s8cm5,0.0011914403217789789
2026-10-07T19:20:22.943Z,kube-state-metrics,monitoring,monitoring-kube-state-metrics-86b584b658-s8cm5,0.001237335167441113
2026-10-07T19:20:37.943Z,kube-state-metrics,monitoring,monitoring-kube-state-metrics-86b584b658-s8cm5,0.001101262862488241
2026-10-07T19:13:37.943Z,local-path-provisioner,kube-system,local-path-provisioner-6858d854cf-q6njl,0.00012594505420059906
2026-10-07T19:13:52.943Z,local-path-provisioner,kube-system,local-path-provisioner-6858d854cf-q6njl,0.00013948887649947917
2026-10-07T19:14:07.943Z,local-path-provisioner,kube-system,local-path-provisioner-6858d854cf-q6njl,0.0001458318165270919
2026-10-07T19:14:22.943Z,local-path-provisioner,kube-system,local-path-provisioner-6858d854cf-q6njl,0.0000903058083053818
2026-10-07T19:14:37.943Z,local-path-provisioner,kube-system,local-path-provisioner-6858d854cf-q6njl,0.00006955958549224841
2026-10-07T19:14:52.943Z,local-path-provisioner,kube-system,local-path-provisioner-6858d854cf-q6njl,0.00009309844559598255
2026-10-07T19:15:07.943Z,local-path-provisioner,kube-system,local-path-provisioner-6858d854cf-q6njl,0.00008833913999104333
2026-10-07T19:15:22.943Z,local-path-provisioner,kube-system,local-path-provisioner-6858d854cf-q6njl,0.00010692823441767317
2026-10-07T19:15:37.943Z,local-path-provisioner,kube-system,local-path-provisioner-6858d854cf-q6njl,0.0002975864938770776
2026-10-07T19:15:52.943Z,local-path-provisioner,kube-system,local-path-provisioner-6858d854cf-q6njl,0.0002941654227764021
2026-10-07T19:16:07.943Z,local-path-provisioner,kube-system,local-path-provisioner-6858d854cf-q6njl,0.00029471672609467954
2026-10-07T19:16:22.943Z,local-path-provisioner,kube-system,local-path-provisioner-6858d854cf-q6njl,0.00010296023640410134
2026-10-07T19:16:37.943Z,local-path-provisioner,kube-system,local-path-provisioner-6858d854cf-q6njl,0.00010852172179156307
2026-10-07T19:16:52.943Z,local-path-provisioner,kube-system,local-path-provisioner-6858d854cf-q6njl,0.00011502002670231865
2026-10-07T19:17:07.943Z,local-path-provisioner,kube-system,local-path-provisioner-6858d854cf-q6njl,0.00011678845125640172
2026-10-07T19:17:22.943Z,local-path-provisioner,kube-system,local-path-provisioner-6858d854cf-q6njl,0.00009196727447021475
2026-10-07T19:17:37.943Z,local-path-provisioner,kube-system,local-path-provisioner-6858d854cf-q6njl,0.00014818593540039205
2026-10-07T19:17:52.943Z,local-path-provisioner,kube-system,local-path-provisioner-6858d854cf-q6njl,0.0002727641698967116
2026-10-07T19:18:07.943Z,local-path-provisioner,kube-system,local-path-provisioner-6858d854cf-q6njl,0.00031540255197886106
2026-10-07T19:18:22.943Z,local-path-provisioner,kube-system,local-path-provisioner-6858d854cf-q6njl,0.00024489168168044236
2026-10-07T19:18:37.943Z,local-path-provisioner,kube-system,local-path-provisioner-6858d854cf-q6njl,0.00009062789280000607
2026-10-07T19:18:52.943Z,local-path-provisioner,kube-system,local-path-provisioner-6858d854cf-q6njl,0.0001038421797864109
2026-10-07T19:19:07.943Z,local-path-provisioner,kube-system,local-path-provisioner-6858d854cf-q6njl,0.00009450652720167296
2026-10-07T19:19:22.943Z,local-path-provisioner,kube-system,local-path-provisioner-6858d854cf-q6njl,0.00008716424031159425
2026-10-07T19:19:37.943Z,local-path-provisioner,kube-system,local-path-provisioner-6858d854cf-q6njl,0.00006967123407608317
2026-10-07T19:19:52.943Z,local-path-provisioner,kube-system,local-path-provisioner-6858d854cf-q6njl,0.00020406589686693471
2026-10-07T19:20:07.943Z,local-path-provisioner,kube-system,local-path-provisioner-6858d854cf-q6njl,0.00022556796137439107
2026-10-07T19:20:22.943Z,local-path-provisioner,kube-system,local-path-provisioner-6858d854cf-q6njl,0.00023737492920516956
2026-10-07T19:20:37.943Z,local-path-provisioner,kube-system,local-path-provisioner-6858d854cf-q6njl,0.00007548495012138178
2026-10-07T19:13:37.943Z,loki,logging,loki-0,0.010700109224958418
2026-10-07T19:13:52.943Z,loki,logging,loki-0,0.01100290523403387
2026-10-07T19:14:07.943Z,loki,logging,loki-0,0.012309416610782659
2026-10-07T19:14:22.943Z,loki,logging,loki-0,0.011898787946178026
2026-10-07T19:14:37.943Z,loki,logging,loki-0,0.012284521962442755
2026-10-07T19:14:52.943Z,loki,logging,loki-0,0.00947733359693367
2026-10-07T19:15:07.943Z,loki,logging,loki-0,0.01195093189339841
2026-10-07T19:15:22.943Z,loki,logging,loki-0,0.012456902667422913
2026-10-07T19:15:37.943Z,loki,logging,loki-0,0.012203739082968824
2026-10-07T19:15:52.943Z,loki,logging,loki-0,0.012203739082968824
2026-10-07T19:16:07.943Z,loki,logging,loki-0,0.012140052882681964
2026-10-07T19:16:22.943Z,loki,logging,loki-0,0.012291022041696714
2026-10-07T19:16:37.943Z,loki,logging,loki-0,0.012386889906804492
2026-10-07T19:16:52.943Z,loki,logging,loki-0,0.013237908308423056
2026-10-07T19:17:07.943Z,loki,logging,loki-0,0.011466180672020033
2026-10-07T19:17:22.943Z,loki,logging,loki-0,0.013837094601973701
2026-10-07T19:17:37.943Z,loki,logging,loki-0,0.013336844919784154
2026-10-07T19:17:52.943Z,loki,logging,loki-0,0.012744756999225835
2026-10-07T19:18:07.943Z,loki,logging,loki-0,0.014171773712659593
2026-10-07T19:18:22.943Z,loki,logging,loki-0,0.014243246532001971
2026-10-07T19:18:37.943Z,loki,logging,loki-0,0.012908416886544143
2026-10-07T19:18:52.943Z,loki,logging,loki-0,0.013333183688738499
2026-10-07T19:19:07.943Z,loki,logging,loki-0,0.01395502498611814
2026-10-07T19:19:22.943Z,loki,logging,loki-0,0.011773764342283667
2026-10-07T19:19:37.943Z,loki,logging,loki-0,0.015655330495391084
2026-10-07T19:19:52.943Z,loki,logging,loki-0,0.014019284178458258
2026-10-07T19:20:07.943Z,loki,logging,loki-0,0.012554204614794099
2026-10-07T19:20:22.943Z,loki,logging,loki-0,0.012648360966281766
2026-10-07T19:20:37.943Z,loki,logging,loki-0,0.013465386131922361
2026-10-07T19:13:37.943Z,manager,k6-operator,k6-operator-controller-manager-7c45b488b8-tvch5,0.0010258518043599276
2026-10-07T19:13:52.943Z,manager,k6-operator,k6-operator-controller-manager-7c45b488b8-tvch5,0.0029699181029063247
2026-10-07T19:14:07.943Z,manager,k6-operator,k6-operator-controller-manager-7c45b488b8-tvch5,0.0025586230115309467
2026-10-07T19:14:22.943Z,manager,k6-operator,k6-operator-controller-manager-7c45b488b8-tvch5,0.0006637953786381259
2026-10-07T19:14:37.943Z,manager,k6-operator,k6-operator-controller-manager-7c45b488b8-tvch5,0.0007929544623263816
2026-10-07T19:14:52.943Z,manager,k6-operator,k6-operator-controller-manager-7c45b488b8-tvch5,0.0007723118890657106
2026-10-07T19:15:07.943Z,manager,k6-operator,k6-operator-controller-manager-7c45b488b8-tvch5,0.000857257435185964
2026-10-07T19:15:22.943Z,manager,k6-operator,k6-operator-controller-manager-7c45b488b8-tvch5,0.0008655204664399572
2026-10-07T19:15:37.943Z,manager,k6-operator,k6-operator-controller-manager-7c45b488b8-tvch5,0.0008467713093583248
2026-10-07T19:15:52.943Z,manager,k6-operator,k6-operator-controller-manager-7c45b488b8-tvch5,0.00132093213409656
2026-10-07T19:16:07.943Z,manager,k6-operator,k6-operator-controller-manager-7c45b488b8-tvch5,0.0013725764623553946
2026-10-07T19:16:22.943Z,manager,k6-operator,k6-operator-controller-manager-7c45b488b8-tvch5,0.0014092847515300212
2026-10-07T19:16:37.943Z,manager,k6-operator,k6-operator-controller-manager-7c45b488b8-tvch5,0.0007214349212989203
2026-10-07T19:16:52.943Z,manager,k6-operator,k6-operator-controller-manager-7c45b488b8-tvch5,0.0008198318945931355
2026-10-07T19:17:07.943Z,manager,k6-operator,k6-operator-controller-manager-7c45b488b8-tvch5,0.0008646017317880895
2026-10-07T19:17:22.943Z,manager,k6-operator,k6-operator-controller-manager-7c45b488b8-tvch5,0.0008455459481196777
2026-10-07T19:17:37.943Z,manager,k6-operator,k6-operator-controller-manager-7c45b488b8-tvch5,0.0007154026421121196
2026-10-07T19:17:52.943Z,manager,k6-operator,k6-operator-controller-manager-7c45b488b8-tvch5,0.0009588683788123555
2026-10-07T19:18:07.943Z,manager,k6-operator,k6-operator-controller-manager-7c45b488b8-tvch5,0.0010200957598636674
2026-10-07T19:18:22.943Z,manager,k6-operator,k6-operator-controller-manager-7c45b488b8-tvch5,0.0010551777325949819
2026-10-07T19:18:37.943Z,manager,k6-operator,k6-operator-controller-manager-7c45b488b8-tvch5,0.0007949733812059863
2026-10-07T19:18:52.943Z,manager,k6-operator,k6-operator-controller-manager-7c45b488b8-tvch5,0.0007800626216471326
2026-10-07T19:19:07.943Z,manager,k6-operator,k6-operator-controller-manager-7c45b488b8-tvch5,0.0008097300899697408
2026-10-07T19:19:22.943Z,manager,k6-operator,k6-operator-controller-manager-7c45b488b8-tvch5,0.0007260220597048349
2026-10-07T19:19:37.943Z,manager,k6-operator,k6-operator-controller-manager-7c45b488b8-tvch5,0.00065116593345194
2026-10-07T19:19:52.943Z,manager,k6-operator,k6-operator-controller-manager-7c45b488b8-tvch5,0.000963787441317175
2026-10-07T19:20:07.943Z,manager,k6-operator,k6-operator-controller-manager-7c45b488b8-tvch5,0.0009900619025560774
2026-10-07T19:20:22.943Z,manager,k6-operator,k6-operator-controller-manager-7c45b488b8-tvch5,0.0008548294615398689
2026-10-07T19:20:37.943Z,manager,k6-operator,k6-operator-controller-manager-7c45b488b8-tvch5,0.0006639720171008199
2026-10-07T19:13:37.943Z,metrics-server,kube-system,metrics-server-778c4649b4-cmvc2,0.0061922271072329714
2026-10-07T19:13:52.943Z,metrics-server,kube-system,metrics-server-778c4649b4-cmvc2,0.005165646370986177
2026-10-07T19:14:07.943Z,metrics-server,kube-system,metrics-server-778c4649b4-cmvc2,0.0068711145938308476
2026-10-07T19:14:22.943Z,metrics-server,kube-system,metrics-server-778c4649b4-cmvc2,0.00733906647294066
2026-10-07T19:14:37.943Z,metrics-server,kube-system,metrics-server-778c4649b4-cmvc2,0.004901725000001989
2026-10-07T19:14:52.943Z,metrics-server,kube-system,metrics-server-778c4649b4-cmvc2,0.00719340382790267
2026-10-07T19:15:07.943Z,metrics-server,kube-system,metrics-server-778c4649b4-cmvc2,0.007081140259414922
2026-10-07T19:15:22.943Z,metrics-server,kube-system,metrics-server-778c4649b4-cmvc2,0.005941864434374528
2026-10-07T19:15:37.943Z,metrics-server,kube-system,metrics-server-778c4649b4-cmvc2,0.006960119549669794
2026-10-07T19:15:52.943Z,metrics-server,kube-system,metrics-server-778c4649b4-cmvc2,0.0067262925899446374
2026-10-07T19:16:07.943Z,metrics-server,kube-system,metrics-server-778c4649b4-cmvc2,0.006300968658604276
2026-10-07T19:16:22.943Z,metrics-server,kube-system,metrics-server-778c4649b4-cmvc2,0.004979002611149263
2026-10-07T19:16:37.943Z,metrics-server,kube-system,metrics-server-778c4649b4-cmvc2,0.007213696892834997
2026-10-07T19:16:52.943Z,metrics-server,kube-system,metrics-server-778c4649b4-cmvc2,0.006647142128817076
2026-10-07T19:17:07.943Z,metrics-server,kube-system,metrics-server-778c4649b4-cmvc2,0.0061161268751396955
2026-10-07T19:17:22.943Z,metrics-server,kube-system,metrics-server-778c4649b4-cmvc2,0.006963817950008563
2026-10-07T19:17:37.943Z,metrics-server,kube-system,metrics-server-778c4649b4-cmvc2,0.006922114985467529
2026-10-07T19:17:52.943Z,metrics-server,kube-system,metrics-server-778c4649b4-cmvc2,0.006524079448575871
2026-10-07T19:18:07.943Z,metrics-server,kube-system,metrics-server-778c4649b4-cmvc2,0.006783921117898447
2026-10-07T19:18:22.943Z,metrics-server,kube-system,metrics-server-778c4649b4-cmvc2,0.006894791149158733
2026-10-07T19:18:37.943Z,metrics-server,kube-system,metrics-server-778c4649b4-cmvc2,0.0068882517367538434
2026-10-07T19:18:52.943Z,metrics-server,kube-system,metrics-server-778c4649b4-cmvc2,0.00682512718424979
2026-10-07T19:19:07.943Z,metrics-server,kube-system,metrics-server-778c4649b4-cmvc2,0.006772264254616362
2026-10-07T19:19:22.943Z,metrics-server,kube-system,metrics-server-778c4649b4-cmvc2,0.007120456303166801
2026-10-07T19:19:37.943Z,metrics-server,kube-system,metrics-server-778c4649b4-cmvc2,0.006763382911459227
2026-10-07T19:19:52.943Z,metrics-server,kube-system,metrics-server-778c4649b4-cmvc2,0.0066767356662864085
2026-10-07T19:20:07.943Z,metrics-server,kube-system,metrics-server-778c4649b4-cmvc2,0.0048539000000005226
2026-10-07T19:20:22.943Z,metrics-server,kube-system,metrics-server-778c4649b4-cmvc2,0.007179539641945341
2026-10-07T19:20:37.943Z,metrics-server,kube-system,metrics-server-778c4649b4-cmvc2,0.007462006244063954
2026-10-07T19:13:37.943Z,node-exporter,monitoring,monitoring-prometheus-node-exporter-jdg2j,0.004878888822795875
2026-10-07T19:13:52.943Z,node-exporter,monitoring,monitoring-prometheus-node-exporter-jdg2j,0.004497301821547098
2026-10-07T19:14:07.943Z,node-exporter,monitoring,monitoring-prometheus-node-exporter-jdg2j,0.005074478717120494
2026-10-07T19:14:22.943Z,node-exporter,monitoring,monitoring-prometheus-node-exporter-jdg2j,0.005200723629276524
2026-10-07T19:14:37.943Z,node-exporter,monitoring,monitoring-prometheus-node-exporter-jdg2j,0.006140284257349168
2026-10-07T19:14:52.943Z,node-exporter,monitoring,monitoring-prometheus-node-exporter-jdg2j,0.00468960101964204
2026-10-07T19:15:07.943Z,node-exporter,monitoring,monitoring-prometheus-node-exporter-jdg2j,0.0038774063787007885
2026-10-07T19:15:22.943Z,node-exporter,monitoring,monitoring-prometheus-node-exporter-jdg2j,0.005068707001397449
2026-10-07T19:15:37.943Z,node-exporter,monitoring,monitoring-prometheus-node-exporter-jdg2j,0.005924179994577235
2026-10-07T19:15:52.943Z,node-exporter,monitoring,monitoring-prometheus-node-exporter-jdg2j,0.004916330291330425
2026-10-07T19:16:07.943Z,node-exporter,monitoring,monitoring-prometheus-node-exporter-jdg2j,0.002093418634982719
2026-10-07T19:16:22.943Z,node-exporter,monitoring,monitoring-prometheus-node-exporter-jdg2j,0.005074954481085922
2026-10-07T19:16:37.943Z,node-exporter,monitoring,monitoring-prometheus-node-exporter-jdg2j,0.004918364829018947
2026-10-07T19:16:52.943Z,node-exporter,monitoring,monitoring-prometheus-node-exporter-jdg2j,0.004694988978689928
2026-10-07T19:17:07.943Z,node-exporter,monitoring,monitoring-prometheus-node-exporter-jdg2j,0.0045404150424196805
2026-10-07T19:17:22.943Z,node-exporter,monitoring,monitoring-prometheus-node-exporter-jdg2j,0.005063737089201336
2026-10-07T19:17:37.943Z,node-exporter,monitoring,monitoring-prometheus-node-exporter-jdg2j,0.00567742711262476
2026-10-07T19:17:52.943Z,node-exporter,monitoring,monitoring-prometheus-node-exporter-jdg2j,0.005173258873869307
2026-10-07T19:18:07.943Z,node-exporter,monitoring,monitoring-prometheus-node-exporter-jdg2j,0.004178169775305334
2026-10-07T19:18:22.943Z,node-exporter,monitoring,monitoring-prometheus-node-exporter-jdg2j,0.004270931094096102
2026-10-07T19:18:37.943Z,node-exporter,monitoring,monitoring-prometheus-node-exporter-jdg2j,0.004373582658407533
2026-10-07T19:18:52.943Z,node-exporter,monitoring,monitoring-prometheus-node-exporter-jdg2j,0.006072008434369754
2026-10-07T19:19:07.943Z,node-exporter,monitoring,monitoring-prometheus-node-exporter-jdg2j,0.005607623979811431
2026-10-07T19:19:22.943Z,node-exporter,monitoring,monitoring-prometheus-node-exporter-jdg2j,0.006076333280997327
2026-10-07T19:19:37.943Z,node-exporter,monitoring,monitoring-prometheus-node-exporter-jdg2j,0.005149908753750935
2026-10-07T19:19:52.943Z,node-exporter,monitoring,monitoring-prometheus-node-exporter-jdg2j,0.004960256177562811
2026-10-07T19:20:07.943Z,node-exporter,monitoring,monitoring-prometheus-node-exporter-jdg2j,0.004779047401397981
2026-10-07T19:20:22.943Z,node-exporter,monitoring,monitoring-prometheus-node-exporter-jdg2j,0.004086653136176315
2026-10-07T19:20:37.943Z,node-exporter,monitoring,monitoring-prometheus-node-exporter-jdg2j,0.004378298147274536
2026-10-07T19:13:37.943Z,postgresql,customer,dtr-postgresql-0,0.018854296726561016
2026-10-07T19:13:52.943Z,postgresql,customer,dtr-postgresql-0,0.016704759516246007
2026-10-07T19:14:07.943Z,postgresql,customer,dtr-postgresql-0,0.017408868389029927
2026-10-07T19:14:22.943Z,postgresql,customer,dtr-postgresql-0,0.01725615163898825
2026-10-07T19:14:37.943Z,postgresql,customer,dtr-postgresql-0,0.016539642189073295
2026-10-07T19:14:52.943Z,postgresql,customer,dtr-postgresql-0,0.0170048311584801
2026-10-07T19:15:07.943Z,postgresql,customer,dtr-postgresql-0,0.016586328890010094
2026-10-07T19:15:22.943Z,postgresql,customer,dtr-postgresql-0,0.017793427407187142
2026-10-07T19:15:37.943Z,postgresql,customer,dtr-postgresql-0,0.01700809132177389
2026-10-07T19:15:52.943Z,postgresql,customer,dtr-postgresql-0,0.01709525713828879
2026-10-07T19:16:07.943Z,postgresql,customer,dtr-postgresql-0,0.01696862601477078
2026-10-07T19:16:22.943Z,postgresql,customer,dtr-postgresql-0,0.01649263839180605
2026-10-07T19:16:37.943Z,postgresql,customer,dtr-postgresql-0,0.01689786942135013
2026-10-07T19:16:52.943Z,postgresql,customer,dtr-postgresql-0,0.017224537651536396
2026-10-07T19:17:07.943Z,postgresql,customer,dtr-postgresql-0,0.017004563813522056
2026-10-07T19:17:22.943Z,postgresql,customer,dtr-postgresql-0,0.018380498194281582
2026-10-07T19:17:37.943Z,postgresql,customer,dtr-postgresql-0,0.01707879112635161
2026-10-07T19:17:52.943Z,postgresql,customer,dtr-postgresql-0,0.01818135794254579
2026-10-07T19:18:07.943Z,postgresql,customer,dtr-postgresql-0,0.016090130174669048
2026-10-07T19:18:22.943Z,postgresql,customer,dtr-postgresql-0,0.0168296196696119
2026-10-07T19:18:37.943Z,postgresql,customer,dtr-postgresql-0,0.010862874999997987
2026-10-07T19:18:52.943Z,postgresql,customer,dtr-postgresql-0,0.016370632954642663
2026-10-07T19:19:07.943Z,postgresql,customer,dtr-postgresql-0,0.016471095787019732
2026-10-07T19:19:22.943Z,postgresql,customer,dtr-postgresql-0,0.014485136391719456
2026-10-07T19:19:37.943Z,postgresql,customer,dtr-postgresql-0,0.016764234813892536
2026-10-07T19:19:52.943Z,postgresql,customer,dtr-postgresql-0,0.016342522318851704
2026-10-07T19:20:07.943Z,postgresql,customer,dtr-postgresql-0,0.012184214098992086
2026-10-07T19:20:22.943Z,postgresql,customer,dtr-postgresql-0,0.015402069852802777
2026-10-07T19:20:37.943Z,postgresql,customer,dtr-postgresql-0,0.016553294948716404
2026-10-07T19:13:37.943Z,postgresql,customer,edc-postgresql-0,0.0453993276266342
2026-10-07T19:13:52.943Z,postgresql,customer,edc-postgresql-0,0.04626241925342387
2026-10-07T19:14:07.943Z,postgresql,customer,edc-postgresql-0,0.0927754574498947
2026-10-07T19:14:22.943Z,postgresql,customer,edc-postgresql-0,0.11752862172381962
2026-10-07T19:14:37.943Z,postgresql,customer,edc-postgresql-0,0.15728485983565904
2026-10-07T19:14:52.943Z,postgresql,customer,edc-postgresql-0,0.1727088939734173
2026-10-07T19:15:07.943Z,postgresql,customer,edc-postgresql-0,0.17027013683806527
2026-10-07T19:15:22.943Z,postgresql,customer,edc-postgresql-0,0.1674953284732736
2026-10-07T19:15:37.943Z,postgresql,customer,edc-postgresql-0,0.15236182358615463
2026-10-07T19:15:52.943Z,postgresql,customer,edc-postgresql-0,0.14729871566884026
2026-10-07T19:16:07.943Z,postgresql,customer,edc-postgresql-0,0.1425069280162169
2026-10-07T19:16:22.943Z,postgresql,customer,edc-postgresql-0,0.13926204602437328
2026-10-07T19:16:37.943Z,postgresql,customer,edc-postgresql-0,0.11918749391700809
2026-10-07T19:16:52.943Z,postgresql,customer,edc-postgresql-0,0.13779718524715565
2026-10-07T19:17:07.943Z,postgresql,customer,edc-postgresql-0,0.13327728648727197
2026-10-07T19:17:22.943Z,postgresql,customer,edc-postgresql-0,0.12518843066234012
2026-10-07T19:17:37.943Z,postgresql,customer,edc-postgresql-0,0.1162847367269481
2026-10-07T19:17:52.943Z,postgresql,customer,edc-postgresql-0,0.1139489942942699
2026-10-07T19:18:07.943Z,postgresql,customer,edc-postgresql-0,0.11382919208451849
2026-10-07T19:18:22.943Z,postgresql,customer,edc-postgresql-0,0.1117750059966276
2026-10-07T19:18:37.943Z,postgresql,customer,edc-postgresql-0,0.11251094913844355
2026-10-07T19:18:52.943Z,postgresql,customer,edc-postgresql-0,0.10968307863295376
2026-10-07T19:19:07.943Z,postgresql,customer,edc-postgresql-0,0.10999011409115972
2026-10-07T19:19:22.943Z,postgresql,customer,edc-postgresql-0,0.09041307005321728
2026-10-07T19:19:37.943Z,postgresql,customer,edc-postgresql-0,0.1145702404010406
2026-10-07T19:19:52.943Z,postgresql,customer,edc-postgresql-0,0.11675230083705251
2026-10-07T19:20:07.943Z,postgresql,customer,edc-postgresql-0,0.11863786760841263
2026-10-07T19:20:22.943Z,postgresql,customer,edc-postgresql-0,0.11639150847527116
2026-10-07T19:20:37.943Z,postgresql,customer,edc-postgresql-0,0.11299613171508831
2026-10-07T19:13:37.943Z,postgresql,customer,puris-postgresql-0,0.028647905759164316
2026-10-07T19:13:52.943Z,postgresql,customer,puris-postgresql-0,0.027030473081736235
2026-10-07T19:14:07.943Z,postgresql,customer,puris-postgresql-0,0.02712162956104274
2026-10-07T19:14:22.943Z,postgresql,customer,puris-postgresql-0,0.027038019094566268
2026-10-07T19:14:37.943Z,postgresql,customer,puris-postgresql-0,0.03876491653670907
2026-10-07T19:14:52.943Z,postgresql,customer,puris-postgresql-0,0.0389828783335908
2026-10-07T19:15:07.943Z,postgresql,customer,puris-postgresql-0,0.036329285853439704
2026-10-07T19:15:22.943Z,postgresql,customer,puris-postgresql-0,0.04079241280458421
2026-10-07T19:15:37.943Z,postgresql,customer,puris-postgresql-0,0.03656905093491299
2026-10-07T19:15:52.943Z,postgresql,customer,puris-postgresql-0,0.03251223844282652
2026-10-07T19:16:07.943Z,postgresql,customer,puris-postgresql-0,0.02811656535341226
2026-10-07T19:16:22.943Z,postgresql,customer,puris-postgresql-0,0.030788265306120673
2026-10-07T19:16:37.943Z,postgresql,customer,puris-postgresql-0,0.03119485084377763
2026-10-07T19:16:52.943Z,postgresql,customer,puris-postgresql-0,0.027747361494957445
2026-10-07T19:17:07.943Z,postgresql,customer,puris-postgresql-0,0.032066909975670785
2026-10-07T19:17:22.943Z,postgresql,customer,puris-postgresql-0,0.02985840661641079
2026-10-07T19:17:37.943Z,postgresql,customer,puris-postgresql-0,0.030248631634811618
2026-10-07T19:17:52.943Z,postgresql,customer,puris-postgresql-0,0.03150443903421008
2026-10-07T19:18:07.943Z,postgresql,customer,puris-postgresql-0,0.0346632854543377
2026-10-07T19:18:22.943Z,postgresql,customer,puris-postgresql-0,0.03263840130700696
2026-10-07T19:18:37.943Z,postgresql,customer,puris-postgresql-0,0.03489385090317386
2026-10-07T19:18:52.943Z,postgresql,customer,puris-postgresql-0,0.03226592316600298
2026-10-07T19:19:07.943Z,postgresql,customer,puris-postgresql-0,0.027248584935659865
2026-10-07T19:19:22.943Z,postgresql,customer,puris-postgresql-0,0.029720254999701285
2026-10-07T19:19:37.943Z,postgresql,customer,puris-postgresql-0,0.030300948656992538
2026-10-07T19:19:52.943Z,postgresql,customer,puris-postgresql-0,0.032351757172641125
2026-10-07T19:20:07.943Z,postgresql,customer,puris-postgresql-0,0.03161515356820132
2026-10-07T19:20:22.943Z,postgresql,customer,puris-postgresql-0,0.03383538406150037
2026-10-07T19:20:37.943Z,postgresql,customer,puris-postgresql-0,0.03411888168722347
2026-10-07T19:13:37.943Z,postgresql,identity,wallet-postgres-0,0.020463069480872034
2026-10-07T19:13:52.943Z,postgresql,identity,wallet-postgres-0,0.024660521159871024
2026-10-07T19:14:07.943Z,postgresql,identity,wallet-postgres-0,0.023790760346481466
2026-10-07T19:14:22.943Z,postgresql,identity,wallet-postgres-0,0.024154318820221576
2026-10-07T19:14:37.943Z,postgresql,identity,wallet-postgres-0,0.025645202476452834
2026-10-07T19:14:52.943Z,postgresql,identity,wallet-postgres-0,0.02430715979744673
2026-10-07T19:15:07.943Z,postgresql,identity,wallet-postgres-0,0.02462780318678294
2026-10-07T19:15:22.943Z,postgresql,identity,wallet-postgres-0,0.023184155960321827
2026-10-07T19:15:37.943Z,postgresql,identity,wallet-postgres-0,0.02499663444163481
2026-10-07T19:15:52.943Z,postgresql,identity,wallet-postgres-0,0.025321859141310507
2026-10-07T19:16:07.943Z,postgresql,identity,wallet-postgres-0,0.024686394362139603
2026-10-07T19:16:22.943Z,postgresql,identity,wallet-postgres-0,0.025595413930456837
2026-10-07T19:16:37.943Z,postgresql,identity,wallet-postgres-0,0.024719017593030027
2026-10-07T19:16:52.943Z,postgresql,identity,wallet-postgres-0,0.024510459461730704
2026-10-07T19:17:07.943Z,postgresql,identity,wallet-postgres-0,0.024241363596908948
2026-10-07T19:17:22.943Z,postgresql,identity,wallet-postgres-0,0.023338319933707156
2026-10-07T19:17:37.943Z,postgresql,identity,wallet-postgres-0,0.024617955489956527
2026-10-07T19:17:52.943Z,postgresql,identity,wallet-postgres-0,0.02533665182620212
2026-10-07T19:18:07.943Z,postgresql,identity,wallet-postgres-0,0.026799131314334857
2026-10-07T19:18:22.943Z,postgresql,identity,wallet-postgres-0,0.023874094978146212
2026-10-07T19:18:37.943Z,postgresql,identity,wallet-postgres-0,0.023340320591863216
2026-10-07T19:18:52.943Z,postgresql,identity,wallet-postgres-0,0.020997153310795887
2026-10-07T19:19:07.943Z,postgresql,identity,wallet-postgres-0,0.020662974551616278
2026-10-07T19:19:22.943Z,postgresql,identity,wallet-postgres-0,0.024417559318126895
2026-10-07T19:19:37.943Z,postgresql,identity,wallet-postgres-0,0.02639974123292161
2026-10-07T19:19:52.943Z,postgresql,identity,wallet-postgres-0,0.024734056259392952
2026-10-07T19:20:07.943Z,postgresql,identity,wallet-postgres-0,0.024622261739587082
2026-10-07T19:20:22.943Z,postgresql,identity,wallet-postgres-0,0.026049504566517286
2026-10-07T19:20:37.943Z,postgresql,identity,wallet-postgres-0,0.02882910113529944
2026-10-07T19:13:37.943Z,postgresql,supplier,dtr-postgresql-0,0.016603520756699155
2026-10-07T19:13:52.943Z,postgresql,supplier,dtr-postgresql-0,0.014097104197388556
2026-10-07T19:14:07.943Z,postgresql,supplier,dtr-postgresql-0,0.017905715377041834
2026-10-07T19:14:22.943Z,postgresql,supplier,dtr-postgresql-0,0.022121964919910093
2026-10-07T19:14:37.943Z,postgresql,supplier,dtr-postgresql-0,0.02245297515668928
2026-10-07T19:14:52.943Z,postgresql,supplier,dtr-postgresql-0,0.021336584013124386
2026-10-07T19:15:07.943Z,postgresql,supplier,dtr-postgresql-0,0.02286529899828259
2026-10-07T19:15:22.943Z,postgresql,supplier,dtr-postgresql-0,0.0212751921332762
2026-10-07T19:15:37.943Z,postgresql,supplier,dtr-postgresql-0,0.01896634748546057
2026-10-07T19:15:52.943Z,postgresql,supplier,dtr-postgresql-0,0.014051268425028084
2026-10-07T19:16:07.943Z,postgresql,supplier,dtr-postgresql-0,0.01662087419521171
2026-10-07T19:16:22.943Z,postgresql,supplier,dtr-postgresql-0,0.020337216105523578
2026-10-07T19:16:37.943Z,postgresql,supplier,dtr-postgresql-0,0.019281662680671798
2026-10-07T19:16:52.943Z,postgresql,supplier,dtr-postgresql-0,0.01802940596791506
2026-10-07T19:17:07.943Z,postgresql,supplier,dtr-postgresql-0,0.015918835920442558
2026-10-07T19:17:22.943Z,postgresql,supplier,dtr-postgresql-0,0.01977041769634046
2026-10-07T19:17:37.943Z,postgresql,supplier,dtr-postgresql-0,0.02066508649526701
2026-10-07T19:17:52.943Z,postgresql,supplier,dtr-postgresql-0,0.018901993534946367
2026-10-07T19:18:07.943Z,postgresql,supplier,dtr-postgresql-0,0.01801153585161726
2026-10-07T19:18:22.943Z,postgresql,supplier,dtr-postgresql-0,0.01702007861768995
2026-10-07T19:18:37.943Z,postgresql,supplier,dtr-postgresql-0,0.020156271879458502
2026-10-07T19:18:52.943Z,postgresql,supplier,dtr-postgresql-0,0.019639751183656254
2026-10-07T19:19:07.943Z,postgresql,supplier,dtr-postgresql-0,0.022407789500548978
2026-10-07T19:19:22.943Z,postgresql,supplier,dtr-postgresql-0,0.01988750197503828
2026-10-07T19:19:37.943Z,postgresql,supplier,dtr-postgresql-0,0.021215420259393592
2026-10-07T19:19:52.943Z,postgresql,supplier,dtr-postgresql-0,0.01702360622802665
2026-10-07T19:20:07.943Z,postgresql,supplier,dtr-postgresql-0,0.018393357933578727
2026-10-07T19:20:22.943Z,postgresql,supplier,dtr-postgresql-0,0.020727208959763255
2026-10-07T19:20:37.943Z,postgresql,supplier,dtr-postgresql-0,0.020725853681031647
2026-10-07T19:13:37.943Z,postgresql,supplier,edc-postgresql-0,0.04248481197270162
2026-10-07T19:13:52.943Z,postgresql,supplier,edc-postgresql-0,0.050203123915315395
2026-10-07T19:14:07.943Z,postgresql,supplier,edc-postgresql-0,0.07018994036537636
2026-10-07T19:14:22.943Z,postgresql,supplier,edc-postgresql-0,0.09587205234222392
2026-10-07T19:14:37.943Z,postgresql,supplier,edc-postgresql-0,0.06475324999998976
2026-10-07T19:14:52.943Z,postgresql,supplier,edc-postgresql-0,0.10347170770272333
2026-10-07T19:15:07.943Z,postgresql,supplier,edc-postgresql-0,0.08072333410010482
2026-10-07T19:15:22.943Z,postgresql,supplier,edc-postgresql-0,0.10195825339067358
2026-10-07T19:15:37.943Z,postgresql,supplier,edc-postgresql-0,0.0920313858441352
2026-10-07T19:15:52.943Z,postgresql,supplier,edc-postgresql-0,0.08815480123333178
2026-10-07T19:16:07.943Z,postgresql,supplier,edc-postgresql-0,0.10775558499212666
2026-10-07T19:16:22.943Z,postgresql,supplier,edc-postgresql-0,0.12200702469112298
2026-10-07T19:16:37.943Z,postgresql,supplier,edc-postgresql-0,0.11141538777607234
2026-10-07T19:16:52.943Z,postgresql,supplier,edc-postgresql-0,0.08360980077854899
2026-10-07T19:17:07.943Z,postgresql,supplier,edc-postgresql-0,0.07616691970490339
2026-10-07T19:17:22.943Z,postgresql,supplier,edc-postgresql-0,0.09516777937671554
2026-10-07T19:17:37.943Z,postgresql,supplier,edc-postgresql-0,0.11533350175580719
2026-10-07T19:17:52.943Z,postgresql,supplier,edc-postgresql-0,0.0898277555555574
2026-10-07T19:18:07.943Z,postgresql,supplier,edc-postgresql-0,0.1144818627946989
2026-10-07T19:18:22.943Z,postgresql,supplier,edc-postgresql-0,0.10367780312180028
2026-10-07T19:18:37.943Z,postgresql,supplier,edc-postgresql-0,0.1028184791496321
2026-10-07T19:18:52.943Z,postgresql,supplier,edc-postgresql-0,0.1095640222004663
2026-10-07T19:19:07.943Z,postgresql,supplier,edc-postgresql-0,0.13818091981032055
2026-10-07T19:19:22.943Z,postgresql,supplier,edc-postgresql-0,0.16072994634396737
2026-10-07T19:19:37.943Z,postgresql,supplier,edc-postgresql-0,0.16490865835964044
2026-10-07T19:19:52.943Z,postgresql,supplier,edc-postgresql-0,0.1427064414676736
2026-10-07T19:20:07.943Z,postgresql,supplier,edc-postgresql-0,0.1281398651047245
2026-10-07T19:20:22.943Z,postgresql,supplier,edc-postgresql-0,0.14316179239663146
2026-10-07T19:20:37.943Z,postgresql,supplier,edc-postgresql-0,0.1455814020497745
2026-10-07T19:13:37.943Z,postgresql,supplier,puris-postgresql-0,0.026823918256698845
2026-10-07T19:13:52.943Z,postgresql,supplier,puris-postgresql-0,0.02307721733313721
2026-10-07T19:14:07.943Z,postgresql,supplier,puris-postgresql-0,0.024132645712829442
2026-10-07T19:14:22.943Z,postgresql,supplier,puris-postgresql-0,0.022252705283261818
2026-10-07T19:14:37.943Z,postgresql,supplier,puris-postgresql-0,0.023874660251230626
2026-10-07T19:14:52.943Z,postgresql,supplier,puris-postgresql-0,0.024659127821991093
2026-10-07T19:15:07.943Z,postgresql,supplier,puris-postgresql-0,0.024296477217444178
2026-10-07T19:15:22.943Z,postgresql,supplier,puris-postgresql-0,0.024021613681672067
2026-10-07T19:15:37.943Z,postgresql,supplier,puris-postgresql-0,0.02263293182664803
2026-10-07T19:15:52.943Z,postgresql,supplier,puris-postgresql-0,0.023924375917771714
2026-10-07T19:16:07.943Z,postgresql,supplier,puris-postgresql-0,0.0229337568905931
2026-10-07T19:16:22.943Z,postgresql,supplier,puris-postgresql-0,0.023619494845648126
2026-10-07T19:16:37.943Z,postgresql,supplier,puris-postgresql-0,0.023958587951426896
2026-10-07T19:16:52.943Z,postgresql,supplier,puris-postgresql-0,0.025745735500700414
2026-10-07T19:17:07.943Z,postgresql,supplier,puris-postgresql-0,0.02343797725763271
2026-10-07T19:17:22.943Z,postgresql,supplier,puris-postgresql-0,0.023693355511596622
2026-10-07T19:17:37.943Z,postgresql,supplier,puris-postgresql-0,0.02208477567902413
2026-10-07T19:17:52.943Z,postgresql,supplier,puris-postgresql-0,0.024540279053104862
2026-10-07T19:18:07.943Z,postgresql,supplier,puris-postgresql-0,0.025403004320973383
2026-10-07T19:18:22.943Z,postgresql,supplier,puris-postgresql-0,0.023439463183003707
2026-10-07T19:18:37.943Z,postgresql,supplier,puris-postgresql-0,0.02517694194603291
2026-10-07T19:18:52.943Z,postgresql,supplier,puris-postgresql-0,0.02416001442144506
2026-10-07T19:19:07.943Z,postgresql,supplier,puris-postgresql-0,0.023983422275428965
2026-10-07T19:19:22.943Z,postgresql,supplier,puris-postgresql-0,0.02192394973743261
2026-10-07T19:19:37.943Z,postgresql,supplier,puris-postgresql-0,0.024195764474886573
2026-10-07T19:19:52.943Z,postgresql,supplier,puris-postgresql-0,0.02517825941235578
2026-10-07T19:20:07.943Z,postgresql,supplier,puris-postgresql-0,0.02539149377978061
2026-10-07T19:20:22.943Z,postgresql,supplier,puris-postgresql-0,0.02544198821007516
2026-10-07T19:20:37.943Z,postgresql,supplier,puris-postgresql-0,0.02636502919590843
2026-10-07T19:13:37.943Z,prometheus,monitoring,prometheus-monitoring-kube-prometheus-prometheus-0,0.026562693415710225
2026-10-07T19:13:52.943Z,prometheus,monitoring,prometheus-monitoring-kube-prometheus-prometheus-0,0.026684814324163923
2026-10-07T19:14:07.943Z,prometheus,monitoring,prometheus-monitoring-kube-prometheus-prometheus-0,0.02518432059360017
2026-10-07T19:14:22.943Z,prometheus,monitoring,prometheus-monitoring-kube-prometheus-prometheus-0,0.035011011465551585
2026-10-07T19:14:37.943Z,prometheus,monitoring,prometheus-monitoring-kube-prometheus-prometheus-0,0.03746766383097661
2026-10-07T19:14:52.943Z,prometheus,monitoring,prometheus-monitoring-kube-prometheus-prometheus-0,0.044710490569973636
2026-10-07T19:15:07.943Z,prometheus,monitoring,prometheus-monitoring-kube-prometheus-prometheus-0,0.042615355313023386
2026-10-07T19:15:22.943Z,prometheus,monitoring,prometheus-monitoring-kube-prometheus-prometheus-0,0.032737370111092
2026-10-07T19:15:37.943Z,prometheus,monitoring,prometheus-monitoring-kube-prometheus-prometheus-0,0.02969106923004375
2026-10-07T19:15:52.943Z,prometheus,monitoring,prometheus-monitoring-kube-prometheus-prometheus-0,0.029197706408731934
2026-10-07T19:16:07.943Z,prometheus,monitoring,prometheus-monitoring-kube-prometheus-prometheus-0,0.03367130557329002
2026-10-07T19:16:22.943Z,prometheus,monitoring,prometheus-monitoring-kube-prometheus-prometheus-0,0.028025815715648553
2026-10-07T19:16:37.943Z,prometheus,monitoring,prometheus-monitoring-kube-prometheus-prometheus-0,0.030333946720881938
2026-10-07T19:16:52.943Z,prometheus,monitoring,prometheus-monitoring-kube-prometheus-prometheus-0,0.03847144576174276
2026-10-07T19:17:07.943Z,prometheus,monitoring,prometheus-monitoring-kube-prometheus-prometheus-0,0.033302553092429826
2026-10-07T19:17:22.943Z,prometheus,monitoring,prometheus-monitoring-kube-prometheus-prometheus-0,0.03809442105635182
2026-10-07T19:17:37.943Z,prometheus,monitoring,prometheus-monitoring-kube-prometheus-prometheus-0,0.028044607255903162
2026-10-07T19:17:52.943Z,prometheus,monitoring,prometheus-monitoring-kube-prometheus-prometheus-0,0.03657139963541045
2026-10-07T19:18:07.943Z,prometheus,monitoring,prometheus-monitoring-kube-prometheus-prometheus-0,0.035752244034153204
2026-10-07T19:18:22.943Z,prometheus,monitoring,prometheus-monitoring-kube-prometheus-prometheus-0,0.026380515713622238
2026-10-07T19:18:37.943Z,prometheus,monitoring,prometheus-monitoring-kube-prometheus-prometheus-0,0.038456482764994165
2026-10-07T19:18:52.943Z,prometheus,monitoring,prometheus-monitoring-kube-prometheus-prometheus-0,0.034776160018422694
2026-10-07T19:19:07.943Z,prometheus,monitoring,prometheus-monitoring-kube-prometheus-prometheus-0,0.036180886482724516
2026-10-07T19:19:22.943Z,prometheus,monitoring,prometheus-monitoring-kube-prometheus-prometheus-0,0.028096827274133027
2026-10-07T19:19:37.943Z,prometheus,monitoring,prometheus-monitoring-kube-prometheus-prometheus-0,0.03272976124537688
2026-10-07T19:19:52.943Z,prometheus,monitoring,prometheus-monitoring-kube-prometheus-prometheus-0,0.03310801845669771
2026-10-07T19:20:07.943Z,prometheus,monitoring,prometheus-monitoring-kube-prometheus-prometheus-0,0.03066519159455568
2026-10-07T19:20:22.943Z,prometheus,monitoring,prometheus-monitoring-kube-prometheus-prometheus-0,0.0352598444176581
2026-10-07T19:20:37.943Z,prometheus,monitoring,prometheus-monitoring-kube-prometheus-prometheus-0,0.03667039050520623
2026-10-07T19:13:37.943Z,puris-backend,customer,puris-backend-6f46958fb-lpdlq,0.05636605557575897
2026-10-07T19:13:52.943Z,puris-backend,customer,puris-backend-6f46958fb-lpdlq,0.05993515438920253
2026-10-07T19:14:07.943Z,puris-backend,customer,puris-backend-6f46958fb-lpdlq,0.08251894398359595
2026-10-07T19:14:22.943Z,puris-backend,customer,puris-backend-6f46958fb-lpdlq,0.09578321857076666
2026-10-07T19:14:37.943Z,puris-backend,customer,puris-backend-6f46958fb-lpdlq,0.12848820168902142
2026-10-07T19:14:52.943Z,puris-backend,customer,puris-backend-6f46958fb-lpdlq,0.12873392826199964
2026-10-07T19:15:07.943Z,puris-backend,customer,puris-backend-6f46958fb-lpdlq,0.13747437550212058
2026-10-07T19:15:22.943Z,puris-backend,customer,puris-backend-6f46958fb-lpdlq,0.13849275527018567
2026-10-07T19:15:37.943Z,puris-backend,customer,puris-backend-6f46958fb-lpdlq,0.13997653774718663
2026-10-07T19:15:52.943Z,puris-backend,customer,puris-backend-6f46958fb-lpdlq,0.11905629686366205
2026-10-07T19:16:07.943Z,puris-backend,customer,puris-backend-6f46958fb-lpdlq,0.1257245581822354
2026-10-07T19:16:22.943Z,puris-backend,customer,puris-backend-6f46958fb-lpdlq,0.0982342197948091
2026-10-07T19:16:37.943Z,puris-backend,customer,puris-backend-6f46958fb-lpdlq,0.09294498166688843
2026-10-07T19:16:52.943Z,puris-backend,customer,puris-backend-6f46958fb-lpdlq,0.06345685775333022
2026-10-07T19:17:07.943Z,puris-backend,customer,puris-backend-6f46958fb-lpdlq,0.06476458520573633
2026-10-07T19:17:22.943Z,puris-backend,customer,puris-backend-6f46958fb-lpdlq,0.07318918106385543
2026-10-07T19:17:37.943Z,puris-backend,customer,puris-backend-6f46958fb-lpdlq,0.069561014926623
2026-10-07T19:17:52.943Z,puris-backend,customer,puris-backend-6f46958fb-lpdlq,0.07388074776510094
2026-10-07T19:18:07.943Z,puris-backend,customer,puris-backend-6f46958fb-lpdlq,0.07902246071291694
2026-10-07T19:18:22.943Z,puris-backend,customer,puris-backend-6f46958fb-lpdlq,0.09356095106968852
2026-10-07T19:18:37.943Z,puris-backend,customer,puris-backend-6f46958fb-lpdlq,0.08649791537491199
2026-10-07T19:18:52.943Z,puris-backend,customer,puris-backend-6f46958fb-lpdlq,0.08359377159972327
2026-10-07T19:19:07.943Z,puris-backend,customer,puris-backend-6f46958fb-lpdlq,0.07439181186976165
2026-10-07T19:19:22.943Z,puris-backend,customer,puris-backend-6f46958fb-lpdlq,0.07386027602760248
2026-10-07T19:19:37.943Z,puris-backend,customer,puris-backend-6f46958fb-lpdlq,0.07951473002695102
2026-10-07T19:19:52.943Z,puris-backend,customer,puris-backend-6f46958fb-lpdlq,0.07687841004686964
2026-10-07T19:20:07.943Z,puris-backend,customer,puris-backend-6f46958fb-lpdlq,0.08053987454854017
2026-10-07T19:20:22.943Z,puris-backend,customer,puris-backend-6f46958fb-lpdlq,0.1009659208692233
2026-10-07T19:20:37.943Z,puris-backend,customer,puris-backend-6f46958fb-lpdlq,0.10832070824859581
2026-10-07T19:13:37.943Z,puris-backend,supplier,puris-backend-848f5f45fc-xdjqx,0.019938354781267726
2026-10-07T19:13:52.943Z,puris-backend,supplier,puris-backend-848f5f45fc-xdjqx,0.020787210114015336
2026-10-07T19:14:07.943Z,puris-backend,supplier,puris-backend-848f5f45fc-xdjqx,0.02824093868038242
2026-10-07T19:14:22.943Z,puris-backend,supplier,puris-backend-848f5f45fc-xdjqx,0.030560683376419085
2026-10-07T19:14:37.943Z,puris-backend,supplier,puris-backend-848f5f45fc-xdjqx,0.03450627118644065
2026-10-07T19:14:52.943Z,puris-backend,supplier,puris-backend-848f5f45fc-xdjqx,0.03318437493244565
2026-10-07T19:15:07.943Z,puris-backend,supplier,puris-backend-848f5f45fc-xdjqx,0.026532067255352555
2026-10-07T19:15:22.943Z,puris-backend,supplier,puris-backend-848f5f45fc-xdjqx,0.019928929578167425
2026-10-07T19:15:37.943Z,puris-backend,supplier,puris-backend-848f5f45fc-xdjqx,0.010453152211772863
2026-10-07T19:15:52.943Z,puris-backend,supplier,puris-backend-848f5f45fc-xdjqx,0.00756501837547585
2026-10-07T19:16:07.943Z,puris-backend,supplier,puris-backend-848f5f45fc-xdjqx,0.010003912363067363
2026-10-07T19:16:22.943Z,puris-backend,supplier,puris-backend-848f5f45fc-xdjqx,0.010039757641772767
2026-10-07T19:16:37.943Z,puris-backend,supplier,puris-backend-848f5f45fc-xdjqx,0.00972174676322151
2026-10-07T19:16:52.943Z,puris-backend,supplier,puris-backend-848f5f45fc-xdjqx,0.00749519887086695
2026-10-07T19:17:07.943Z,puris-backend,supplier,puris-backend-848f5f45fc-xdjqx,0.007543306915171568
2026-10-07T19:17:22.943Z,puris-backend,supplier,puris-backend-848f5f45fc-xdjqx,0.009215923030667358
2026-10-07T19:17:37.943Z,puris-backend,supplier,puris-backend-848f5f45fc-xdjqx,0.00955658859983218
2026-10-07T19:17:52.943Z,puris-backend,supplier,puris-backend-848f5f45fc-xdjqx,0.010331449619052387
2026-10-07T19:18:07.943Z,puris-backend,supplier,puris-backend-848f5f45fc-xdjqx,0.011183713011907695
2026-10-07T19:18:22.943Z,puris-backend,supplier,puris-backend-848f5f45fc-xdjqx,0.009412298891669684
2026-10-07T19:18:37.943Z,puris-backend,supplier,puris-backend-848f5f45fc-xdjqx,0.009848358314786013
2026-10-07T19:18:52.943Z,puris-backend,supplier,puris-backend-848f5f45fc-xdjqx,0.011503149265798023
2026-10-07T19:19:07.943Z,puris-backend,supplier,puris-backend-848f5f45fc-xdjqx,0.010163295369596715
2026-10-07T19:19:22.943Z,puris-backend,supplier,puris-backend-848f5f45fc-xdjqx,0.009061834293696523
2026-10-07T19:19:37.943Z,puris-backend,supplier,puris-backend-848f5f45fc-xdjqx,0.005509839038766791
2026-10-07T19:19:52.943Z,puris-backend,supplier,puris-backend-848f5f45fc-xdjqx,0.008474666788387718
2026-10-07T19:20:07.943Z,puris-backend,supplier,puris-backend-848f5f45fc-xdjqx,0.008295104561640433
2026-10-07T19:20:22.943Z,puris-backend,supplier,puris-backend-848f5f45fc-xdjqx,0.016723234889931785
2026-10-07T19:20:37.943Z,puris-backend,supplier,puris-backend-848f5f45fc-xdjqx,0.01497178765274445
2026-10-07T19:13:37.943Z,ssi-dim-wallet-stub,identity,ssi-dim-wallet-stub-b4d7c6fb8-xnmjq,0.0059157929093062375
2026-10-07T19:13:52.943Z,ssi-dim-wallet-stub,identity,ssi-dim-wallet-stub-b4d7c6fb8-xnmjq,0.007633210532925694
2026-10-07T19:14:07.943Z,ssi-dim-wallet-stub,identity,ssi-dim-wallet-stub-b4d7c6fb8-xnmjq,0.010830333007418758
2026-10-07T19:14:22.943Z,ssi-dim-wallet-stub,identity,ssi-dim-wallet-stub-b4d7c6fb8-xnmjq,0.01314269911504407
2026-10-07T19:14:37.943Z,ssi-dim-wallet-stub,identity,ssi-dim-wallet-stub-b4d7c6fb8-xnmjq,0.018475271799697986
2026-10-07T19:14:52.943Z,ssi-dim-wallet-stub,identity,ssi-dim-wallet-stub-b4d7c6fb8-xnmjq,0.018714081145585135
2026-10-07T19:15:07.943Z,ssi-dim-wallet-stub,identity,ssi-dim-wallet-stub-b4d7c6fb8-xnmjq,0.01631489445359171
2026-10-07T19:15:22.943Z,ssi-dim-wallet-stub,identity,ssi-dim-wallet-stub-b4d7c6fb8-xnmjq,0.011509204368174446
2026-10-07T19:15:37.943Z,ssi-dim-wallet-stub,identity,ssi-dim-wallet-stub-b4d7c6fb8-xnmjq,0.005916165698926629
2026-10-07T19:15:52.943Z,ssi-dim-wallet-stub,identity,ssi-dim-wallet-stub-b4d7c6fb8-xnmjq,0.006027537904413196
2026-10-07T19:16:07.943Z,ssi-dim-wallet-stub,identity,ssi-dim-wallet-stub-b4d7c6fb8-xnmjq,0.0075947209436139085
2026-10-07T19:16:22.943Z,ssi-dim-wallet-stub,identity,ssi-dim-wallet-stub-b4d7c6fb8-xnmjq,0.011940804670643998
2026-10-07T19:16:37.943Z,ssi-dim-wallet-stub,identity,ssi-dim-wallet-stub-b4d7c6fb8-xnmjq,0.010078456996272377
2026-10-07T19:16:52.943Z,ssi-dim-wallet-stub,identity,ssi-dim-wallet-stub-b4d7c6fb8-xnmjq,0.00647193328944427
2026-10-07T19:17:07.943Z,ssi-dim-wallet-stub,identity,ssi-dim-wallet-stub-b4d7c6fb8-xnmjq,0.005086921089246584
2026-10-07T19:17:22.943Z,ssi-dim-wallet-stub,identity,ssi-dim-wallet-stub-b4d7c6fb8-xnmjq,0.006090885211452564
2026-10-07T19:17:37.943Z,ssi-dim-wallet-stub,identity,ssi-dim-wallet-stub-b4d7c6fb8-xnmjq,0.007326191348228754
2026-10-07T19:17:52.943Z,ssi-dim-wallet-stub,identity,ssi-dim-wallet-stub-b4d7c6fb8-xnmjq,0.006282896379525544
2026-10-07T19:18:07.943Z,ssi-dim-wallet-stub,identity,ssi-dim-wallet-stub-b4d7c6fb8-xnmjq,0.004764143473613567
2026-10-07T19:18:22.943Z,ssi-dim-wallet-stub,identity,ssi-dim-wallet-stub-b4d7c6fb8-xnmjq,0.004663545392436224
2026-10-07T19:18:37.943Z,ssi-dim-wallet-stub,identity,ssi-dim-wallet-stub-b4d7c6fb8-xnmjq,0.004522422376392243
2026-10-07T19:18:52.943Z,ssi-dim-wallet-stub,identity,ssi-dim-wallet-stub-b4d7c6fb8-xnmjq,0.00785971843778352
2026-10-07T19:19:07.943Z,ssi-dim-wallet-stub,identity,ssi-dim-wallet-stub-b4d7c6fb8-xnmjq,0.009108846665859633
2026-10-07T19:19:22.943Z,ssi-dim-wallet-stub,identity,ssi-dim-wallet-stub-b4d7c6fb8-xnmjq,0.00993882552778471
2026-10-07T19:19:37.943Z,ssi-dim-wallet-stub,identity,ssi-dim-wallet-stub-b4d7c6fb8-xnmjq,0.006351101558301668
2026-10-07T19:19:52.943Z,ssi-dim-wallet-stub,identity,ssi-dim-wallet-stub-b4d7c6fb8-xnmjq,0.004100815562393369
2026-10-07T19:20:07.943Z,ssi-dim-wallet-stub,identity,ssi-dim-wallet-stub-b4d7c6fb8-xnmjq,0.009131291368233256
2026-10-07T19:20:22.943Z,ssi-dim-wallet-stub,identity,ssi-dim-wallet-stub-b4d7c6fb8-xnmjq,0.011618200620477092
2026-10-07T19:20:37.943Z,ssi-dim-wallet-stub,identity,ssi-dim-wallet-stub-b4d7c6fb8-xnmjq,0.01916147519556089
2026-10-07T19:13:37.943Z,tractusx-connector,customer,edc-controlplane-587996b7b5-zhcdr,0.2444518808305747
2026-10-07T19:13:52.943Z,tractusx-connector,customer,edc-controlplane-587996b7b5-zhcdr,0.32607254885859754
2026-10-07T19:14:07.943Z,tractusx-connector,customer,edc-controlplane-587996b7b5-zhcdr,0.30866198154695196
2026-10-07T19:14:22.943Z,tractusx-connector,customer,edc-controlplane-587996b7b5-zhcdr,0.48099878398332335
2026-10-07T19:14:37.943Z,tractusx-connector,customer,edc-controlplane-587996b7b5-zhcdr,0.5001314900970357
2026-10-07T19:14:52.943Z,tractusx-connector,customer,edc-controlplane-587996b7b5-zhcdr,0.5000035684480125
2026-10-07T19:15:07.943Z,tractusx-connector,customer,edc-controlplane-587996b7b5-zhcdr,0.4997126887907118
2026-10-07T19:15:22.943Z,tractusx-connector,customer,edc-controlplane-587996b7b5-zhcdr,0.49977898441210766
2026-10-07T19:15:37.943Z,tractusx-connector,customer,edc-controlplane-587996b7b5-zhcdr,0.49936501734104044
2026-10-07T19:15:52.943Z,tractusx-connector,customer,edc-controlplane-587996b7b5-zhcdr,0.4996625381784951
2026-10-07T19:16:07.943Z,tractusx-connector,customer,edc-controlplane-587996b7b5-zhcdr,0.49916816333271385
2026-10-07T19:16:22.943Z,tractusx-connector,customer,edc-controlplane-587996b7b5-zhcdr,0.49947456071054935
2026-10-07T19:16:37.943Z,tractusx-connector,customer,edc-controlplane-587996b7b5-zhcdr,0.4993342635406271
2026-10-07T19:16:52.943Z,tractusx-connector,customer,edc-controlplane-587996b7b5-zhcdr,0.4993061378774879
2026-10-07T19:17:07.943Z,tractusx-connector,customer,edc-controlplane-587996b7b5-zhcdr,0.4995380402286479
2026-10-07T19:17:22.943Z,tractusx-connector,customer,edc-controlplane-587996b7b5-zhcdr,0.49969762730748746
2026-10-07T19:17:37.943Z,tractusx-connector,customer,edc-controlplane-587996b7b5-zhcdr,0.4994663597207779
2026-10-07T19:17:52.943Z,tractusx-connector,customer,edc-controlplane-587996b7b5-zhcdr,0.49933383621174937
2026-10-07T19:18:07.943Z,tractusx-connector,customer,edc-controlplane-587996b7b5-zhcdr,0.49919221204705133
2026-10-07T19:18:22.943Z,tractusx-connector,customer,edc-controlplane-587996b7b5-zhcdr,0.4996643505525771
2026-10-07T19:18:37.943Z,tractusx-connector,customer,edc-controlplane-587996b7b5-zhcdr,0.4994086888930907
2026-10-07T19:18:52.943Z,tractusx-connector,customer,edc-controlplane-587996b7b5-zhcdr,0.4992070513779911
2026-10-07T19:19:07.943Z,tractusx-connector,customer,edc-controlplane-587996b7b5-zhcdr,0.4988158867985209
2026-10-07T19:19:22.943Z,tractusx-connector,customer,edc-controlplane-587996b7b5-zhcdr,0.4992860364593118
2026-10-07T19:19:37.943Z,tractusx-connector,customer,edc-controlplane-587996b7b5-zhcdr,0.4995703522320587
2026-10-07T19:19:52.943Z,tractusx-connector,customer,edc-controlplane-587996b7b5-zhcdr,0.42238279869017115
2026-10-07T19:20:07.943Z,tractusx-connector,customer,edc-controlplane-587996b7b5-zhcdr,0.49929766631437666
2026-10-07T19:20:22.943Z,tractusx-connector,customer,edc-controlplane-587996b7b5-zhcdr,0.4986460528588704
2026-10-07T19:20:37.943Z,tractusx-connector,customer,edc-controlplane-587996b7b5-zhcdr,0.4996419883829146
2026-10-07T19:13:37.943Z,tractusx-connector,customer,edc-dataplane-7bd7b6bd97-7cl2j,0.008700426062558416
2026-10-07T19:13:52.943Z,tractusx-connector,customer,edc-dataplane-7bd7b6bd97-7cl2j,0.009578244886882246
2026-10-07T19:14:07.943Z,tractusx-connector,customer,edc-dataplane-7bd7b6bd97-7cl2j,0.009495620384228555
2026-10-07T19:14:22.943Z,tractusx-connector,customer,edc-dataplane-7bd7b6bd97-7cl2j,0.010263206853286
2026-10-07T19:14:37.943Z,tractusx-connector,customer,edc-dataplane-7bd7b6bd97-7cl2j,0.010571349322287796
2026-10-07T19:14:52.943Z,tractusx-connector,customer,edc-dataplane-7bd7b6bd97-7cl2j,0.010444876996746693
2026-10-07T19:15:07.943Z,tractusx-connector,customer,edc-dataplane-7bd7b6bd97-7cl2j,0.010748289384719454
2026-10-07T19:15:22.943Z,tractusx-connector,customer,edc-dataplane-7bd7b6bd97-7cl2j,0.010240502942750088
2026-10-07T19:15:37.943Z,tractusx-connector,customer,edc-dataplane-7bd7b6bd97-7cl2j,0.008416420648148114
2026-10-07T19:15:52.943Z,tractusx-connector,customer,edc-dataplane-7bd7b6bd97-7cl2j,0.012812970654009383
2026-10-07T19:16:07.943Z,tractusx-connector,customer,edc-dataplane-7bd7b6bd97-7cl2j,0.012812970654009383
2026-10-07T19:16:22.943Z,tractusx-connector,customer,edc-dataplane-7bd7b6bd97-7cl2j,0.007120717725185843
2026-10-07T19:16:37.943Z,tractusx-connector,customer,edc-dataplane-7bd7b6bd97-7cl2j,0.01028113000548552
2026-10-07T19:16:52.943Z,tractusx-connector,customer,edc-dataplane-7bd7b6bd97-7cl2j,0.011601836861768406
2026-10-07T19:17:07.943Z,tractusx-connector,customer,edc-dataplane-7bd7b6bd97-7cl2j,0.01219132577624444
2026-10-07T19:17:22.943Z,tractusx-connector,customer,edc-dataplane-7bd7b6bd97-7cl2j,0.01089419562249524
2026-10-07T19:17:37.943Z,tractusx-connector,customer,edc-dataplane-7bd7b6bd97-7cl2j,0.014722768446447222
2026-10-07T19:17:52.943Z,tractusx-connector,customer,edc-dataplane-7bd7b6bd97-7cl2j,0.013751009809578807
2026-10-07T19:18:07.943Z,tractusx-connector,customer,edc-dataplane-7bd7b6bd97-7cl2j,0.013333996256434241
2026-10-07T19:18:22.943Z,tractusx-connector,customer,edc-dataplane-7bd7b6bd97-7cl2j,0.009569200484554865
2026-10-07T19:18:37.943Z,tractusx-connector,customer,edc-dataplane-7bd7b6bd97-7cl2j,0.007666184264564916
2026-10-07T19:18:52.943Z,tractusx-connector,customer,edc-dataplane-7bd7b6bd97-7cl2j,0.007911303690958313
2026-10-07T19:19:07.943Z,tractusx-connector,customer,edc-dataplane-7bd7b6bd97-7cl2j,0.007980504587155933
2026-10-07T19:19:22.943Z,tractusx-connector,customer,edc-dataplane-7bd7b6bd97-7cl2j,0.009253496463215192
2026-10-07T19:19:37.943Z,tractusx-connector,customer,edc-dataplane-7bd7b6bd97-7cl2j,0.00704866216729704
2026-10-07T19:19:52.943Z,tractusx-connector,customer,edc-dataplane-7bd7b6bd97-7cl2j,0.009102102759872424
2026-10-07T19:20:07.943Z,tractusx-connector,customer,edc-dataplane-7bd7b6bd97-7cl2j,0.008824794791961531
2026-10-07T19:20:22.943Z,tractusx-connector,customer,edc-dataplane-7bd7b6bd97-7cl2j,0.007090438858798929
2026-10-07T19:20:37.943Z,tractusx-connector,customer,edc-dataplane-7bd7b6bd97-7cl2j,0.007784163282752662
2026-10-07T19:13:37.943Z,tractusx-connector,supplier,edc-controlplane-dcc6896cd-sv54c,0.17345756493007525
2026-10-07T19:13:52.943Z,tractusx-connector,supplier,edc-controlplane-dcc6896cd-sv54c,0.20373646043459379
2026-10-07T19:14:07.943Z,tractusx-connector,supplier,edc-controlplane-dcc6896cd-sv54c,0.23427288760622106
2026-10-07T19:14:22.943Z,tractusx-connector,supplier,edc-controlplane-dcc6896cd-sv54c,0.28923070302702447
2026-10-07T19:14:37.943Z,tractusx-connector,supplier,edc-controlplane-dcc6896cd-sv54c,0.33789805736695694
2026-10-07T19:14:52.943Z,tractusx-connector,supplier,edc-controlplane-dcc6896cd-sv54c,0.29411499698194654
2026-10-07T19:15:07.943Z,tractusx-connector,supplier,edc-controlplane-dcc6896cd-sv54c,0.23702276507090608
2026-10-07T19:15:22.943Z,tractusx-connector,supplier,edc-controlplane-dcc6896cd-sv54c,0.1856340772025951
2026-10-07T19:15:37.943Z,tractusx-connector,supplier,edc-controlplane-dcc6896cd-sv54c,0.13777502440190448
2026-10-07T19:15:52.943Z,tractusx-connector,supplier,edc-controlplane-dcc6896cd-sv54c,0.08878667185908139
2026-10-07T19:16:07.943Z,tractusx-connector,supplier,edc-controlplane-dcc6896cd-sv54c,0.13985250295266638
2026-10-07T19:16:22.943Z,tractusx-connector,supplier,edc-controlplane-dcc6896cd-sv54c,0.16227334867824517
2026-10-07T19:16:37.943Z,tractusx-connector,supplier,edc-controlplane-dcc6896cd-sv54c,0.12724302897758355
2026-10-07T19:16:52.943Z,tractusx-connector,supplier,edc-controlplane-dcc6896cd-sv54c,0.07834069172060665
2026-10-07T19:17:07.943Z,tractusx-connector,supplier,edc-controlplane-dcc6896cd-sv54c,0.06263512597794592
2026-10-07T19:17:22.943Z,tractusx-connector,supplier,edc-controlplane-dcc6896cd-sv54c,0.08942432192181764
2026-10-07T19:17:37.943Z,tractusx-connector,supplier,edc-controlplane-dcc6896cd-sv54c,0.09610112759421613
2026-10-07T19:17:52.943Z,tractusx-connector,supplier,edc-controlplane-dcc6896cd-sv54c,0.1027248719182544
2026-10-07T19:18:07.943Z,tractusx-connector,supplier,edc-controlplane-dcc6896cd-sv54c,0.08880392689351761
2026-10-07T19:18:22.943Z,tractusx-connector,supplier,edc-controlplane-dcc6896cd-sv54c,0.09560399829859619
2026-10-07T19:18:37.943Z,tractusx-connector,supplier,edc-controlplane-dcc6896cd-sv54c,0.07242965236416685
2026-10-07T19:18:52.943Z,tractusx-connector,supplier,edc-controlplane-dcc6896cd-sv54c,0.11635466154323874
2026-10-07T19:19:07.943Z,tractusx-connector,supplier,edc-controlplane-dcc6896cd-sv54c,0.12969650476422084
2026-10-07T19:19:22.943Z,tractusx-connector,supplier,edc-controlplane-dcc6896cd-sv54c,0.14700672564773867
2026-10-07T19:19:37.943Z,tractusx-connector,supplier,edc-controlplane-dcc6896cd-sv54c,0.1005794788346225
2026-10-07T19:19:52.943Z,tractusx-connector,supplier,edc-controlplane-dcc6896cd-sv54c,0.07873180545473396
2026-10-07T19:20:07.943Z,tractusx-connector,supplier,edc-controlplane-dcc6896cd-sv54c,0.1072777499147389
2026-10-07T19:20:22.943Z,tractusx-connector,supplier,edc-controlplane-dcc6896cd-sv54c,0.16060276627183087
2026-10-07T19:20:37.943Z,tractusx-connector,supplier,edc-controlplane-dcc6896cd-sv54c,0.22160063051368337
2026-10-07T19:13:37.943Z,tractusx-connector,supplier,edc-dataplane-85b5556596-qnkf6,0.07354634299562147
2026-10-07T19:13:52.943Z,tractusx-connector,supplier,edc-dataplane-85b5556596-qnkf6,0.12122156870644163
2026-10-07T19:14:07.943Z,tractusx-connector,supplier,edc-dataplane-85b5556596-qnkf6,0.08954246909504836
2026-10-07T19:14:22.943Z,tractusx-connector,supplier,edc-dataplane-85b5556596-qnkf6,0.16087277077471807
2026-10-07T19:14:37.943Z,tractusx-connector,supplier,edc-dataplane-85b5556596-qnkf6,0.19715345805725173
2026-10-07T19:14:52.943Z,tractusx-connector,supplier,edc-dataplane-85b5556596-qnkf6,0.17795812602367195
2026-10-07T19:15:07.943Z,tractusx-connector,supplier,edc-dataplane-85b5556596-qnkf6,0.15744533915938408
2026-10-07T19:15:22.943Z,tractusx-connector,supplier,edc-dataplane-85b5556596-qnkf6,0.11215556017892438
2026-10-07T19:15:37.943Z,tractusx-connector,supplier,edc-dataplane-85b5556596-qnkf6,0.0642980779719441
2026-10-07T19:15:52.943Z,tractusx-connector,supplier,edc-dataplane-85b5556596-qnkf6,0.0519859694706074
2026-10-07T19:16:07.943Z,tractusx-connector,supplier,edc-dataplane-85b5556596-qnkf6,0.08110588075389628
2026-10-07T19:16:22.943Z,tractusx-connector,supplier,edc-dataplane-85b5556596-qnkf6,0.09384318163281943
2026-10-07T19:16:37.943Z,tractusx-connector,supplier,edc-dataplane-85b5556596-qnkf6,0.08100729259638202
2026-10-07T19:16:52.943Z,tractusx-connector,supplier,edc-dataplane-85b5556596-qnkf6,0.045382025591781026
2026-10-07T19:17:07.943Z,tractusx-connector,supplier,edc-dataplane-85b5556596-qnkf6,0.04209078001190856
2026-10-07T19:17:22.943Z,tractusx-connector,supplier,edc-dataplane-85b5556596-qnkf6,0.07374101912474143
2026-10-07T19:17:37.943Z,tractusx-connector,supplier,edc-dataplane-85b5556596-qnkf6,0.08200554450671976
2026-10-07T19:17:52.943Z,tractusx-connector,supplier,edc-dataplane-85b5556596-qnkf6,0.07042840817963122
2026-10-07T19:18:07.943Z,tractusx-connector,supplier,edc-dataplane-85b5556596-qnkf6,0.03817052696432358
2026-10-07T19:18:22.943Z,tractusx-connector,supplier,edc-dataplane-85b5556596-qnkf6,0.030623731176798567
2026-10-07T19:18:37.943Z,tractusx-connector,supplier,edc-dataplane-85b5556596-qnkf6,0.036157134295132475
2026-10-07T19:18:52.943Z,tractusx-connector,supplier,edc-dataplane-85b5556596-qnkf6,0.07122487646027378
2026-10-07T19:19:07.943Z,tractusx-connector,supplier,edc-dataplane-85b5556596-qnkf6,0.06631392500000004
2026-10-07T19:19:22.943Z,tractusx-connector,supplier,edc-dataplane-85b5556596-qnkf6,0.09828879338842976
2026-10-07T19:19:37.943Z,tractusx-connector,supplier,edc-dataplane-85b5556596-qnkf6,0.07741970835703804
2026-10-07T19:19:52.943Z,tractusx-connector,supplier,edc-dataplane-85b5556596-qnkf6,0.04064861977361967
2026-10-07T19:20:07.943Z,tractusx-connector,supplier,edc-dataplane-85b5556596-qnkf6,0.06290964146386774
2026-10-07T19:20:22.943Z,tractusx-connector,supplier,edc-dataplane-85b5556596-qnkf6,0.07654970781459831
2026-10-07T19:20:37.943Z,tractusx-connector,supplier,edc-dataplane-85b5556596-qnkf6,0.10001917556230669
2026-10-07T19:13:37.943Z,vault,customer,edc-vault-0,0.008883138132965629
2026-10-07T19:13:52.943Z,vault,customer,edc-vault-0,0.008997631398187872
2026-10-07T19:14:07.943Z,vault,customer,edc-vault-0,0.011731912784935484
2026-10-07T19:14:22.943Z,vault,customer,edc-vault-0,0.013210344600093219
2026-10-07T19:14:37.943Z,vault,customer,edc-vault-0,0.015464817908450883
2026-10-07T19:14:52.943Z,vault,customer,edc-vault-0,0.014982394521759234
2026-10-07T19:15:07.943Z,vault,customer,edc-vault-0,0.015098500581965466
2026-10-07T19:15:22.943Z,vault,customer,edc-vault-0,0.0133357112980436
2026-10-07T19:15:37.943Z,vault,customer,edc-vault-0,0.011180839046942975
2026-10-07T19:15:52.943Z,vault,customer,edc-vault-0,0.009792843564797772
2026-10-07T19:16:07.943Z,vault,customer,edc-vault-0,0.010482011059948806
2026-10-07T19:16:22.943Z,vault,customer,edc-vault-0,0.013490840673200943
2026-10-07T19:16:37.943Z,vault,customer,edc-vault-0,0.022433325990749303
2026-10-07T19:16:52.943Z,vault,customer,edc-vault-0,0.02643619832362612
2026-10-07T19:17:07.943Z,vault,customer,edc-vault-0,0.04735628773414421
2026-10-07T19:17:22.943Z,vault,customer,edc-vault-0,0.06182540140093846
2026-10-07T19:17:37.943Z,vault,customer,edc-vault-0,0.07086134013316224
2026-10-07T19:17:52.943Z,vault,customer,edc-vault-0,0.07461860534952046
2026-10-07T19:18:07.943Z,vault,customer,edc-vault-0,0.08240315434014739
2026-10-07T19:18:22.943Z,vault,customer,edc-vault-0,0.08664280592734228
2026-10-07T19:18:37.943Z,vault,customer,edc-vault-0,0.08932566427751161
2026-10-07T19:18:52.943Z,vault,customer,edc-vault-0,0.0930280204581169
2026-10-07T19:19:07.943Z,vault,customer,edc-vault-0,0.09264283457102254
2026-10-07T19:19:22.943Z,vault,customer,edc-vault-0,0.09209665750915766
2026-10-07T19:19:37.943Z,vault,customer,edc-vault-0,0.0924337849046184
2026-10-07T19:19:52.943Z,vault,customer,edc-vault-0,0.0935230711139074
2026-10-07T19:20:07.943Z,vault,customer,edc-vault-0,0.09373727342634207
2026-10-07T19:20:22.943Z,vault,customer,edc-vault-0,0.092988136911708
2026-10-07T19:20:37.943Z,vault,customer,edc-vault-0,0.09427054621764015
2026-10-07T19:13:37.943Z,vault,supplier,edc-vault-0,0.007928238655377106
2026-10-07T19:13:52.943Z,vault,supplier,edc-vault-0,0.010276628583261154
2026-10-07T19:14:07.943Z,vault,supplier,edc-vault-0,0.012170693045466056
2026-10-07T19:14:22.943Z,vault,supplier,edc-vault-0,0.010346834991057844
2026-10-07T19:14:37.943Z,vault,supplier,edc-vault-0,0.01531235817935533
2026-10-07T19:14:52.943Z,vault,supplier,edc-vault-0,0.014566352429296728
2026-10-07T19:15:07.943Z,vault,supplier,edc-vault-0,0.011950812918097822
2026-10-07T19:15:22.943Z,vault,supplier,edc-vault-0,0.01215611403814798
2026-10-07T19:15:37.943Z,vault,supplier,edc-vault-0,0.010217817813595962
2026-10-07T19:15:52.943Z,vault,supplier,edc-vault-0,0.009992063002486049
2026-10-07T19:16:07.943Z,vault,supplier,edc-vault-0,0.011635072860879876
2026-10-07T19:16:22.943Z,vault,supplier,edc-vault-0,0.011508318953579956
2026-10-07T19:16:37.943Z,vault,supplier,edc-vault-0,0.010826547416243502
2026-10-07T19:16:52.943Z,vault,supplier,edc-vault-0,0.008229324975606807
2026-10-07T19:17:07.943Z,vault,supplier,edc-vault-0,0.007872686010695577
2026-10-07T19:17:22.943Z,vault,supplier,edc-vault-0,0.010645982997146877
2026-10-07T19:17:37.943Z,vault,supplier,edc-vault-0,0.010194035801140129
2026-10-07T19:17:52.943Z,vault,supplier,edc-vault-0,0.010533305462655093
2026-10-07T19:18:07.943Z,vault,supplier,edc-vault-0,0.009093103514023404
2026-10-07T19:18:22.943Z,vault,supplier,edc-vault-0,0.00849104751787146
2026-10-07T19:18:37.943Z,vault,supplier,edc-vault-0,0.008442803519783213
2026-10-07T19:18:52.943Z,vault,supplier,edc-vault-0,0.009953150967973745
2026-10-07T19:19:07.943Z,vault,supplier,edc-vault-0,0.010786337121895301
2026-10-07T19:19:22.943Z,vault,supplier,edc-vault-0,0.011181952635028714
2026-10-07T19:19:37.943Z,vault,supplier,edc-vault-0,0.009126599299159424
2026-10-07T19:19:52.943Z,vault,supplier,edc-vault-0,0.008387944216771786
2026-10-07T19:20:07.943Z,vault,supplier,edc-vault-0,0.009775838267325676
2026-10-07T19:20:22.943Z,vault,supplier,edc-vault-0,0.013056768558952922
2026-10-07T19:20:37.943Z,vault,supplier,edc-vault-0,0.011466346791082487
