stage,rate,n,saturated_runs,completed_per_s,completed_per_s_min,completed_per_s_max,throughput_share,throughput_share_min,throughput_share_max,failed_share,failed_share_min,failed_share_max,invalidating,invalidating_min,invalidating_max,negotiations,negotiations_min,negotiations_max,puris_threads_max,puris_threads_max_min,puris_threads_max_max,a_p50,a_p50_min,a_p50_max,a_p50_runs,a_p95,a_p95_min,a_p95_max,a_p95_runs,a_p99,a_p99_min,a_p99_max,a_p99_runs,b_p50,b_p50_min,b_p50_max,b_p50_runs,b_p95,b_p95_min,b_p95_max,b_p95_runs,cpu:customer/edc-controlplane,thr:customer/edc-controlplane,cpu:customer/edc-postgresql,thr:customer/edc-postgresql,cpu:customer/edc-vault,thr:customer/edc-vault,cpu:customer/edc-dataplane,thr:customer/edc-dataplane,cpu:customer/puris-backend,thr:customer/puris-backend,cpu:supplier/edc-controlplane,thr:supplier/edc-controlplane,cpu:supplier/edc-postgresql,thr:supplier/edc-postgresql,cpu:supplier/edc-dataplane,thr:supplier/edc-dataplane,cpu:supplier/puris-backend,thr:supplier/puris-backend,cpu:identity/ssi-dim-wallet-stub,thr:identity/ssi-dim-wallet-stub
warmup1,0.1,4,0,0.1,0.1,0.1,1.0,1.0,1.0,0.0,0.0,0.0,0,0,0,0,0,0,37.0,37.0,37.0,3.319000005722046,3.2790000438690186,3.7154998779296875,4,4.684000074863434,4.519149887561798,4.942550086975097,4,,,,0,3.2767500281333923,3.197499990463257,3.6419999599456787,4,4.562900054454803,4.494299960136414,4.750700044631958,4,0.06947029136878706,0.028629856850715747,0.04164251664493749,0.04263565891472868,0.009487717890301017,0.016260162601626015,0.00902122405127339,0.490566037735849,0.0241932317780275,0.13270142180094785,0.0626185566943705,0.16459627329192547,0.04949689367849175,0.040540540540540536,0.038797678878716275,0.49328859060402686,0.011047368442065233,0.125,0.005127810546563545,0.0
warmup2,0.3,4,0,0.30041666666666667,0.3,0.3016666666666667,1.0013888888888889,1.0,1.0055555555555558,0.0,0.0,0.0,0,0,0,0,0,0,39.75,39.0,41.0,2.8682499527931213,2.631999969482422,2.930999994277954,4,4.081499928236008,3.932000160217285,4.3470001220703125,4,4.582799887657165,4.357219917774201,4.772080104351044,4,2.8479999899864197,2.6169999837875366,2.921999931335449,4,4.047799855470657,3.9233000040054313,4.335000038146973,4,0.10048783992380386,0.02102803738317757,0.06624544636778326,0.041401273885350316,0.012214578797643053,0.02333333333333333,0.006088804533486603,0.3088235294117647,0.04206138288114873,0.21993127147766325,0.07929725575573966,0.07425742574257425,0.07377665114024108,0.04054054054054054,0.04677105819412083,0.34574468085106386,0.01672397355272556,0.3734439834024896,0.011534003185988285,0.0
s1,0.2,4,0,0.20166666666666666,0.2,0.20333333333333334,1.0083333333333333,1.0,1.0166666666666666,0.0,0.0,0.0,0,0,0,0,0,0,39.75,39.0,41.0,2.796999931335449,2.7409998178482056,2.8559999465942383,4,4.350499987602234,4.235000133514404,4.36419985294342,4,4.488399863243103,4.449669981002808,4.529399824142456,4,2.785999894142151,2.726499915122986,2.8554999828338623,4,4.320025062561035,4.2250001430511475,4.351299846172333,4,0.05986169224533552,0.00796812749003984,0.055772465935617035,0.04545454545454546,0.011095830520386523,0.02298850574712644,0.00513225201110294,0.1590909090909091,0.022812501035662947,0.15454545454545454,0.05342345025055243,0.08695652173913043,0.06103387663954937,0.03690036900369004,0.025584973406721598,0.2275449101796407,0.009286440173870068,0.16346153846153846,0.008261673494559347,0.007246376811594202
s2,0.3,4,0,0.30083333333333334,0.3,0.3016666666666667,1.0027777777777778,1.0,1.0055555555555558,0.0,0.0,0.0,0,0,0,0,0,0,39.0,39.0,39.0,2.929500102996826,2.815999984741211,2.972000002861023,4,4.380500078201294,4.263999938964844,4.440550124645233,4,4.53939995765686,4.486399936676024,4.718749890327454,4,2.9035000801086426,2.798500180244446,2.9635000228881836,4,4.370500087738037,4.253050017356872,4.435250008106231,4,0.0762442288743388,0.007371007371007371,0.06757233813411646,0.04332129963898917,0.012263552474632082,0.019157088122605366,0.005017329617738766,0.1142857142857143,0.02988198614903271,0.11405835543766578,0.06113483553750919,0.03797468354430379,0.07280896268945249,0.05769230769230769,0.033378986899109966,0.24,0.01472878047030976,0.40522875816993464,0.011568731379696382,0.0
s3,0.4,4,0,0.4008333333333334,0.4,0.40166666666666667,1.0020833333333332,1.0,1.0041666666666667,0.0,0.0,0.0,0,0,0,0,0,0,40.75,40.0,41.0,2.9334999322891235,2.865999937057495,3.0950000286102295,4,4.347000002861023,4.290999889373779,4.553999900817871,4,4.627799916267394,4.499600028991699,4.730000066757202,4,2.918500006198883,2.8554999828338623,3.0859999656677246,4,4.333525025844574,4.2799999713897705,4.545200073719025,4,0.09167328642389823,0.014051522248243558,0.07403875297955695,0.05016722408026755,0.01367045325214514,0.02430555555555556,0.004551512852273665,0.16,0.02559575641813802,0.06460674157303371,0.07621946570889043,0.09482758620689655,0.08335162492406198,0.045212765957446804,0.037248526247202755,0.2603550295857988,0.012132907669147066,0.1657754010695187,0.014587868162953783,0.0
s4,0.5,4,0,0.5008333333333334,0.5,0.5016666666666667,1.0016666666666667,1.0,1.0033333333333334,0.0,0.0,0.0,0,0,0,0,0,0,40.5,40.0,42.0,3.056249976158142,2.9749999046325684,3.080000162124634,4,4.3105501413345335,4.232000112533569,4.437999963760376,4,4.61395999789238,4.565999984741211,4.728000164031982,4,3.0479999780654907,2.9579999446868896,3.0644999742507935,4,4.285024970769882,4.2086499571800235,4.427999973297119,4,0.10704317553608143,0.007067137809187279,0.08364951095303623,0.048484848484848485,0.0150956871002115,0.02412868632707775,0.004642818357832483,0.13675213675213674,0.028431209180994437,0.045081967213114756,0.08481188564851538,0.10666666666666667,0.09326119939447952,0.05289672544080605,0.03828836456362412,0.25,0.011533578549726854,0.16513761467889906,0.018308355106724933,0.012145748987854251
s5,0.6,4,0,0.6,0.6,0.6,1.0,1.0,1.0,0.0,0.0,0.0,0,0,0,0,0,0,41.25,40.0,42.0,2.9889999628067017,2.8930001258850098,3.0259997844696045,4,4.139500021934509,4.101999998092651,4.297999858856201,4,4.684300041198726,4.501199913024902,5.103399896621703,4,2.9707499742507935,2.8844999074935913,3.00600004196167,4,4.127824944257736,4.045600211620331,4.288399875164032,4,0.12302727504164473,0.010141987829614603,0.0938400523784633,0.06727828746177371,0.01606625938842479,0.026200873362445417,0.005127293889298785,0.17880794701986752,0.028266153470366134,0.03694581280788177,0.09810390852267255,0.08385093167701864,0.10446465295148724,0.05128205128205128,0.04422606869661112,0.22580645161290325,0.013924271020710368,0.22147651006711408,0.021602988504444153,0.003424657534246575
s6,0.7,4,0,0.7025,0.7016666666666667,0.7033333333333334,1.0035714285714286,1.0023809523809524,1.004761904761905,0.0,0.0,0.0,0,0,0,0,0,0,42.75,42.0,43.0,3.0470000505447388,2.9630000591278076,3.0829999446868896,4,4.075000047683716,3.955000162124634,4.127000093460083,4,4.67859992980957,4.377200126647949,4.763199996948242,4,3.0380001068115234,2.944999933242798,3.0760000944137573,4,4.065974986553192,3.937999963760376,4.077400064468383,4,0.13409934978951432,0.0036231884057971015,0.10471695152830748,0.07537688442211056,0.017514843670149292,0.027472527472527476,0.005505712217161242,0.424,0.03189472635926547,0.0738255033557047,0.10219393019626895,0.061475409836065566,0.1129484585178906,0.06089743589743589,0.04655201530020671,0.3069767441860465,0.013472336322067778,0.27906976744186046,0.02509119853197258,0.0
s7,0.8,4,0,0.8,0.7983333333333333,0.8016666666666666,1.0,0.9979166666666667,1.0020833333333332,0.0005197505197505198,0.0,0.002079002079002079,0,0,0,0,0,0,42.25,41.0,44.0,3.0957499742507935,2.9935001134872437,3.124000072479248,4,4.240824973583221,4.172000169754028,4.348250043392182,4,4.775899958610534,4.7223000741004935,5.182919940948485,4,3.081749975681305,2.9760000705718994,3.1209999322891235,4,4.228949999809265,4.1600000858306885,4.343899941444396,4,0.15368177520707216,0.008196721311475412,0.11534118623582033,0.08385744234800838,0.019017368432627683,0.025547445255474456,0.004378305040079142,0.09090909090909091,0.035836523650138105,0.09718670076726343,0.11143231248765711,0.07692307692307693,0.12417501296176942,0.07990314769975787,0.04960342197019337,0.1743119266055046,0.011233336670022501,0.25806451612903225,0.02858711698251646,0.0
s8,1.0,4,0,1.0,0.9983333333333333,1.0016666666666667,1.0,0.9983333333333333,1.0016666666666667,0.0,0.0,0.0,0,0,0,0,0,0,44.5,44.0,45.0,3.322000026702881,3.2699999809265137,3.379499912261963,4,4.508999943733215,4.486999988555908,4.606800174713134,4,5.246999979019165,4.943000078201294,5.471030027866362,4,3.30649995803833,3.257500171661377,3.3489999771118164,4,4.495499849319458,4.472099888324737,4.596999907493592,4,0.19999687866575178,0.01932367149758454,0.14314618699880965,0.114519427402863,0.02130662059992099,0.03867403314917127,0.00443266154138126,0.11627906976744186,0.042867000246615626,0.1327683615819209,0.14464628570880422,0.19667590027700832,0.14780223738010415,0.11144578313253013,0.06384698510130354,0.23137254901960785,0.011607252909635879,0.1842105263157895,0.036102978340679374,0.0189873417721519
s9,1.5,4,3,0.7941666666666667,0.285,1.46,0.5294444444444444,0.18999999999999997,0.9733333333333333,0.14296374069390502,0.0,0.40418118466898956,114.75,0,252,5.25,0,18,426.0,54.0,675.0,5.186000108718872,5.186000108718872,5.186000108718872,1,9.588000035285948,9.588000035285948,9.588000035285948,1,82.18280020713806,82.18280020713806,82.18280020713806,1,5.085000038146973,5.085000038146973,5.085000038146973,1,8.254000008106232,8.254000008106232,8.254000008106232,1,0.6293957022341549,0.9959839357429718,0.29602110436933327,0.9742388758782201,0.056433001345162055,1.0,0.005263380308822599,0.13513513513513514,0.12496596266563972,0.5958005249343832,0.1758341847794791,0.6678200692041522,0.21197466474276885,0.51338199513382,0.08246883138603857,0.256,0.008523459150614279,0.1638418079096045,0.04025169093502417,0.04109589041095891
s10,2.0,4,4,0.024166666666666666,0.0,0.06666666666666667,0.012083333333333333,0.0,0.03333333333333333,0.9703124718270496,0.899749373433584,1.0,1873.75,768,2422,904.25,332,1337,901.5,551.0,1173.0,,,,0,,,,0,,,,0,,,,0,,,,0,0.7993003721536585,0.9975550122249388,0.15002673003992234,0.786447638603696,0.08494205124987525,1.0,0.005170691889473474,0.2653061224489796,0.21072654159964216,0.8591549295774648,0.20401353452100338,0.9151515151515153,0.26811228042468654,0.5966981132075471,0.09680537849508457,0.17381489841986456,0.0028214360909236107,0.19047619047619047,0.04924257285389541,0.026525198938992044
s11,2.5,4,4,0.00125,0.0,0.005,0.0005,0.0,0.002,0.9994736842105263,0.9978947368421053,1.0,3205,2919,3893,1335.75,1014,1612,907.0,576.0,1173.0,,,,0,,,,0,,,,0,,,,0,,,,0,0.9486724473805448,1.0,0.12288749409131713,0.40357852882703776,0.08150405763756775,1.0,0.004698172507294257,0.064,0.20685474070204873,0.598019801980198,0.2911332399243983,0.9863760217983653,0.2916452359165492,0.8729411764705882,0.09233878689633025,0.06117647058823529,0.0025010248643784825,0.05714285714285714,0.12114671951002717,0.02696078431372549
s12,3.0,4,4,0.0,0.0,0.0,0.0,0.0,0.0,1.0,1.0,1.0,3752.5,2076,4944,811,381,1078,914.0,840.0,979.0,,,,0,,,,0,,,,0,,,,0,,,,0,0.8364399676157687,1.0,0.13803168693975199,0.6815144766146993,0.05931563028259271,1.0,0.0052812453707565925,0.14615384615384616,0.16820537180415435,0.7936507936507936,0.38807792271718045,0.9845559845559847,0.31504821695615026,0.6983758700696057,0.08167724007131728,0.028806584362139915,0.0021108564919027737,0.02380952380952381,0.17845337696874328,0.06956521739130435
recovery,0.2,4,4,0.0,0.0,0.0,0.0,0.0,0.0,1.0,1.0,1.0,1146,352,1856,511.5,128,877,594.25,99.0,958.0,,,,0,,,,0,,,,0,,,,0,,,,0,0.8515232623067008,1.0,0.2991278931540637,0.8357142857142856,0.025328775985122672,1.0,0.004884546235395963,0.08403361344537816,0.12689722097803102,0.6976190476190476,0.357259623015683,1.0,0.3298275307657644,0.9187279151943463,0.07119873882517787,0.015060240963855422,0.002522390738437154,0.15999999999999998,0.1728473867251466,0.03385416666666667
