run,config,stage,rate,planned,triggered,completed,failed,invalidating,negotiations,completed_per_s,throughput_share,failed_share,saturated,a_n,b_n,a_p50,a_p95,a_p99,b_p50,b_p95,steal_max,puris_threads_max,cpu:customer/edc-controlplane,thr:customer/edc-controlplane,cpu:customer/edc-postgresql,thr:customer/edc-postgresql,cpu:customer/edc-vault,thr:customer/edc-vault,cpu:customer/edc-dataplane,thr:customer/edc-dataplane,cpu:customer/puris-backend,thr:customer/puris-backend,cpu:supplier/edc-controlplane,thr:supplier/edc-controlplane,cpu:supplier/edc-postgresql,thr:supplier/edc-postgresql,cpu:supplier/edc-dataplane,thr:supplier/edc-dataplane,cpu:supplier/puris-backend,thr:supplier/puris-backend,cpu:identity/ssi-dim-wallet-stub,thr:identity/ssi-dim-wallet-stub,valid
2026-10-07_2341_k0_rep-1,K0-NAS,warmup1,0.1,60,60,60,0,0,0,0.1,1.0,0.0,False,60,60,3.1355000734329224,4.567349922657013,,3.090499997138977,4.545350074768066,0.00961107375028169,37.0,0.07598531693156449,0.23056300268096513,0.044919127949952425,0.16299559471365638,0.00969845949957227,0.011527377521613832,0.00935581816406115,0.2346368715083799,0.02280049424806716,0.03501945525291829,0.06860337214351314,0.23529411764705885,0.05179189954224236,0.14092140921409213,0.040026532499422035,0.2323232323232323,0.011517799643460853,0.08333333333333333,0.005103367455520332,0.0,False
2026-10-07_2341_k0_rep-1,K0-NAS,warmup2,0.3,180,181,181,0,0,0,0.3016666666666667,1.0055555555555558,0.0,False,181,181,2.9610002040863037,4.5299999713897705,4.755400133132935,2.939000129699707,4.517999887466431,0.015017497451166149,40.0,0.10065228927483066,0.1424731182795699,0.06416684507864925,0.1923076923076923,0.01170921449258118,0.017985611510791366,0.006012148272655211,0.10714285714285715,0.03803808897363448,0.06666666666666667,0.07769609972992746,0.07608695652173912,0.07220928868556951,0.20091324200913244,0.04391976666966623,0.16363636363636366,0.015295447173296244,0.25,0.011009765760961562,0.0,False
2026-10-07_2341_k0_rep-1,K0-NAS,s1,0.2,120,121,121,0,0,0,0.20166666666666666,1.0083333333333333,0.0,False,121,121,2.8359999656677246,3.5379998683929443,4.343799829483032,2.825000047683716,3.5290000438690186,0.005529693891945077,41.0,0.06115349107931071,0.05,0.05772395180530762,0.1607142857142857,0.011076449630204556,0.015957446808510637,0.005302185565201889,0.06024096385542168,0.02054654310108933,0.0398406374501992,0.05493753173973364,0.04857142857142857,0.06288783742211831,0.2,0.024124467566414218,0.05769230769230769,0.010360262083879726,0.11111111111111112,0.008150531418990737,0.0,False
2026-10-07_2341_k0_rep-1,K0-NAS,s2,0.3,180,181,181,0,0,0,0.3016666666666667,1.0055555555555558,0.0,False,181,181,2.9579999446868896,4.445000171661377,4.622399997711181,2.949000120162964,4.432000160217285,0.006464234073316953,39.0,0.07656776535088924,0.04332129963898917,0.06675808752637014,0.1876675603217158,0.012248475740699689,0.01234567901234568,0.005065275775387474,0.03759398496240601,0.026985771510109446,0.04060913705583757,0.06310233514492336,0.03801169590643275,0.07668952730754443,0.21657754010695185,0.03485095495949022,0.1754385964912281,0.015374825019333004,0.28915662650602414,0.01134134235600862,0.0,False
2026-10-07_2341_k0_rep-1,K0-NAS,s3,0.4,240,240,239,0,0,0,0.3983333333333333,0.9958333333333332,0.0,False,240,239,3.150999903678894,4.429399907588959,4.605609953403471,3.122999906539917,4.420599842071534,0.008115190622445636,41.0,0.09264762806045675,0.052763819095477386,0.07927409543526781,0.23267326732673269,0.013807829875311216,0.021276595744680854,0.004694816330183488,0.045871559633027525,0.02603962439966471,0.017817371937639197,0.07818382307730244,0.06906906906906907,0.0857129160906244,0.268361581920904,0.03763396016924017,0.12429378531073447,0.010655712763603983,0.059602649006622516,0.014921483776382465,0.005376344086021505,False
2026-10-07_2341_k0_rep-1,K0-NAS,s4,0.5,300,301,300,1,0,0,0.5,1.0,0.0033222591362126247,False,300,300,3.2904999256134033,4.942950141429901,5.314149892330169,3.264500141143799,4.911450004577637,0.008579680598032189,42.0,0.10954903845076888,0.03333333333333333,0.09295255849407044,0.30689655172413793,0.01456605806803887,0.016891891891891893,0.0048860580659089315,0.03076923076923077,0.028251625767146668,0.02,0.0872999340141564,0.05070422535211267,0.09704000983115348,0.31446540880503143,0.03875664661246539,0.09663865546218486,0.012641914726109189,0.10273972602739725,0.01834508614377644,0.0,False
2026-10-07_2341_k0_rep-1,K0-NAS,s5,0.6,360,361,360,1,0,0,0.6,1.0,0.002770083102493075,False,360,360,3.3614999055862427,4.826350045204163,5.431040070056916,3.305500030517578,4.818199920654298,0.00998435499928995,41.0,0.13295601457933398,0.07799442896935933,0.107022601603247,0.3722466960352423,0.01646461062728268,0.02909090909090909,0.005158094266564771,0.06140350877192982,0.02991368204891691,0.026200873362445417,0.10442904776585993,0.086734693877551,0.11184372663880869,0.4117647058823529,0.046005883464927955,0.1350210970464135,0.014523065635810711,0.1566265060240964,0.02192742148620805,0.0,False
2026-10-07_2341_k0_rep-1,K0-NAS,s6,0.7,420,421,420,0,0,0,0.7,1.0,0.0,False,421,420,2.9099998474121094,4.626000165939331,5.486800098419191,2.9029998779296875,4.622600114345548,0.0600801786530555,44.0,0.10172919126152796,0.01392757660167131,0.0789149138805591,0.47629310344827586,0.012539296169234089,0.019189765458422173,0.0037217432215988482,0.04201680672268907,0.022664467436066645,0.022598870056497175,0.07735832342310055,0.02964959568733154,0.08637324771749123,0.41269841269841273,0.03511580198139647,0.05985915492957746,0.007430324306895638,0.034722222222222224,0.018791750973210168,0.0,False
2026-10-07_2341_k0_rep-1,K0-NAS,s7,0.8,480,481,481,0,0,0,0.8016666666666666,1.0020833333333332,0.0,False,481,481,2.742000102996826,3.627000093460083,4.274600076675414,2.734999895095825,3.61899995803833,0.011740811840967131,42.0,0.10093507128746325,0.011235955056179775,0.07515503185024094,0.18029739776951673,0.0119713025926394,0.01729106628242075,0.002887530228071899,0.0125,0.023352755168605313,0.028497409326424875,0.07669742232400169,0.02318840579710145,0.08513735216573605,0.18541033434650456,0.03310999481363667,0.0421455938697318,0.00851157669664865,0.12264150943396226,0.019733217906927468,0.0,False
2026-10-07_2341_k0_rep-1,K0-NAS,s8,1.0,600,601,600,1,0,0,1.0,1.0,0.0016638935108153079,False,600,600,2.9714999198913574,3.985349905490875,4.288090107440948,2.9575001001358032,3.95324990749359,0.01300144460495092,44.0,0.12800682208912206,0.040540540540540536,0.09137058064405143,0.30534351145038174,0.013788714327667123,0.014084507042253523,0.002631159380261904,0.015384615384615384,0.025533829927165345,0.008522727272727272,0.10082761477966092,0.08446866485013624,0.1019334866680225,0.2625,0.04240126896969296,0.12663755458515286,0.00741801747325293,0.04081632653061224,0.02580058495878387,0.02127659574468085,False
2026-10-07_2341_k0_rep-1,K0-NAS,recovery,0.2,120,121,123,0,0,0,0.205,1.025,0.0,False,121,123,2.8529999256134033,3.9070000648498535,4.272800016403198,2.8429999351501465,3.897900080680847,0.010825780463240892,44.0,0.04409482911156885,0.0,0.05335593959181537,0.17199017199017197,0.009937370018624738,0.016501650165016504,0.0037569631860912694,0.03968253968253968,0.008095437941408332,0.0,0.04031195172112478,0.0029069767441860465,0.068709362204854,0.21980676328502413,0.015726578800662,0.017543859649122806,0.003040701419452465,0.0,0.007605346308545224,0.0,False
2026-10-08_0140_k0_rep-2,K0-NAS,warmup1,0.1,60,60,60,0,0,0,0.1,1.0,0.0,False,60,60,3.846000075340271,4.968949925899506,,3.827500104904175,4.949000024795532,0.008310171537662642,37.0,0.07904362620722284,0.21615720524017465,0.04236512246750668,0.1263440860215054,0.00964380584328293,0.010752688172043012,0.008815065180127073,0.23404255319148934,0.023930750782939023,0.03886925795053004,0.06774122148870035,0.1797385620915033,0.051265955446739606,0.13105413105413102,0.03917097984014855,0.21818181818181817,0.011209812836014625,0.07142857142857142,0.005118178275700259,0.0,True
2026-10-08_0140_k0_rep-2,K0-NAS,warmup2,0.3,180,181,181,0,0,0,0.3016666666666667,1.0055555555555558,0.0,False,181,181,2.938999891281128,4.539999961853027,5.092400121688843,2.9240000247955322,4.5290000438690186,0.008095345176523737,40.0,0.10622342648419159,0.13999999999999999,0.06994393959690871,0.20142180094786727,0.01248707142115427,0.01838235294117647,0.006300402267151301,0.08391608391608392,0.038020650979571365,0.07582938388625593,0.08233856226431903,0.09638554216867469,0.07727167012953354,0.2140845070422535,0.04602466972910821,0.15763546798029557,0.015102807634939125,0.17094017094017097,0.011749702505839961,0.0,True
2026-10-08_0140_k0_rep-2,K0-NAS,s1,0.2,120,121,121,0,0,0,0.20166666666666666,1.0083333333333333,0.0,False,121,121,2.8869998455047607,4.7159998416900635,4.816200113296508,2.875999927520752,4.703000068664551,0.006320934936507156,41.0,0.06417631825073424,0.0546448087431694,0.05757716992693002,0.15200000000000002,0.011142502118970948,0.015290519877675842,0.0058322663003994865,0.09395973154362416,0.019799027038662396,0.04854368932038835,0.05329257906729452,0.06542056074766356,0.06268967209928523,0.18775510204081633,0.024305481753949497,0.0805687203791469,0.008804871676926347,0.10236220472440945,0.008038727513640868,0.0,True
2026-10-08_0140_k0_rep-2,K0-NAS,s2,0.3,180,181,180,1,0,0,0.3,1.0,0.0055248618784530384,False,180,180,2.882499933242798,4.341150069236756,4.677760057449345,2.875499963760376,4.333050167560577,0.007268834169157294,40.0,0.0779170505717494,0.047109207708779445,0.06751018664167573,0.18472906403940884,0.01230590583367204,0.010416666666666668,0.00481222076535246,0.034482758620689655,0.026861040637970634,0.03125,0.06095220739684778,0.033444816053511704,0.07406050892310792,0.22302158273381298,0.032822921035085405,0.11111111111111112,0.013770024294965204,0.24539877300613497,0.011302033249251173,0.0,True
2026-10-08_0140_k0_rep-2,K0-NAS,s3,0.4,240,241,241,0,0,0,0.40166666666666667,1.0041666666666667,0.0,False,241,241,2.942999839782715,4.471999883651733,4.596399927139282,2.885999917984009,4.432999849319458,0.007261817977906281,41.0,0.08966609359509949,0.050808314087759814,0.07676455576527644,0.23178807947019867,0.013728681394416072,0.018808777429467086,0.004731750893190549,0.1,0.024895731260177675,0.0125,0.0728709721434148,0.056856187290969896,0.08529362575831782,0.23660714285714285,0.035881130887165706,0.06896551724137931,0.012543204971582704,0.10204081632653061,0.014827266400652175,0.0,True
2026-10-08_0140_k0_rep-2,K0-NAS,s4,0.5,300,301,299,1,2,3,0.49833333333333335,0.9966666666666667,0.0033333333333333335,False,300,299,3.4084999561309814,5.334199929237367,6.8711300516128535,3.384999990463257,5.02660012245178,0.008300030740857492,43.0,0.12668689162019722,0.23762376237623764,0.09376270876400028,0.40898876404494383,0.015471196957209785,0.019801980198019802,0.004614400401359575,0.034722222222222224,0.031072298879602524,0.027586206896551727,0.09559030677891552,0.15176151761517614,0.09603541198421854,0.30980392156862746,0.04137535635136561,0.07357859531772575,0.011586212427792298,0.06504065040650406,0.018356105862948,0.0,True
2026-10-08_0140_k0_rep-2,K0-NAS,s5,0.6,360,360,360,0,0,0,0.6,1.0,0.0,False,360,360,3.29449999332428,4.650050091743469,5.192350008487702,3.2695000171661377,4.568949854373932,0.008338012352602104,43.0,0.13295819670858605,0.09330143540669857,0.10665546856300842,0.35802469135802467,0.01643677769997998,0.026246719160104987,0.004945083595391814,0.056074766355140186,0.02768678371493791,0.009746588693957116,0.10202884445651948,0.10645161290322581,0.10958440253922044,0.34553775743707094,0.045181934364574496,0.062015503875969,0.013924092624993552,0.10759493670886076,0.02137781570555515,0.0,True
2026-10-08_0140_k0_rep-2,K0-NAS,s6,0.7,420,420,268,3,18,52,0.44666666666666666,0.6380952380952382,0.01107011070110701,True,268,268,,,,,,0.0172651351123387,182.0,0.3015270363749101,1.0,0.16356015486286996,0.9864498644986449,0.03670464702981489,0.6713995943204868,0.006146955070861762,0.15254237288135591,0.059229320020325854,0.10526315789473684,0.09558276062908318,0.08832807570977917,0.12704532203962077,0.6277056277056278,0.043082781493504724,0.1111111111111111,0.008144650637681265,0.03361344537815126,0.020583884893000073,0.004784688995215311,True
2026-10-08_0140_k0_rep-2,K0-NAS,s7,0.8,480,481,1,500,1034,1018,0.0016666666666666668,0.0020833333333333333,0.998003992015968,True,0,1,,,,,,0.018835616438357846,249.0,0.47998618681930844,1.0,0.17852898712040677,0.8733031674208145,0.02763939795545906,0.9302752293577982,0.005732690815218027,0.05660377358490566,0.1006983715595326,0.060000000000000005,0.1364556998333461,0.21241830065359477,0.17866962607874573,0.914705882352941,0.042508333699297234,0.005208333333333333,0.002422619813377331,0.0,0.028574058606671726,0.004347826086956522,True
2026-10-08_0140_k0_rep-2,K0-NAS,s8,1.0,600,601,0,604,1208,1008,0.0,0.0,1.0,True,0,0,,,,,,0.01758519141775927,416.0,0.4539231129122114,0.9130434782608695,0.18148999860590426,0.8597014925373134,0.0081188357242686,0.013071895424836602,0.005230455490677416,0.027586206896551724,0.11035613569525286,0.02356902356902357,0.1201407206791975,0.15495867768595042,0.1437235866511876,0.7934990439770555,0.029315731791272677,0.004830917874396135,0.002502166146989144,0.022727272727272728,0.02921993172835378,0.0035714285714285713,True
2026-10-08_0140_k0_rep-2,K0-NAS,recovery,0.2,120,121,0,239,478,283,0.0,0.0,1.0,True,0,0,,,,,,0.0160662804041701,227.0,0.37155987865959195,0.834782608695652,0.1960528372474724,0.9944289693593314,0.008184122622154493,0.017421602787456445,0.005471377061042325,0.041666666666666664,0.03731762970857532,0.03826530612244899,0.1793115995035928,0.23905723905723905,0.18212124561593074,0.9852941176470587,0.022861119429113657,0.0,0.0024599123391836186,0.0,0.04794779231227589,0.014814814814814814,True
2026-10-08_0340_k0_rep-3,K0-NAS,warmup1,0.1,60,60,60,0,0,0,0.1,1.0,0.0,False,60,60,3.16949999332428,4.415949964523315,,3.149500012397766,4.3996499300003045,0.008261200552627777,37.0,0.07724482058817139,0.175,0.04264275942494248,0.12861736334405144,0.009481060623892968,0.016835016835016835,0.00945307377250402,0.2603550295857988,0.020381417831683315,0.026315789473684213,0.06358186026929084,0.15037593984962405,0.05127649640983602,0.17611940298507464,0.03945415337249633,0.2413793103448276,0.011912803155027468,0.06976744186046512,0.004940200053483537,0.0,True
2026-10-08_0340_k0_rep-3,K0-NAS,warmup2,0.3,180,181,179,1,1,1,0.29833333333333334,0.9944444444444445,0.005555555555555556,False,180,179,3.1410000324249268,4.6956499814987165,4.963780136108399,3.121999979019165,4.665699982643128,0.0070386846106215775,40.0,0.11958447334642279,0.1288981288981289,0.06986910259139191,0.1825095057034221,0.013129940328073774,0.015503875968992248,0.006375829737795928,0.09677419354838711,0.0414294336244177,0.08053691275167785,0.08717787586369159,0.12465373961218837,0.07561055601432057,0.19623655913978497,0.04566589630136332,0.1353711790393013,0.014060409293526841,0.09090909090909091,0.011825550483755696,0.005649717514124295,True
2026-10-08_0340_k0_rep-3,K0-NAS,s1,0.2,120,121,122,0,0,0,0.20333333333333334,1.0166666666666666,0.0,False,121,122,2.6760001182556152,4.3349997997283936,4.520800065994263,2.6855000257492065,4.32024986743927,0.0062783788328963485,41.0,0.06148274221903164,0.03289473684210526,0.057573516978565865,0.15467625899280577,0.010901696860774752,0.015337423312883436,0.005490701557539742,0.046511627906976744,0.01871391431053794,0.03773584905660377,0.05584986312074288,0.0703125,0.06823748798873323,0.21836228287841192,0.02761016208299634,0.05809128630705395,0.010407911977100788,0.06896551724137931,0.00800501951850386,0.0,True
2026-10-08_0340_k0_rep-3,K0-NAS,s2,0.3,180,181,181,0,0,0,0.3016666666666667,1.0055555555555558,0.0,False,181,181,2.9240000247955322,4.36899995803833,4.787800073623657,2.9140000343322754,4.358999967575073,0.007093006694200589,39.0,0.07720910389149926,0.029411764705882356,0.06913790325288643,0.1854043392504931,0.012344366987240452,0.01706484641638225,0.004826054143099603,0.027272727272727275,0.027882669711272415,0.03667481662591687,0.06000603463457897,0.019178082191780823,0.07852799336486548,0.2571428571428571,0.0347586061627712,0.10869565217391303,0.013993175564847157,0.21354166666666666,0.011368290570364611,0.0,True
2026-10-08_0340_k0_rep-3,K0-NAS,s3,0.4,240,241,240,0,0,0,0.4,1.0,0.0,False,241,240,3.0920000076293945,4.383999824523926,4.583599996566772,3.0810000896453857,4.365400004386902,0.006996347288565376,40.0,0.092467713424386,0.06315789473684211,0.07608202732722187,0.208955223880597,0.013850013389201145,0.01346801346801347,0.004519983749036441,0.058823529411764705,0.02473922288912558,0.022875816993464054,0.07707265803767606,0.07328605200945626,0.08998139833466588,0.2895377128953771,0.03928221138783527,0.08724832214765099,0.01144945351810183,0.0373134328358209,0.014546398402121253,0.0,True
2026-10-08_0340_k0_rep-3,K0-NAS,s4,0.5,300,300,299,1,1,2,0.49833333333333335,0.9966666666666667,0.0033333333333333335,False,299,299,3.2250001430511475,4.899600052833555,6.690040125846862,3.197999954223633,4.840100169181822,0.009265517629825163,42.0,0.1132002645694794,0.04473684210526316,0.09420475999115688,0.3140186915887851,0.015962175825076474,0.020710059171597635,0.005050004145448064,0.08771929824561403,0.026941809273475847,0.015590200445434299,0.0848562474611206,0.048611111111111105,0.10189522909259083,0.3641304347826087,0.04123663987623359,0.08542713567839197,0.011951060263583044,0.08717948717948719,0.018534379238669976,0.0,True
2026-10-08_0340_k0_rep-3,K0-NAS,s5,0.6,360,360,129,85,216,270,0.215,0.35833333333333334,0.397196261682243,True,128,129,,,,,,0.019798912890424302,220.0,0.3873286757884105,1.0,0.15977846890111358,0.9787878787878788,0.053615895974617876,0.9595959595959597,0.00561130578399109,0.06164383561643836,0.08876213135030349,0.10682492581602374,0.10188188775456475,0.16040100250626566,0.13530649770777353,0.8679245283018867,0.038550656971570944,0.04026845637583893,0.005891426729810636,0.050314465408805034,0.018490169447379003,0.0,True
2026-10-08_0340_k0_rep-3,K0-NAS,s6,0.7,420,421,0,547,1197,744,0.0,0.0,1.0,True,0,0,,,,,,0.02147843711294308,292.0,0.47280618936625796,0.9867549668874174,0.17647719842178333,0.8613636363636363,0.04069073909134679,0.7087576374745418,0.006410781503051023,0.14193548387096774,0.11462639455833787,0.019656019656019656,0.12408790096697264,0.09655172413793102,0.19315140967177974,0.9230769230769231,0.052086185157871195,0.043568464730290454,0.0027794833024845696,0.015873015873015872,0.027206834681405313,0.0,True
2026-10-08_0340_k0_rep-3,K0-NAS,s7,0.8,480,481,0,240,480,705,0.0,0.0,1.0,True,0,0,,,,,,0.019775521111708286,300.0,0.43239296439059605,0.8924485125858123,0.18391080837891768,0.9022727272727272,0.008110442807242603,0.016722408026755852,0.0053533382230296425,0.05,0.08522655513289287,0.051224944320712694,0.15471578348705542,0.3634751773049646,0.18070280774929798,1.0,0.034877723923793534,0.0,0.0023077824855463618,0.006802721088435375,0.036189312367633474,0.022857142857142857,True
2026-10-08_0340_k0_rep-3,K0-NAS,s8,1.0,600,601,0,439,878,1116,0.0,0.0,1.0,True,0,0,,,,,,0.019525880207599437,471.0,0.46856622005893594,0.919047619047619,0.18671344765357945,0.8716216216216217,0.008243071089274714,0.01384083044982699,0.005316832900890439,0.038461538461538464,0.12760154257768205,0.03234501347708895,0.11446266423142802,0.1284796573875803,0.1677445961229009,0.8700906344410876,0.04108885712487696,0.0028735632183908046,0.002426483522874712,0.0,0.025955697363182064,0.003937007874015748,True
2026-10-08_0340_k0_rep-3,K0-NAS,recovery,0.2,120,121,0,535,1070,456,0.0,0.0,1.0,True,0,0,,,,,,0.018919906665552502,465.0,0.4463336610093587,0.9191011235955056,0.1901736197611409,0.995249406175772,0.008179616401777175,0.01384083044982699,0.005343687914266926,0.0273972602739726,0.08848322596432215,0.009302325581395349,0.10431651338810843,0.09425287356321839,0.16599338577763006,0.9226932668329177,0.03619361404378612,0.002793296089385475,0.002386235509073535,0.0,0.026583764301989495,0.0,True
2026-10-08_0540_k0_rep-4,K0-NAS,warmup1,0.1,60,60,60,0,0,0,0.1,1.0,0.0,False,60,60,3.3614999055862427,4.770250058174133,,3.3389999866485596,4.741200017929076,0.008198343369240312,37.0,0.07752765509056433,0.20731707317073172,0.04414727264262962,0.11721611721611723,0.00995846160840293,0.012499999999999999,0.009016370889485016,0.26285714285714284,0.024150552013506698,0.02926829268292683,0.06968752716378906,0.1784841075794621,0.05121619096935604,0.13675213675213674,0.03787156092043916,0.22619047619047616,0.011406842948879992,0.07575757575757575,0.005255596495872674,0.0,True
2026-10-08_0540_k0_rep-4,K0-NAS,warmup2,0.3,180,180,180,0,0,0,0.3,1.0,0.0,False,180,180,2.8524999618530273,4.278549861907957,4.64890012264252,2.8359999656677246,4.225600028038023,0.007708538472359474,39.0,0.1050299495197709,0.14558472553699284,0.06720761082009186,0.18798955613577023,0.012401793260388951,0.014164305949008497,0.006350551070357004,0.06569343065693431,0.040805210457929786,0.07192575406032482,0.0824404818432626,0.11976047904191617,0.0749294878450131,0.22707423580786024,0.044210543350740275,0.16289592760180996,0.01422943454985686,0.12352941176470587,0.011371380912983765,0.0,True
2026-10-08_0540_k0_rep-4,K0-NAS,s1,0.2,120,120,120,0,0,0,0.2,1.0,0.0,False,120,120,2.7994998693466187,4.359299969673157,4.568919913768768,2.7874999046325684,4.3444500923156735,0.006799266469182156,39.0,0.06161284652244873,0.06804733727810651,0.057786085760426986,0.17506631299734748,0.011031245657473342,0.014925373134328358,0.00537800689979859,0.053571428571428575,0.020335836363187258,0.03470031545741325,0.05458764154630455,0.05459057071960298,0.06307703855270429,0.17153284671532848,0.024916202911419875,0.10526315789473685,0.009147764993267235,0.07547169811320754,0.007939031139857632,0.0,True
2026-10-08_0540_k0_rep-4,K0-NAS,s2,0.3,180,180,180,0,0,0,0.3,1.0,0.0,False,180,180,2.7675000429153442,4.07940000295639,4.433339910507202,2.7489999532699585,4.020200121402739,0.007330257832621019,39.0,0.07576987610088773,0.040449438202247195,0.06780349956938238,0.1745635910224439,0.012208089733572378,0.014925373134328358,0.0049184228897136036,0.048,0.026443347364272368,0.04307692307692308,0.059468597199699005,0.014851485148514853,0.07496577401736303,0.21608040201005024,0.03326209630107258,0.11494252873563217,0.012858971145899232,0.1746031746031746,0.01140644485177565,0.0,True
2026-10-08_0540_k0_rep-4,K0-NAS,s3,0.4,240,241,240,0,0,0,0.4,1.0,0.0,False,241,240,2.9759998321533203,4.194000005722046,4.496399927139282,2.962999939918518,4.186750102043152,0.007364440274109575,41.0,0.09581926623434547,0.10862619808306709,0.07934976766824871,0.21264367816091953,0.01372339722857469,0.016129032258064516,0.00456246881893262,0.058252427184466014,0.02515021277780727,0.013824884792626729,0.07827928753187538,0.07272727272727272,0.08546396141737111,0.2476190476190476,0.03595850924189112,0.08860759493670887,0.011279959105411588,0.0641025641025641,0.014851633434119422,0.0,True
2026-10-08_0540_k0_rep-4,K0-NAS,s4,0.5,300,301,301,0,0,0,0.5016666666666667,1.0033333333333334,0.0,False,301,301,3.1590001583099365,4.298999786376953,4.819999933242798,3.138000011444092,4.2840001583099365,0.007908487501765019,42.0,0.11049602088914307,0.028112449799196786,0.09177241792635654,0.2675438596491228,0.014983542015921843,0.018229166666666668,0.005209689865925175,0.057971014492753624,0.02777185973332482,0.02319587628865979,0.0839401592614894,0.043795620437956206,0.09934294398480353,0.3121827411167512,0.04132272560689954,0.10924369747899158,0.012563879545841046,0.1782178217821782,0.017301334064378296,0.0,True
2026-10-08_0540_k0_rep-4,K0-NAS,s5,0.6,360,361,358,2,3,8,0.5966666666666667,0.9944444444444445,0.005555555555555556,False,359,358,3.4609999656677246,8.423800039291375,12.88948008060457,3.4075000286102295,7.33744999170303,0.010318791946312826,45.0,0.16867473793808627,0.6624685138539043,0.1195435680847996,0.7953890489913544,0.01825517761556071,0.033707865168539325,0.004882360139432919,0.036231884057971016,0.034863108925486476,0.05165289256198347,0.11096183871239601,0.28723404255319146,0.11181531385647557,0.4013157894736842,0.04676593392336718,0.0858085808580858,0.012418428223748536,0.08,0.022095522293685433,0.0,True
2026-10-08_0540_k0_rep-4,K0-NAS,s6,0.7,420,421,68,118,266,437,0.11333333333333333,0.1619047619047619,0.6344086021505376,True,66,68,,,,,,0.018084898551527773,278.0,0.4657295902620489,1.0,0.16561622159356693,0.9943074003795066,0.06570516554250627,0.9931662870159452,0.0057539292230395205,0.04195804195804195,0.11080111225359257,0.04157549234135668,0.10274379760129992,0.11386138613861387,0.13612421447092637,0.7732997481108311,0.034729462078475326,0.02109704641350211,0.00359841467007824,0.023076923076923078,0.019649360176897505,0.0,True
2026-10-08_0540_k0_rep-4,K0-NAS,s7,0.8,480,481,0,433,911,963,0.0,0.0,1.0,True,0,0,,,,,,0.019406553227386877,325.0,0.4682379524326048,0.9905437352245864,0.1761716621752525,0.9009287925696595,0.02904388505440394,0.9143468950749466,0.005525115813056093,0.06521739130434782,0.11802873388734351,0.0807799442896936,0.1313443969218666,0.09999999999999999,0.193970777127701,0.9397590361445783,0.04946182500977546,0.0,0.0023571118162824143,0.0,0.028730288505346688,0.0036231884057971015,True
2026-10-08_0540_k0_rep-4,K0-NAS,s8,1.0,600,601,0,431,862,1107,0.0,0.0,1.0,True,0,0,,,,,,0.019304045724549627,494.0,0.4581152598359911,0.8684931506849314,0.18960702751012073,0.8970588235294118,0.007947683496270754,0.013888888888888888,0.005789553979824058,0.12941176470588234,0.13036744822411223,0.03357314148681055,0.11151963594324561,0.0632603406326034,0.17259725443489354,0.7809917355371901,0.04611241628482954,0.0,0.002323214420150238,0.0,0.024425619001193728,0.0,True
2026-10-08_0540_k0_rep-4,K0-NAS,recovery,0.2,120,121,0,567,1134,369,0.0,0.0,1.0,True,0,0,,,,,,0.017665386969351903,497.0,0.3857041551809278,0.8881118881118881,0.193549777932284,1.0,0.008042647567952385,0.015290519877675842,0.005457917686828917,0.035398230088495575,0.05274635304473055,0.04390243902439025,0.1703565924964393,0.2166172106824926,0.18587572300539068,0.991769547325103,0.03131295799502599,0.006198347107438016,0.002506392939645173,0.006622516556291391,0.040745956928802916,0.022222222222222223,True
2026-10-08_1252_k0_rep-5,K0-NAS,warmup1,0.1,60,60,60,0,0,0,0.1,1.0,0.0,False,60,60,3.4025001525878906,5.107049953937531,,3.381500005722046,5.0487000942230225,0.011972186396009443,37.0,0.08051949496425535,0.17436974789915966,0.048062873640068865,0.16756756756756758,0.009601180998466487,0.011869436201780416,0.010037587778937691,0.34177215189873417,0.0253850945351722,0.06635071090047394,0.06961097957088852,0.18181818181818182,0.05129518120106666,0.14093959731543626,0.03891191267888484,0.23673469387755097,0.011835766165851944,0.09444444444444444,0.0050320073737305055,0.0,True
2026-10-08_1252_k0_rep-5,K0-NAS,warmup2,0.3,180,181,181,0,0,0,0.3016666666666667,1.0055555555555558,0.0,False,181,181,3.3269999027252197,4.571000099182129,5.116400098800658,3.316999912261963,4.557000160217285,0.012352563923829182,40.0,0.10647017287479849,0.12351543942992875,0.07484685058730373,0.225130890052356,0.012283293713568837,0.01869158878504673,0.006604609794016466,0.07894736842105263,0.041085205738488034,0.06148867313915858,0.0794807838451754,0.06532663316582915,0.07764537136464532,0.20842105263157892,0.04549448855179011,0.13274336283185842,0.014447014852948636,0.09166666666666666,0.011711817679560857,0.0,True
2026-10-08_1252_k0_rep-5,K0-NAS,s1,0.2,120,120,120,0,0,0,0.2,1.0,0.0,False,120,120,2.9394999742507935,4.393950116634369,4.550679972171784,2.927000045776367,4.381000101566315,0.010049686999978916,40.0,0.06563299184759983,0.06798866855524079,0.05862735702942664,0.17837837837837836,0.010897459231249719,0.011142061281337047,0.0051902571056850234,0.0297029702970297,0.021391155920518067,0.0375,0.056358445241326306,0.06470588235294118,0.06625590511642,0.19672131147540983,0.02541756358304167,0.09929078014184398,0.009927824067633878,0.06666666666666667,0.008606800541355403,0.0,True
2026-10-08_1252_k0_rep-5,K0-NAS,s2,0.3,180,181,181,0,0,0,0.3016666666666667,1.0055555555555558,0.0,False,181,181,3.1419999599456787,4.376999855041504,4.803200054168699,3.121999979019165,4.36899995803833,0.010843237762632468,40.0,0.08198580265191678,0.0583756345177665,0.07142839185491046,0.22591362126245845,0.012283390284256719,0.015384615384615384,0.004875423353606436,0.024844720496894408,0.028523865295678505,0.0480225988700565,0.0630033102223949,0.04375000000000001,0.07872320425392955,0.2182628062360802,0.03328303104109064,0.10852713178294575,0.013904836615739229,0.20918367346938774,0.011701548123269168,0.0,True
2026-10-08_1252_k0_rep-5,K0-NAS,s3,0.4,240,241,241,0,0,0,0.40166666666666667,1.0041666666666667,0.0,False,241,241,3.0989999771118164,4.436999797821045,4.867199897766113,3.0889999866485596,4.427999973297119,0.012734565650335419,41.0,0.09671223201844371,0.04742268041237114,0.0827687685773996,0.2648809523809524,0.013707202810526922,0.01414141414141414,0.005945269191599688,0.2544378698224852,0.026199259179277228,0.0125,0.07704048116806858,0.0660377358490566,0.08659789996667383,0.28082191780821913,0.03846828230964437,0.15151515151515152,0.012201115466550446,0.1171875,0.015150975023888754,0.0,True
2026-10-08_1252_k0_rep-5,K0-NAS,s4,0.5,300,300,296,2,3,6,0.49333333333333335,0.9866666666666667,0.006711409395973154,False,298,296,3.578000068664551,6.003399980068178,13.812280101775306,3.4754998683929443,5.61599999666214,0.012734565650335419,44.0,0.14329090235891856,0.6326530612244897,0.1045797345128357,0.5238095238095238,0.01720638947984825,0.024390243902439022,0.005046652835855141,0.04320987654320988,0.03228158046805858,0.02262443438914027,0.09662205440035937,0.11488250652741515,0.10081372065134568,0.33118971061093244,0.04133193995076301,0.05384615384615385,0.011629902408557467,0.06993006993006992,0.019155705090409442,0.0,True
2026-10-08_1252_k0_rep-5,K0-NAS,s5,0.6,360,361,361,1,1,5,0.6016666666666667,1.0027777777777778,0.0027624309392265192,False,360,361,3.5199999809265137,7.52894995212555,12.02868988275528,3.485999822616577,7.5299999713897705,0.015523242757695706,47.0,0.14733778781520301,0.18127490039840638,0.11858848850467912,0.8070953436807096,0.01793299279998097,0.025974025974025972,0.005187979485337601,0.07526881720430108,0.03090463626893887,0.011627906976744188,0.10656943155116291,0.10683760683760683,0.12151720987782515,0.4686774941995359,0.04877547442181145,0.07746478873239436,0.012099534830998194,0.09554140127388536,0.022562391280536193,0.0,True
2026-10-08_1252_k0_rep-5,K0-NAS,s6,0.7,420,421,76,144,362,343,0.12666666666666668,0.18095238095238098,0.6545454545454545,True,75,76,,,,,,0.023560653144250418,257.0,0.45653328326702514,1.0,0.17985035284056292,0.9866666666666667,0.05745472600416076,0.9931350114416476,0.006071486305877708,0.10526315789473684,0.10151503954045141,0.058823529411764705,0.10380157812709802,0.17357512953367876,0.16298317931578526,0.918429003021148,0.04930341203172099,0.02554744525547445,0.004168648677283499,0.025974025974025972,0.018420009733041125,0.005376344086021506,True
2026-10-08_1252_k0_rep-5,K0-NAS,s7,0.8,480,481,0,392,801,954,0.0,0.0,1.0,True,0,0,,,,,,0.023701746000495565,329.0,0.46887332211304183,0.9836829836829837,0.18398099464981457,0.8711790393013099,0.019558495995830837,0.6073298429319373,0.00566351814491658,0.041666666666666664,0.111187516084996,0.05513784461152882,0.12074576345249932,0.07242339832869081,0.1919658891114824,0.9629629629629629,0.05141364602904289,0.0035587188612099642,0.002323998424826405,0.008695652173913044,0.02570717678015894,0.0,True
2026-10-08_1252_k0_rep-5,K0-NAS,s8,1.0,600,601,0,431,862,1109,0.0,0.0,1.0,True,0,0,,,,,,0.0190794649882044,503.0,0.46820049252757134,0.8474178403755869,0.18472630607572837,0.8895833333333333,0.00827517736170993,0.012121212121212123,0.00505886688398793,0.010416666666666666,0.12865419048413165,0.0379746835443038,0.12400836814225497,0.06775067750677506,0.18716188718500326,0.9299719887955181,0.05021776204616713,0.0,0.002501309960388669,0.013698630136986302,0.025570755038919243,0.0,True
2026-10-08_1252_k0_rep-5,K0-NAS,recovery,0.2,120,121,0,573,1146,423,0.0,0.0,1.0,True,0,0,,,,,,0.01930610749415144,503.0,0.4147104464198982,0.8629856850715747,0.1863035379427577,0.9980620155038759,0.007983584851229781,0.01652892561983471,0.00537397650851237,0.02459016393442623,0.06623990706457185,0.06190476190476191,0.1545082259715979,0.20675944333996024,0.19172712827210264,0.9894736842105264,0.036389739500080946,0.013824884792626727,0.0024355904963180397,0.0,0.03638402003176401,0.016460905349794237,True
2026-10-08_1453_k0_rep-6,K0-NAS,warmup1,0.1,60,60,60,0,0,0,0.1,1.0,0.0,False,60,60,3.286499857902527,4.924650013446808,,3.2679998874664307,4.900750076770782,0.00957649966300311,37.0,0.07718373140089392,0.17708333333333334,0.04515132902014235,0.119533527696793,0.009772703591614008,0.012195121951219511,0.009544404576808819,0.30357142857142855,0.02160443291088468,0.02702702702702703,0.07033969563063519,0.18208092485549132,0.05263228947937467,0.15326633165829145,0.03892596942057277,0.25957446808510637,0.012177715098992898,0.09933774834437085,0.0051205391629115474,0.0,True
2026-10-08_1453_k0_rep-6,K0-NAS,warmup2,0.3,180,181,181,0,0,0,0.3016666666666667,1.0055555555555558,0.0,False,181,181,2.9589998722076416,4.5929999351501465,4.690999937057494,2.94599986076355,4.549999952316284,0.007243313322627255,39.0,0.10423633274178208,0.13688212927756654,0.0679820502068849,0.18119266055045874,0.012281988794273387,0.026615969581749048,0.007026313573704652,0.15217391304347827,0.039122906143222495,0.07977207977207977,0.0797833893454674,0.05714285714285715,0.07637627145547546,0.20867208672086723,0.04746788310653579,0.17716535433070865,0.014740708306869561,0.08854166666666667,0.01176048875650017,0.0,True
2026-10-08_1453_k0_rep-6,K0-NAS,s1,0.2,120,120,120,0,0,0,0.2,1.0,0.0,False,120,120,2.6424999237060547,3.9412499427795407,4.516320011615753,2.6330000162124634,3.9208500266075133,0.00620305030730895,40.0,0.0594413380959222,0.03773584905660377,0.05726800410264364,0.1542168674698795,0.010989788816319323,0.012539184952978058,0.005481727941456395,0.04761904761904762,0.021285400491957717,0.03793103448275862,0.0554130222508431,0.07258064516129033,0.06439505673250429,0.2121896162528217,0.02475363287077729,0.11170212765957446,0.009516339145041634,0.12643678160919541,0.008319098189019283,0.0,True
2026-10-08_1453_k0_rep-6,K0-NAS,s2,0.3,180,181,181,0,0,0,0.3016666666666667,1.0055555555555558,0.0,False,181,181,2.929999828338623,4.519000053405762,4.676200056076048,2.9210000038146973,4.49399995803833,0.00663014468323932,40.0,0.07632674751671943,0.01951219512195122,0.06913678801868131,0.2179176755447942,0.012201160012429586,0.014326647564469913,0.004984637616193911,0.035398230088495575,0.02571046140335208,0.023076923076923078,0.062095096292816496,0.03325942350332594,0.07488948195108944,0.20432692307692307,0.03422844862918725,0.19597989949748743,0.014011417690941767,0.23134328358208955,0.011372592133534773,0.00546448087431694,True
2026-10-08_1453_k0_rep-6,K0-NAS,s3,0.4,240,240,240,0,0,0,0.4,1.0,0.0,False,240,240,2.9515000581741333,4.5290000438690186,4.6211500525474545,2.940999984741211,4.500150072574615,0.007291461389034551,41.0,0.0924420166511854,0.060538116591928245,0.07642779823990782,0.2027334851936219,0.013941846080451495,0.014184397163120569,0.004713684465879425,0.0392156862745098,0.02405006684933233,0.013461538461538462,0.0712806727587117,0.04511278195488722,0.08562301617381116,0.2512690355329949,0.03834786529295045,0.12605042016806725,0.011353149622283877,0.0909090909090909,0.014641406261949855,0.004545454545454545,True
2026-10-08_1453_k0_rep-6,K0-NAS,s4,0.5,300,301,296,2,2,4,0.49333333333333335,0.9866666666666667,0.006711409395973154,False,299,296,3.5250000953674316,5.409900045394892,38.02319989681241,3.4555001258850098,5.0640000104904175,0.008046591452608283,44.0,0.13478191976840997,0.27112676056338025,0.09755474084793211,0.4436450839328537,0.01672561829026374,0.025641025641025644,0.005002869971424901,0.0608695652173913,0.031687309905737954,0.029411764705882353,0.09954433406978648,0.19471947194719472,0.10174725955344353,0.33692722371967654,0.04041592059971369,0.058333333333333334,0.012183331952841934,0.09444444444444444,0.017831661588150433,0.0,True
2026-10-08_1453_k0_rep-6,K0-NAS,s5,0.6,360,361,75,95,234,315,0.125,0.20833333333333334,0.5588235294117647,True,72,75,,,,,,0.019049778886490124,244.0,0.455277100161961,1.0,0.1652878170923562,0.9889502762430938,0.07297638158824987,0.9945355191256829,0.00563080564726123,0.06557377049180328,0.10249316394681243,0.04028436018957346,0.11096248486515065,0.140625,0.1519478069372317,0.8595238095238095,0.044273111564488744,0.042328042328042326,0.005395721956028788,0.07092198581560284,0.018969184721881797,0.0,True
2026-10-08_1453_k0_rep-6,K0-NAS,s6,0.7,420,420,0,421,883,856,0.0,0.0,1.0,True,0,0,,,,,,0.01867416230657606,247.0,0.4653183030170698,0.950354609929078,0.1837636781409249,0.8656716417910448,0.012656277523102458,0.13958810068649885,0.006834302654241276,0.15671641791044777,0.08899086294939167,0.019565217391304346,0.12440928531701965,0.17516629711751663,0.18810078753331463,0.907949790794979,0.04898367051331854,0.0,0.002967636840465862,0.029411764705882353,0.026563771540452596,0.0,True
2026-10-08_1453_k0_rep-6,K0-NAS,s7,0.8,480,480,0,530,1060,933,0.0,0.0,1.0,True,0,0,,,,,,0.016416825148225483,237.0,0.45696375435556774,0.9018264840182648,0.1857469505272676,0.8961038961038962,0.00787580215009143,0.014705882352941176,0.005479607859965449,0.052631578947368425,0.08348102201315238,0.03183023872679045,0.10407934630000204,0.18604651162790697,0.14033184599816095,0.6216867469879519,0.03372095665200319,0.0,0.0024698135070615776,0.008403361344537815,0.026441687971704132,0.004201680672268907,True
2026-10-08_1453_k0_rep-6,K0-NAS,s8,1.0,600,601,0,539,1078,1031,0.0,0.0,1.0,True,0,0,,,,,,0.01637783812536757,246.0,0.46196486800286646,0.9562841530054644,0.18368961151819865,0.9243542435424354,0.008017041522011154,0.010638297872340425,0.005189735336498632,0.041237113402061855,0.08436944350349763,0.0397196261682243,0.12213174143617726,0.16461916461916462,0.14651857364150592,0.8515981735159819,0.031076782776598515,0.003278688524590164,0.0024460193930927457,0.010309278350515464,0.03419702003281718,0.03585657370517928,True
2026-10-08_1453_k0_rep-6,K0-NAS,recovery,0.2,120,121,0,317,634,278,0.0,0.0,1.0,True,0,0,,,,,,0.01609657947685335,246.0,0.354710851938699,0.7794117647058824,0.19311680524633557,1.0,0.008077919449521347,0.016722408026755852,0.005245342822440157,0.03305785123966942,0.032591092203676245,0.00625,0.18456889247688704,0.33064516129032256,0.185708482270211,0.9750566893424036,0.025297673215316407,0.049079754601226995,0.0025034364731538025,0.025210084033613443,0.05049082662047885,0.01532567049808429,True
2026-10-08_1654_k0_rep-7,K0-NAS,warmup1,0.1,60,60,60,0,0,0,0.1,1.0,0.0,False,60,60,3.2594999074935913,4.696699845790863,,3.2279999256134033,4.685249853134155,0.008863617359312556,37.0,0.07686376275171986,0.15613382899628253,0.042376595408864424,0.10326086956521739,0.009761004299255593,0.013029315960912053,0.00963576598091275,0.2529411764705882,0.022284037743189287,0.01895734597156398,0.0682828413860827,0.16623376623376623,0.05075258251108691,0.18359375,0.03904901524964832,0.2679425837320574,0.010995713656661353,0.06315789473684211,0.005005223752119379,0.0,True
2026-10-08_1654_k0_rep-7,K0-NAS,warmup2,0.3,180,181,180,0,0,0,0.3,1.0,0.0,False,181,180,3.1089999675750732,4.460999965667725,4.800200033187866,3.0630000829696655,4.419349980354308,0.007198543219709526,40.0,0.10382207246209556,0.13016528925619836,0.06952678309719489,0.1776155717761557,0.012343543461103484,0.012499999999999999,0.007120499624295314,0.1181818181818182,0.039474911031938426,0.07268722466960353,0.0807091440165419,0.08560311284046693,0.07472676754717143,0.21218961625282168,0.043447867722334096,0.12075471698113208,0.015884071175170097,0.13664596273291926,0.011383844863588656,0.0,True
2026-10-08_1654_k0_rep-7,K0-NAS,s1,0.2,120,121,122,0,0,0,0.20333333333333334,1.0166666666666666,0.0,False,121,122,2.9790000915527344,4.545000076293945,4.749599933624268,2.9769999980926514,4.603350102901458,0.01000141262889803,40.0,0.06222632809179023,0.030054644808743168,0.05893336330797462,0.15960912052117263,0.01108205000986665,0.014084507042253521,0.005409631401005894,0.0462962962962963,0.019773220934674512,0.045317220543806644,0.05380646354050132,0.04473684210526315,0.06527547412811709,0.21153846153846154,0.025286599866719228,0.0964467005076142,0.009135194876023779,0.072992700729927,0.0088712343832475,0.027624309392265196,True
2026-10-08_1654_k0_rep-7,K0-NAS,s2,0.3,180,181,181,0,0,0,0.3016666666666667,1.0055555555555558,0.0,False,181,181,3.0969998836517334,4.480999946594238,4.651399993896482,3.072000026702881,4.4670000076293945,0.008156560650259003,39.0,0.07917530404223017,0.028368794326241138,0.07103620747198662,0.18617021276595747,0.012716428298213732,0.018796992481203006,0.005212064637682653,0.04761904761904762,0.027492843962232213,0.05733944954128441,0.06166776640308827,0.034482758620689655,0.07551738271871578,0.23076923076923078,0.03280083707951002,0.14146341463414636,0.013786819584749675,0.20100502512562815,0.01164799615261925,0.0,True
2026-10-08_1654_k0_rep-7,K0-NAS,s3,0.4,240,241,239,0,0,0,0.3983333333333333,0.9958333333333332,0.0,False,241,239,3.0320000648498535,4.253000020980835,4.49820008277893,3.003000020980835,4.197299885749817,0.008666440831072672,41.0,0.09368840428496826,0.0548780487804878,0.07865135046914976,0.23170731707317074,0.013894588821566677,0.018808777429467086,0.004914765655492501,0.05217391304347825,0.02502016922004998,0.011210762331838566,0.07641718318882681,0.05423728813559322,0.08803479660648005,0.28405797101449276,0.03683909533691809,0.07518796992481203,0.011620171621817728,0.06293706293706294,0.014686667712140382,0.0,True
2026-10-08_1654_k0_rep-7,K0-NAS,s4,0.5,300,301,302,0,0,0,0.5033333333333333,1.0066666666666666,0.0,False,301,302,3.3540000915527344,4.680000066757202,5.01800012588501,3.319499969482422,4.677749967575073,0.010105572178631391,43.0,0.11301325204611544,0.03695150115473441,0.09602012652241883,0.344,0.015229837021533589,0.024390243902439022,0.005142776656397607,0.052083333333333336,0.027764116471582247,0.0273109243697479,0.08307616047021532,0.04946996466431096,0.09812511315799066,0.32894736842105265,0.039864096674064556,0.06968641114982578,0.01216778968402265,0.11666666666666665,0.01807278885345754,0.0,True
2026-10-08_1654_k0_rep-7,K0-NAS,s5,0.6,360,361,361,0,0,0,0.6016666666666667,1.0027777777777778,0.0,False,361,361,3.3529999256134033,4.456000089645386,4.9428000926971425,3.322999954223633,4.412999868392944,0.010191154528302762,41.0,0.13164238524918226,0.0450281425891182,0.10647174094883465,0.4119601328903654,0.01654627044091234,0.025210084033613446,0.004932704058035652,0.056818181818181816,0.028013087058841597,0.012376237623762375,0.1012261329356511,0.14285714285714285,0.11074676987008908,0.35507246376811596,0.04423056355811825,0.09345794392523364,0.01371552634483248,0.1282051282051282,0.021910681660180377,0.0,True
2026-10-08_1654_k0_rep-7,K0-NAS,s6,0.7,420,421,219,135,317,300,0.365,0.5214285714285715,0.3813559322033898,True,218,219,,,,,,0.020247024984494624,183.0,0.33503395953526904,1.0,0.15633295580515802,0.9785575048732943,0.04678006143758015,0.9380053908355794,0.005934858299540658,0.064,0.07210924812718397,0.05424528301886793,0.1037837300335673,0.1329923273657289,0.11552526393737199,0.6246153846153846,0.038574691011432655,0.07547169811320754,0.008545218210184365,0.07333333333333333,0.021099227782582594,0.0,True
2026-10-08_1654_k0_rep-7,K0-NAS,s7,0.8,480,481,0,354,717,654,0.0,0.0,1.0,True,0,0,,,,,,0.020677213433246824,230.0,0.4434521945982357,1.0,0.17616962694814284,0.8741721854304636,0.008196249862544762,0.01749271137026239,0.005389984545020162,0.06481481481481483,0.07826130485794962,0.0880503144654088,0.16118992791646294,0.36324786324786323,0.1736282349456371,0.9882583170254404,0.03278221895031367,0.0,0.0028838211407554155,0.0234375,0.040350514556215175,0.01694915254237288,True
2026-10-08_1654_k0_rep-7,K0-NAS,s8,1.0,600,601,0,547,1094,1007,0.0,0.0,1.0,True,0,0,,,,,,0.020368764164400865,414.0,0.4724255600643177,0.9356321839080459,0.18661635045194783,0.8511627906976744,0.008109320092644395,0.01524390243902439,0.005223805251467175,0.03787878787878788,0.1159194062409434,0.05399999999999999,0.12043379516878337,0.12268518518518519,0.14115227806488562,0.6352459016393441,0.02787267825563538,0.004,0.0023771890543786717,0.0,0.027840161475654365,0.00398406374501992,True
2026-10-08_1654_k0_rep-7,K0-NAS,recovery,0.2,120,121,0,361,722,390,0.0,0.0,1.0,True,0,0,,,,,,0.01952584136314758,290.0,0.4260798789277098,0.9105839416058396,0.19446707726808324,0.9976744186046511,0.0080939104111733,0.014652014652014652,0.005328519534495955,0.03305785123966942,0.06235902164697978,0.030303030303030304,0.1384145460583231,0.18912529550827423,0.1621634521743471,0.9789674952198854,0.02480767224910086,0.0,0.002414803093654619,0.0,0.03570533194852181,0.014354066985645933,True
2026-10-08_2220_k1_rep-2,K1-NAS,warmup1,0.1,60,60,60,0,0,0,0.1,1.0,0.0,False,60,60,3.5855000019073486,4.456100130081176,,3.5535000562667847,4.4034501075744625,0.007326315789467857,37.0,0.069412189474291,0.02392344497607656,0.04351724293590234,0.04735376044568246,0.00956927566318377,0.012468827930174564,0.009013568601768432,0.4461538461538461,0.02318282593928264,0.08860759493670886,0.06095573482668729,0.12433862433862433,0.048610596803649556,0.028806584362139915,0.041023693705083374,0.5131578947368421,0.011714636892429743,0.13265306122448978,0.004886404295367013,0.0,False
2026-10-08_2220_k1_rep-2,K1-NAS,warmup2,0.3,180,181,181,0,0,0,0.3016666666666667,1.0055555555555558,0.0,False,181,181,2.9159998893737793,4.351999998092651,4.558199882507324,2.8959999084472656,4.3429999351501465,0.0073463436518634425,40.0,0.0989918425431397,0.025889967637540454,0.06571466172837487,0.049019607843137254,0.012198210429599378,0.018808777429467086,0.006363970222267189,0.21212121212121213,0.04050141798380106,0.11881188118811883,0.08093374811205879,0.0904645476772616,0.07441937035712415,0.043596730245231606,0.04755592469210868,0.30927835051546393,0.016137140962261085,0.27222222222222225,0.011702783511050968,0.0,False
2026-10-08_2220_k1_rep-2,K1-NAS,s1,0.2,120,121,121,0,0,0,0.20166666666666666,1.0083333333333333,0.0,False,121,121,2.759000062942505,4.416000127792358,4.5173999786376955,2.745000123977661,4.406000137329102,0.00626959247649114,39.0,0.059208534974865806,0.00437636761487965,0.05459656385616675,0.037940379403794036,0.011181135377311512,0.012698412698412698,0.005027116151234949,0.12,0.02221138893345258,0.11711711711711711,0.05267789196812259,0.05291005291005291,0.06060584427367208,0.035634743875278395,0.025525345394578014,0.13131313131313133,0.009025910202195554,0.1016042780748663,0.008163689163449893,0.0,False
2026-10-08_2220_k1_rep-2,K1-NAS,s2,0.3,180,181,181,0,0,0,0.3016666666666667,1.0055555555555558,0.0,False,181,181,2.9639999866485596,4.427999973297119,4.547600126266479,2.9549999237060547,4.419000148773193,0.007052783028183951,39.0,0.07564269259599919,0.005037783375314862,0.06611227498109813,0.0404040404040404,0.012341005580569294,0.015772870662460567,0.00507957633630372,0.11811023622047244,0.027045216216641552,0.08557457212713936,0.06191670317416732,0.036939313984168866,0.07359307451091322,0.052980132450331126,0.03423685280724879,0.25263157894736843,0.013911007360086235,0.3697916666666667,0.011341617089252999,0.0,False
2026-10-08_2220_k1_rep-2,K1-NAS,s3,0.4,240,241,240,0,0,0,0.4,1.0,0.0,False,241,240,3.054999828338623,4.434000015258789,4.577600002288818,3.035499930381775,4.425300180912018,0.007475528223649069,41.0,0.09171905381459791,0.009708737864077669,0.07350929316496745,0.03747072599531616,0.01391021322487903,0.01384083044982699,0.004928568226090411,0.1348314606741573,0.027015982511765436,0.08695652173913043,0.07642669124529021,0.12048192771084339,0.08415612753899562,0.03814713896457766,0.03633959404960019,0.13983050847457626,0.011592170868408348,0.15384615384615385,0.014815135076300069,0.0,False
2026-10-08_2220_k1_rep-2,K1-NAS,s4,0.5,300,301,301,0,0,0,0.5016666666666667,1.0033333333333334,0.0,False,301,301,3.1559998989105225,4.187000036239624,4.422000169754028,3.1470000743865967,4.181999921798706,0.008176545480272239,42.0,0.10664185259376063,0.004338394793926247,0.08414998574760364,0.043147208121827416,0.015175127066085183,0.015197568389057751,0.0046148040658169145,0.10156250000000001,0.02805769482926505,0.07514450867052024,0.08178483350995908,0.04013377926421405,0.09191849649842047,0.043478260869565216,0.03831142450428074,0.1946902654867257,0.01118174525564091,0.08510638297872342,0.017968036754239684,0.0,False
2026-10-08_2220_k1_rep-2,K1-NAS,s5,0.6,360,361,360,0,0,0,0.6,1.0,0.0,False,361,360,2.9559998512268066,4.1540000438690186,4.500600099563598,2.945000171661377,4.107050108909607,0.008898807842246897,40.0,0.12495307287406307,0.008086253369272238,0.09362316646650096,0.0553935860058309,0.016415925741775902,0.02456140350877193,0.005594955603230976,0.14960629921259844,0.027709060579945346,0.0347394540942928,0.09724651587025905,0.09032258064516129,0.10305973847287853,0.0474040632054176,0.04306411567837637,0.18076923076923074,0.013804609684372313,0.16993464052287582,0.021495500339750784,0.0,False
2026-10-08_2220_k1_rep-2,K1-NAS,s6,0.7,420,421,421,0,0,0,0.7016666666666667,1.0023809523809524,0.0,False,421,421,3.0,3.927999973297119,4.6924000740051275,2.990999937057495,3.924999952316284,0.008955140081972016,43.0,0.13274623344119627,0.007425742574257426,0.10140902085982678,0.05649717514124294,0.017743260036371118,0.023054755043227664,0.0049812012501128785,0.11111111111111112,0.0314155410557275,0.053333333333333344,0.10503679626075073,0.07741935483870967,0.11572970667206642,0.05337078651685394,0.05018622552723426,0.19855595667870035,0.012970602938338821,0.1935483870967742,0.025591643773531455,0.0,False
2026-10-08_2220_k1_rep-2,K1-NAS,s7,0.8,480,481,481,0,0,0,0.8016666666666666,1.0020833333333332,0.0,False,481,481,2.990000009536743,3.881999969482422,4.513200139999389,2.9850001335144043,3.874000072479248,0.016132172558618273,42.0,0.14170498754069977,0.003246753246753247,0.10816954545439958,0.08806818181818182,0.017950287830736277,0.02568807339449541,0.0040875368060800926,0.09401709401709402,0.033965139440434916,0.0819672131147541,0.10591285333923602,0.06274509803921569,0.11720436157673153,0.05741626794258374,0.050795220464598105,0.26222222222222225,0.01241591825271007,0.16352201257861634,0.027227394777831787,0.0,False
2026-10-08_2220_k1_rep-2,K1-NAS,s8,1.0,600,600,599,0,0,0,0.9983333333333333,0.9983333333333333,0.0,False,600,599,3.222999930381775,4.301399886608124,4.828100068569183,3.2080001831054688,4.289699816703797,0.011831160071940095,44.0,0.1954028610005309,0.01366120218579235,0.14170803979790927,0.10975609756097562,0.021883984366490663,0.029082774049217004,0.003985543801647309,0.08791208791208792,0.04188369120472804,0.06111111111111111,0.14542075190544007,0.14488636363636365,0.15111984670613224,0.09071729957805909,0.06268979075841966,0.22633744855967078,0.009698661874570816,0.0748299319727891,0.035544190244465576,0.0,False
2026-10-08_2220_k1_rep-2,K1-NAS,s9,1.5,900,900,438,173,402,0,0.73,0.48666666666666664,0.28314238952536824,True,435,438,,,,,,0.031445843269934784,472.0,0.6922182238529254,0.9875776397515528,0.32059243478795446,0.9433962264150944,0.05955845328751298,1.0,0.005477083976711097,0.14393939393939395,0.1399542229280806,0.3520249221183801,0.16799031911627987,0.24804177545691905,0.20230847400302504,0.6021505376344086,0.07387508066572963,0.14918414918414918,0.008598185190106276,0.17361111111111113,0.03982274603237232,0.0,False
2026-10-08_2220_k1_rep-2,K1-NAS,s10,2.0,1200,1200,0,1108,2297,1735,0.0,0.0,1.0,True,0,0,,,,,,0.03611769627667319,477.0,0.9863388233902468,1.0,0.11708956335861381,0.05555555555555556,0.09561545132791906,0.9981238273921201,0.004390395149049108,0.0784313725490196,0.19970780434064628,0.35714285714285715,0.27069514468201405,0.6172566371681416,0.2863370529886376,0.5574999999999999,0.1123904384525073,0.30082987551867224,0.0019623074970787414,0.014084507042253521,0.08046736421656832,0.0061162079510703364,False
2026-10-08_2220_k1_rep-2,K1-NAS,s11,2.5,1500,1501,0,1835,3729,1288,0.0,0.0,1.0,True,0,0,,,,,,0.036343273134537446,601.0,0.9206054615890454,1.0,0.23216070405193415,0.36363636363636365,0.0076990721176346845,0.01775147928994083,0.0043606050537412675,0.05084745762711865,0.1460739610720166,0.1975609756097561,0.3602192381365097,0.9979123173277662,0.3303832543916636,0.7149532710280373,0.07979560660635376,0.007874015748031496,0.001983081839334949,0.010309278350515464,0.14868777898957497,0.07999999999999999,False
2026-10-08_2220_k1_rep-2,K1-NAS,s12,3.0,1800,1801,0,1791,3582,0,0.0,0.0,1.0,True,0,0,,,,,,0.03214918105355889,99.0,0.4503626940158778,0.32532751091703055,0.18156588637779544,0.4509345794392523,0.0073470437628296685,0.016447368421052634,0.004835856243131848,0.08928571428571427,0.0450250204454238,0.04,0.4781529686612236,0.9855072463768115,0.3768934204765972,0.7955974842767297,0.06857350270155377,0.0,0.0029927869280711563,0.18627450980392155,0.263549288292642,0.1774580335731415,False
2026-10-08_2220_k1_rep-2,K1-NAS,recovery,0.2,120,121,0,177,354,0,0.0,0.0,1.0,True,0,0,,,,,,0.09091154115682444,98.0,0.34212661546607237,0.04906542056074766,0.19258723723478458,0.2321083172147002,0.007242190986358536,0.016,0.0045379772294620235,0.0746268656716418,0.004932092285382223,0.0,0.4819263276891495,0.9904761904761905,0.3415288744205314,0.7741176470588235,0.07079569090031487,0.01728395061728395,0.003935224655842164,0.16379310344827586,0.1982433996411511,0.15476190476190477,False
2026-10-09_0106_k1_rep-3,K1-NAS,warmup1,0.1,60,60,60,0,0,0,0.1,1.0,0.0,False,60,60,3.2790000438690186,4.519149887561798,,3.2155001163482666,4.494299960136414,0.007393819669816062,37.0,0.06704357261586597,0.023529411764705882,0.04189209190060063,0.031413612565445025,0.009446664164610463,0.01440922190201729,0.009535784365950385,0.3350253807106599,0.023536599220122342,0.13270142180094785,0.06274552348498111,0.16459627329192547,0.04849813649148044,0.02688172043010753,0.037339345115113914,0.3630573248407643,0.010884573088534369,0.12080536912751677,0.0051402607605497055,0.0,True
2026-10-09_0106_k1_rep-3,K1-NAS,warmup2,0.3,180,181,180,0,0,0,0.3,1.0,0.0,False,181,180,2.8939998149871826,3.932000160217285,4.493399906158447,2.8660000562667847,3.9233000040054313,0.007185193469023116,39.0,0.09993742228434198,0.013605442176870748,0.06418716488847048,0.041401273885350316,0.012063865282441806,0.02333333333333333,0.005807654408737761,0.17886178861788618,0.040010897690060304,0.21993127147766325,0.07971780448260264,0.06222222222222223,0.07391969660402174,0.03846153846153846,0.04510332308244122,0.3220973782771535,0.01622310463023187,0.22277227722772278,0.011217953097310641,0.0,True
2026-10-09_0106_k1_rep-3,K1-NAS,s1,0.2,120,121,122,0,0,0,0.20333333333333334,1.0166666666666666,0.0,False,121,122,2.8559999465942383,4.355000019073486,4.507999849319458,2.8554999828338623,4.305050086975097,0.0077515009724599526,41.0,0.059348151678540434,0.0029239766081871348,0.056920911495903025,0.037463976945244955,0.011050399058154121,0.012987012987012986,0.0051606140411322304,0.10309278350515465,0.021570477923075742,0.0892018779342723,0.054352084254507244,0.08695652173913043,0.05840366607584572,0.030534351145038167,0.02532479097344302,0.20276497695852533,0.009745340259222877,0.16346153846153846,0.00821003296538051,0.0,True
2026-10-09_0106_k1_rep-3,K1-NAS,s2,0.3,180,181,181,0,0,0,0.3016666666666667,1.0055555555555558,0.0,False,181,181,2.8910000324249268,4.325999975204468,4.5368000030517575,2.879000186920166,4.315999984741211,0.007131537242472155,39.0,0.07385192156677928,0.003194888178913738,0.06648682606798145,0.04332129963898917,0.012374133821958778,0.015384615384615385,0.005157316265686366,0.1142857142857143,0.028690974000760688,0.09216589861751152,0.0623047229263392,0.03797468354430379,0.07359112387478564,0.04477611940298507,0.03258384534413735,0.19140625,0.013844705240389278,0.37681159420289856,0.011208710100875242,0.0,True
2026-10-09_0106_k1_rep-3,K1-NAS,s3,0.4,240,241,240,0,0,0,0.4,1.0,0.0,False,241,240,2.865999937057495,4.335000038146973,4.683799886703491,2.8554999828338623,4.316049981117248,0.007629704984740025,41.0,0.09080486596949647,0.014051522248243558,0.07495140157851168,0.05016722408026755,0.013696865875969914,0.016233766233766232,0.004793538223869372,0.16,0.024314489755796545,0.03896103896103896,0.07713938363620615,0.06336088154269973,0.08039949021932177,0.04216867469879518,0.0361685666211038,0.14215686274509806,0.012417991161505807,0.1415929203539823,0.014401056261338375,0.0,True
2026-10-09_0106_k1_rep-3,K1-NAS,s4,0.5,300,301,301,0,0,0,0.5016666666666667,1.0033333333333334,0.0,False,301,301,3.080000162124634,4.437999963760376,4.728000164031982,3.062000036239624,4.427999973297119,0.008906790718780925,40.0,0.10637196994434997,0.0033222591362126247,0.08397760485570055,0.04696132596685083,0.015078814936171605,0.02412868632707775,0.004403570067339444,0.13675213675213674,0.027615004572232666,0.045081967213114756,0.08262552255097447,0.04714640198511167,0.09167782494217103,0.05181347150259067,0.036814222804902395,0.1504424778761062,0.01166949061231249,0.10497237569060773,0.01809991347307553,0.0,True
2026-10-09_0106_k1_rep-3,K1-NAS,s5,0.6,360,361,360,0,0,0,0.6,1.0,0.0,False,361,360,2.9749999046325684,4.153000116348267,4.501199913024902,2.9639999866485596,4.145299983024597,0.009327676790384522,40.0,0.12343198367556371,0.006696428571428571,0.09581497817392448,0.05882352941176471,0.016008810890348002,0.022950819672131147,0.005241333270238284,0.14912280701754385,0.027606434747713477,0.03508771929824561,0.09860335162781605,0.08099688473520249,0.10390496208935973,0.04938271604938271,0.04417456807471507,0.2,0.014089110442905096,0.16931216931216933,0.02143969576068942,0.0,True
2026-10-09_0106_k1_rep-3,K1-NAS,s6,0.7,420,421,422,0,0,0,0.7033333333333334,1.004761904761905,0.0,False,421,422,3.0829999446868896,4.127000093460083,4.763199996948242,3.0760000944137573,4.077400064468383,0.009377904193302505,43.0,0.13430071680729716,0.002793296089385475,0.10611273999034933,0.06666666666666667,0.01751864968915099,0.022113022113022112,0.004903440991287191,0.11206896551724137,0.031658415298691955,0.02564102564102564,0.09931227013653172,0.045356371490280774,0.1131549843174157,0.049586776859504134,0.04601869851983755,0.3069767441860465,0.01107649021367837,0.09826589595375723,0.025106802252595938,0.0,True
2026-10-09_0106_k1_rep-3,K1-NAS,s7,0.8,480,480,479,0,0,0,0.7983333333333333,0.9979166666666667,0.0,False,480,479,2.9935001134872437,4.237649989128112,4.7223000741004935,2.9760000705718994,4.22879991531372,0.009465148475688788,41.0,0.15189943927640054,0.002873563218390804,0.11417824974345891,0.07565011820330969,0.018695321504316312,0.022222222222222223,0.004577673640215277,0.09090909090909091,0.037044350739017816,0.09547738693467338,0.11157853736544893,0.07692307692307693,0.12627905006411366,0.06018518518518519,0.04870370779369636,0.1270718232044199,0.011462432205047245,0.19014084507042253,0.028553798504502664,0.0,True
2026-10-09_0106_k1_rep-3,K1-NAS,s8,1.0,600,601,601,0,0,0,1.0016666666666667,1.0016666666666667,0.0,False,601,601,3.315000057220459,4.523999929428101,5.28600001335144,3.302000045776367,4.511999845504761,0.012856501235124598,45.0,0.19801742508701958,0.016826923076923076,0.141825234058027,0.0978723404255319,0.021044484348250736,0.03867403314917127,0.004535000395313016,0.11627906976744186,0.04218332065599068,0.06289308176100629,0.14478239485241978,0.16666666666666669,0.14787007549513767,0.11144578313253013,0.061347260157112594,0.21164021164021166,0.01271552154331119,0.136,0.03577966768132974,0.0,True
2026-10-09_0106_k1_rep-3,K1-NAS,s9,1.5,900,901,476,1,1,18,0.7933333333333333,0.5288888888888889,0.0020964360587002098,True,492,476,,,,,,0.03531089241781284,433.0,0.6906178234637653,0.9783037475345167,0.311820370391371,0.9271356783919598,0.055710884579210015,1.0,0.0053406310123870985,0.1016949152542373,0.13002630289738437,0.5958005249343832,0.18122432966929053,0.6678200692041522,0.2029092830455954,0.445983379501385,0.08015963978113808,0.256,0.008937611768215732,0.1638418079096045,0.040866248076104755,0.0,True
2026-10-09_0106_k1_rep-3,K1-NAS,s10,2.0,1200,1201,18,955,1977,629,0.03,0.015,0.9815005138746146,True,0,18,,,,,,0.03284967429895425,899.0,0.6168417516853494,0.9961059784231283,0.08550993837613409,0.20785219399538107,0.07837063150688242,1.0,0.005748475211629,0.2653061224489796,0.17799068651184136,0.49794238683127573,0.17874682827988492,0.46756152125279643,0.2747149640492189,0.34920634920634924,0.10084912605780066,0.07966457023060797,0.0025004196780970813,0.02127659574468085,0.039921103446516476,0.005952380952380952,True
2026-10-09_0106_k1_rep-3,K1-NAS,s11,2.5,1500,1501,0,1469,2938,1597,0.0,0.0,1.0,True,0,0,,,,,,0.03379360465115407,935.0,0.930084542170563,1.0,0.10905327909100529,0.057494866529774126,0.08602437734937282,0.9982332155477031,0.004511252129197446,0.064,0.2263422098135917,0.49195402298850577,0.24572003123522476,0.4146341463414634,0.2781028363653321,0.26036866359447003,0.0915379274315144,0.018329938900203666,0.0023063942813064007,0.02419354838709677,0.09889781820806332,0.025454545454545452,True
2026-10-09_0106_k1_rep-3,K1-NAS,s12,3.0,1800,1801,0,2143,4403,984,0.0,0.0,1.0,True,0,0,,,,,,0.03496833685145188,955.0,0.9076868248829127,1.0,0.1083701617596205,0.10958904109589039,0.07953729561896979,0.9970440368244617,0.0054662227808656705,0.14074074074074072,0.19022690000979253,0.6040723981900453,0.35155940590213564,0.8805704099821746,0.30355107128638004,0.5995762711864406,0.08417764306232464,0.004739336492890995,0.0022317138865234907,0.02380952380952381,0.18014565047988143,0.05476190476190476,True
2026-10-09_0106_k1_rep-3,K1-NAS,recovery,0.2,120,121,0,460,1007,190,0.0,0.0,1.0,True,0,0,,,,,,0.03512574683895813,465.0,0.8206926560549186,0.9957173447537474,0.3051801645940669,0.7242888402625821,0.008370057730726651,0.27945205479452057,0.004823072421734773,0.028368794326241138,0.027937766489247902,0.01808785529715762,0.3863398346982026,0.9305912596401029,0.3632306735348354,0.9187279151943463,0.05457694386039399,0.004464285714285714,0.0030773783518167576,0.15999999999999998,0.18211061643091087,0.022421524663677132,True
2026-10-09_0352_k1_rep-4,K1-NAS,warmup1,0.1,60,60,60,0,0,0,0.1,1.0,0.0,False,60,60,3.7154998779296875,4.767600011825562,,3.6419999599456787,4.609900033473968,0.006614209145855603,37.0,0.06982652396567518,0.023809523809523808,0.04115476745625071,0.04263565891472868,0.009635477646867768,0.016260162601626015,0.008838240275313092,0.490566037735849,0.024962343870611733,0.12962962962962962,0.06259049688067439,0.12280701754385964,0.04984503737028396,0.03333333333333333,0.04049684734736224,0.4521739130434783,0.010916240428084532,0.10778443113772457,0.0051026392401391,0.0,True
2026-10-09_0352_k1_rep-4,K1-NAS,warmup2,0.3,180,180,180,0,0,0,0.3,1.0,0.0,False,180,180,2.84250009059906,4.1287499308586115,4.772080104351044,2.8299999237060547,4.073249864578246,0.007787279832359245,40.0,0.10029585547010408,0.02102803738317757,0.06680073653129949,0.03953488372093024,0.01262365914453725,0.011976047904191617,0.005902604162383874,0.21000000000000002,0.0427202981739101,0.18274111675126903,0.08083748624210632,0.07117437722419928,0.07337032660346027,0.04054054054054054,0.04859558612498087,0.34574468085106386,0.017108165883054822,0.26,0.011548652169411073,0.0,True
2026-10-09_0352_k1_rep-4,K1-NAS,s1,0.2,120,121,121,0,0,0,0.20166666666666666,1.0083333333333333,0.0,False,121,121,2.8429999351501465,4.3459999561309814,4.529399824142456,2.8339998722076416,4.335000038146973,0.00641964185156477,39.0,0.059520230893238386,0.003003003003003003,0.05524211099147702,0.03806228373702423,0.011295735175431807,0.013477088948787061,0.005162348633084505,0.1590909090909091,0.023053118044965723,0.11428571428571428,0.05296931472824721,0.06748466257668713,0.06178946185360904,0.031168831168831162,0.026209366056166708,0.12048192771084337,0.008627300853583087,0.10734463276836158,0.008246851314255989,0.0,True
2026-10-09_0352_k1_rep-4,K1-NAS,s2,0.3,180,181,181,0,0,0,0.3016666666666667,1.0055555555555558,0.0,False,181,181,2.9680001735687256,4.43500018119812,4.5419999122619625,2.927999973297119,4.425000190734863,0.00723780556494398,39.0,0.07846934557322299,0.00404040404040404,0.06886443685833016,0.041436464088397795,0.012392772674641,0.019157088122605366,0.005048476015048985,0.10000000000000002,0.030670173119848272,0.11405835543766578,0.06176700611259986,0.025714285714285714,0.07391278345956073,0.05769230769230769,0.034233449704198504,0.24,0.01471519402080846,0.2893401015228426,0.011827858303048158,0.0,True
2026-10-09_0352_k1_rep-4,K1-NAS,s3,0.4,240,241,240,0,0,0,0.4,1.0,0.0,False,241,240,2.919999837875366,4.553999900817871,4.730000066757202,2.909000039100647,4.545200073719025,0.008659334539887494,40.0,0.09212797242573316,0.002506265664160401,0.07472100368355518,0.042682926829268296,0.01394375630356198,0.02430555555555556,0.004419681954720721,0.06338028169014084,0.026051360341244566,0.06460674157303371,0.07743746932760277,0.09482758620689655,0.0840637811962166,0.045212765957446804,0.037409580455041475,0.20930232558139533,0.011165819023470708,0.11851851851851851,0.014732938607469258,0.0,True
2026-10-09_0352_k1_rep-4,K1-NAS,s4,0.5,300,300,300,0,0,0,0.5,1.0,0.0,False,300,300,3.065500020980835,4.330100154876709,4.607920110225677,3.0644999742507935,4.3190500140190125,0.009572880592392054,40.0,0.10659424768198418,0.006944444444444444,0.0840872764880156,0.048484848484848485,0.01535830871347204,0.022140221402214024,0.004498463338934035,0.12612612612612614,0.029026651319383076,0.040100250626566414,0.08301532933636555,0.037037037037037035,0.09433422540575474,0.05289672544080605,0.038649453675213,0.16751269035532995,0.011496554121798916,0.0962962962962963,0.01796098934914249,0.0,True
2026-10-09_0352_k1_rep-4,K1-NAS,s5,0.6,360,361,360,0,0,0,0.6,1.0,0.0,False,361,360,3.003000020980835,4.297999858856201,4.711600065231323,2.9774999618530273,4.288399875164032,0.00964747454917729,42.0,0.12424390008211,0.008955223880597015,0.09480814093164042,0.06727828746177371,0.01637775672941965,0.02147239263803681,0.005224104856419864,0.17880794701986752,0.028240037381761545,0.01492537313432836,0.10023973757230695,0.08385093167701864,0.10549100535547822,0.051075268817204304,0.045966979210099186,0.2134387351778656,0.012984743485764234,0.20967741935483872,0.021784475534624842,0.0,True
2026-10-09_0352_k1_rep-4,K1-NAS,s6,0.7,420,421,421,0,0,0,0.7016666666666667,1.0023809523809524,0.0,False,421,421,3.0470001697540283,3.955000162124634,4.706199836730957,3.0410001277923584,3.937999963760376,0.010191190095173787,43.0,0.13531040283205512,0.0030303030303030303,0.10669201334673487,0.06725146198830409,0.017685447977512293,0.027472527472527476,0.0056571816980684865,0.2608695652173913,0.03232432782013579,0.0575,0.1042301668056174,0.06109324758842443,0.11211610668128912,0.06089743589743589,0.046725755044133316,0.175,0.014462336295616366,0.22272727272727272,0.025167073041815466,0.0,True
2026-10-09_0352_k1_rep-4,K1-NAS,s7,0.8,480,481,481,0,0,0,0.8016666666666666,1.0020833333333332,0.0,False,481,481,3.0910000801086426,4.172000169754028,4.796000003814697,3.0739998817443848,4.1600000858306885,0.010248613340094952,42.0,0.15340996705286788,0.005494505494505494,0.11440995556653921,0.08385744234800838,0.019097628165826,0.022364217252396165,0.0044129856255098205,0.06422018348623854,0.03445333308409025,0.09133489461358314,0.10999116158452282,0.04776119402985075,0.122769167801963,0.0594059405940594,0.04979924446436765,0.1716867469879518,0.013058974800771655,0.25806451612903225,0.028723387924098225,0.0,True
2026-10-09_0352_k1_rep-4,K1-NAS,s8,1.0,600,601,600,0,0,0,1.0,1.0,0.0,False,601,600,3.3289999961853027,4.486999988555908,5.20799994468689,3.310999870300293,4.478999853134155,0.010879701585317142,45.0,0.19827496138287165,0.012903225806451613,0.14003911728346113,0.09865470852017938,0.021579236289432622,0.02534562211981567,0.004249353787616452,0.05511811023622048,0.042978180808632714,0.1327683615819209,0.14757656488915277,0.1279826464208243,0.14771296433858072,0.09569377990430623,0.06410113796421367,0.18941504178272983,0.009775843118028099,0.058823529411764705,0.036723586218416024,0.0189873417721519,True
2026-10-09_0352_k1_rep-4,K1-NAS,s9,1.5,900,901,876,0,0,0,1.46,0.9733333333333333,0.0,False,899,876,5.186000108718872,9.588000035285948,82.18280020713806,5.085000038146973,8.254000008106232,0.020305988308676772,54.0,0.4270897018710414,0.3755656108597285,0.2879866523526126,0.8316430020283975,0.03037599761604025,0.07400000000000001,0.005015308132046462,0.13513513513513514,0.06455521150010841,0.049792531120331954,0.20826798011181188,0.21899736147757254,0.20597440313493884,0.1971326164874552,0.08825629188762797,0.15573770491803282,0.013442455358490523,0.12755102040816327,0.054754407774862804,0.0,True
2026-10-09_0352_k1_rep-4,K1-NAS,s10,2.0,1200,1200,40,359,768,332,0.06666666666666667,0.03333333333333333,0.899749373433584,True,17,40,,,,,,0.033409559930840396,1173.0,0.832430490493252,0.990909090909091,0.328448187926319,0.786447638603696,0.09405525046662515,1.0,0.005200524550820453,0.023255813953488372,0.26356689466132494,0.8591549295774648,0.21167848848775137,0.9151515151515153,0.25951372005603635,0.5966981132075471,0.09554942841652878,0.17381489841986456,0.004362671778609918,0.19047619047619047,0.04775468436672556,0.026525198938992044,True
2026-10-09_0352_k1_rep-4,K1-NAS,s11,2.5,1500,1501,3,1422,2919,1120,0.005,0.002,0.9978947368421053,True,0,3,,,,,,0.03427508880995118,1173.0,0.9542289024711064,1.0,0.09387056483102058,0.059748427672955975,0.0900760784881591,1.0,0.0046337011332151165,0.04895104895104895,0.2320107918996287,0.598019801980198,0.2871879665448991,0.6301369863013698,0.30303842684731247,0.491764705882353,0.10180631921795252,0.06117647058823529,0.003219868786249783,0.05714285714285714,0.11501910328815315,0.015384615384615384,True
2026-10-09_0352_k1_rep-4,K1-NAS,s12,3.0,1800,1801,0,1792,3587,801,0.0,0.0,1.0,True,0,0,,,,,,0.03585140174009105,979.0,0.9166171901896774,1.0,0.08049866607147342,0.059322033898305086,0.07681646804262576,1.0,0.00555083665402788,0.14615384615384616,0.18038824462575961,0.3229461756373938,0.3712753633201668,0.8858695652173912,0.3070441333791724,0.6165919282511211,0.08462202941999158,0.028806584362139915,0.0020773730967113503,0.0,0.1901556714000242,0.06956521739130435,True
2026-10-09_0352_k1_rep-4,K1-NAS,recovery,0.2,120,121,0,657,1369,877,0.0,0.0,1.0,True,0,0,,,,,,0.04136990874690155,958.0,0.9033775960967776,0.9978354978354979,0.2561554489426356,0.5280898876404495,0.07834462703270241,1.0,0.005140151756525072,0.08403361344537816,0.22048881067498577,0.6976190476190476,0.36988299751619713,0.6461538461538462,0.3135303106972687,0.615916955017301,0.0812836046845199,0.006734006734006735,0.002537020158951242,0.06603773584905659,0.23923268327240083,0.02416918429003021,True
2026-10-09_0701_k1_rep-6,K1-NAS,warmup1,0.1,60,60,60,0,0,0,0.1,1.0,0.0,False,60,60,3.3524999618530273,4.600400137901306,,3.337999939918518,4.515900075435638,0.00749494722659472,37.0,0.07355173109984547,0.028629856850715747,0.04151973210001347,0.04047619047619048,0.009144566370039285,0.015432098765432098,0.00895412339498012,0.4676616915422886,0.024280439984011123,0.10996563573883161,0.062197022169868665,0.09743589743589742,0.04905213425457929,0.03349282296650717,0.03867197503864745,0.4413793103448276,0.01119855033376805,0.09937888198757763,0.00507046450274518,0.0,True
2026-10-09_0701_k1_rep-6,K1-NAS,warmup2,0.3,180,180,180,0,0,0,0.3,1.0,0.0,False,180,180,2.631999969482422,4.034249925613404,4.357219917774201,2.6169999837875366,4.022349846363068,0.007442758934152971,41.0,0.09920330136209997,0.012793176972281451,0.06730693217850763,0.03980099502487562,0.011845092721843024,0.018617021276595744,0.006442539452568527,0.3088235294117647,0.04231718989674826,0.18736842105263157,0.07842167540120086,0.07425742574257425,0.0736175369474937,0.03703703703703704,0.04765231599407431,0.34523809523809523,0.018330495779201896,0.3734439834024896,0.011649782668094948,0.0,True
2026-10-09_0701_k1_rep-6,K1-NAS,s1,0.2,120,121,121,0,0,0,0.20166666666666666,1.0083333333333333,0.0,False,121,121,2.750999927520752,4.235000133514404,4.468799877166748,2.73799991607666,4.2250001430511475,0.007171987062300519,39.0,0.060675704857287266,0.00796812749003984,0.05549603753056166,0.03542234332425068,0.011014321554301834,0.02298850574712644,0.005150169079891567,0.09489051094890512,0.022375172351706017,0.1419141914191419,0.05360242137130725,0.08298755186721993,0.06165655917679131,0.03621169916434541,0.025968780422150256,0.2275449101796407,0.008984084347233962,0.11643835616438356,0.008146939076349844,0.0,True
2026-10-09_0701_k1_rep-6,K1-NAS,s2,0.3,180,180,180,0,0,0,0.3,1.0,0.0,False,180,180,2.972000002861023,4.440550124645233,4.718749890327454,2.9635000228881836,4.435250008106231,0.0066381766381720655,39.0,0.0772634390848266,0.007371007371007371,0.06835734863133612,0.0400943396226415,0.012007904701803688,0.01644736842105263,0.004939181311067203,0.07142857142857142,0.030871047582649087,0.09433962264150944,0.06029359217077853,0.016194331983805668,0.07235711838716445,0.04040404040404041,0.034149548425175334,0.23529411764705882,0.01632151642531997,0.35096153846153844,0.011740250276274388,0.0,True
2026-10-09_0701_k1_rep-6,K1-NAS,s3,0.4,240,241,241,0,0,0,0.40166666666666667,1.0041666666666667,0.0,False,241,241,2.947000026702881,4.290999889373779,4.571799945831298,2.927999973297119,4.2799999713897705,0.008467376529230705,41.0,0.09211643089574682,0.0072815533980582535,0.07378396117770684,0.04201680672268908,0.013229558875637065,0.011764705882352943,0.004329867103158361,0.03787878787878788,0.02633097785320871,0.0440251572327044,0.07540901543061367,0.07268170426065164,0.08334590296955253,0.0404040404040404,0.03648714090495561,0.1875,0.011821120992580909,0.1657754010695187,0.014829519298514001,0.0,True
2026-10-09_0701_k1_rep-6,K1-NAS,s4,0.5,300,301,300,0,0,0,0.5,1.0,0.0,False,301,300,3.046999931335449,4.232000112533569,4.619999885559082,3.0339999198913574,4.2086499571800235,0.008498345206710898,40.0,0.10929871200122679,0.007067137809187279,0.08316136215935589,0.04823151125401929,0.014852001648999516,0.018072289156626505,0.005040591264203031,0.12396694214876033,0.029046611896892435,0.031976744186046506,0.09005006556943304,0.10666666666666667,0.09393629469897619,0.052208835341365466,0.03956694352657527,0.21862348178137653,0.011883263220570196,0.16513761467889906,0.018344290870439005,0.0,True
2026-10-09_0701_k1_rep-6,K1-NAS,s5,0.6,360,361,360,0,0,0,0.6,1.0,0.0,False,361,360,3.0259997844696045,4.125999927520752,5.103399896621703,3.00600004196167,4.110349905490875,0.009593408763863186,42.0,0.12168526442362694,0.009463722397476343,0.09225154873749804,0.04259259259259259,0.0157135675689127,0.026200873362445417,0.004965613736926207,0.10909090909090909,0.028633698466752813,0.03363914373088685,0.0958809371796097,0.04336043360433604,0.10435376755863139,0.04337899543378995,0.044570187960510946,0.17605633802816903,0.014666530711994637,0.22147651006711408,0.02159742152748057,0.0,True
2026-10-09_0701_k1_rep-6,K1-NAS,s6,0.7,420,421,422,0,0,0,0.7033333333333334,1.004761904761905,0.0,False,421,422,3.046999931335449,4.069000005722046,4.651000022888184,3.0350000858306885,4.061950039863587,0.009148845772556386,43.0,0.1321551982505116,0.002898550724637681,0.10176535514305082,0.07537688442211056,0.017314545077288294,0.020202020202020204,0.00574337276936077,0.424,0.03141422354474664,0.04291044776119403,0.10280395729505004,0.049407114624505935,0.11446904801141658,0.056862745098039215,0.048247116092413146,0.17595307917888564,0.014877280491286567,0.27906976744186046,0.024428580782498134,0.0,True
2026-10-09_0701_k1_rep-6,K1-NAS,s7,0.8,480,481,480,0,0,0,0.8,1.0,0.0,False,481,480,3.124000072479248,4.24399995803833,4.755799913406371,3.1209999322891235,4.229100084304809,0.010190903986522915,42.0,0.1552157598693218,0.0,0.11569928963960252,0.07758620689655171,0.018896661590087474,0.02531645569620253,0.004322991365274405,0.07563025210084034,0.03372266019209194,0.09718670076726343,0.1113212214974488,0.06477732793522267,0.1234259537742293,0.07990314769975787,0.05033296753793839,0.1743119266055046,0.010632969169875793,0.16097560975609757,0.028401622851779315,0.0,True
2026-10-09_0701_k1_rep-6,K1-NAS,s8,1.0,600,600,599,0,0,0,0.9983333333333333,0.9983333333333333,0.0,False,600,599,3.379499912261963,4.606800174713134,5.471030027866362,3.3489999771118164,4.596999907493592,0.012565858056523379,44.0,0.20555072179389086,0.01932367149758454,0.1449370914702504,0.114519427402863,0.02133242300613566,0.023655913978494626,0.004379775818519433,0.09876543209876544,0.043890207383453964,0.1036036036036036,0.14361537006240377,0.19667590027700832,0.14820213973417454,0.0934065934065934,0.06411394903111711,0.23137254901960785,0.00983899487868777,0.058139534883720936,0.03588833347341984,0.0,True
2026-10-09_0701_k1_rep-6,K1-NAS,s9,1.5,900,901,383,76,206,3,0.6383333333333333,0.4255555555555555,0.1655773420479303,True,380,383,,,,,,0.03323492197383712,542.0,0.7352805941330215,0.9959839357429718,0.32524117588409474,0.9742388758782201,0.06238658601373385,1.0,0.005630064725723438,0.0746268656716418,0.15092102926723158,0.27790973871733965,0.16297507541318204,0.16751269035532992,0.20725359081837055,0.5010706638115631,0.07228705154782661,0.0880281690140845,0.00749902795377784,0.07194244604316546,0.03647457442204012,0.04109589041095891,True
2026-10-09_0701_k1_rep-6,K1-NAS,s10,2.0,1200,1201,0,1206,2422,1337,0.0,0.0,1.0,True,0,0,,,,,,0.03385562395073051,551.0,0.7974445992719895,0.9975550122249388,0.08198430188165359,0.11450381679389314,0.08416546111353602,1.0,0.004931947677160989,0.06832298136645962,0.17365889732618742,0.35903614457831323,0.20280770096383724,0.8095238095238094,0.2653640839912712,0.36512261580381467,0.09701556504764651,0.0020080321285140565,0.002274337966355927,0.01680672268907563,0.043775311458610404,0.002680965147453083,True
2026-10-09_0701_k1_rep-6,K1-NAS,s11,2.5,1500,1501,0,1891,3893,1014,0.0,0.0,1.0,True,0,0,,,,,,0.03794322324091824,576.0,0.9562438310504712,1.0,0.16342149263757602,0.40357852882703776,0.060243042817609865,0.9660000000000001,0.00492159650868054,0.045871559633027525,0.13730601338455176,0.25,0.3078383088584938,0.9863760217983653,0.30641760177017513,0.8729411764705882,0.08682665731184287,0.016018306636155607,0.0021206525842910958,0.0078125,0.10383344115758711,0.016423357664233577,True
2026-10-09_0701_k1_rep-6,K1-NAS,s12,3.0,1800,1801,0,1038,2076,1078,0.0,0.0,1.0,True,0,0,,,,,,0.03671831765358596,840.0,0.5717397230919481,0.9306666666666666,0.24098652516593141,0.6815144766146993,0.0075339305108871185,0.01694915254237288,0.005266579466306016,0.10924369747899161,0.14250188810753042,0.7936507936507936,0.39898268758607613,0.9799426934097422,0.32894600975129196,0.6983758700696057,0.07310328159295473,0.0,0.002037184798167153,0.010638297872340427,0.12922055277046154,0.02557544757033248,True
2026-10-09_0701_k1_rep-6,K1-NAS,recovery,0.2,120,121,0,928,1856,851,0.0,0.0,1.0,True,0,0,,,,,,0.03742826249687724,855.0,0.9623479216887291,0.9635036496350367,0.363972616092105,0.8357142857142856,0.0075074495099133574,0.012121212121212121,0.004992482638487413,0.0202020202020202,0.24291380728748108,0.6165919282511212,0.25779096130749907,0.7182448036951502,0.2780822544188942,0.6672443674176776,0.0875670137006846,0.0,0.0021690540360362522,0.019801980198019802,0.14840206648322707,0.03385416666666667,True
2026-10-09_0953_k1_rep-7,K1-NAS,warmup1,0.1,60,60,60,0,0,0,0.1,1.0,0.0,False,60,60,3.2855000495910645,4.942550086975097,,3.197499990463257,4.750700044631958,0.008572389063197239,37.0,0.06745933779376163,0.0196078431372549,0.04200347512288515,0.037383177570093455,0.009724163379686552,0.008695652173913042,0.008756748168849963,0.44278606965174133,0.023993544037364797,0.09708737864077668,0.06294118424195783,0.1484375,0.050592266597623316,0.040540540540540536,0.038682548013741505,0.49328859060402686,0.011190109917873987,0.125,0.0051978776828201945,0.0,True
2026-10-09_0953_k1_rep-7,K1-NAS,warmup2,0.3,180,181,181,0,0,0,0.3016666666666667,1.0055555555555558,0.0,False,181,181,2.930999994277954,4.3470001220703125,4.672199869155883,2.921999931335449,4.335000038146973,0.007114535586738475,39.0,0.10251478057866942,0.01388888888888889,0.06668695187285542,0.038674033149171276,0.01232569804175013,0.015209125475285171,0.006202420110256248,0.25806451612903225,0.043197145763876274,0.1931216931216931,0.07821205689704884,0.06806282722513088,0.0741990444059886,0.04040404040404041,0.04573300757498692,0.33206106870229,0.015234127918413653,0.1674641148325359,0.011719624809136478,0.0,True
2026-10-09_0953_k1_rep-7,K1-NAS,s1,0.2,120,120,120,0,0,0,0.2,1.0,0.0,False,120,120,2.7409998178482056,4.36419985294342,4.449669981002808,2.726499915122986,4.351299846172333,0.007643884892083706,40.0,0.059902681552275974,0.0076726342710997444,0.055430803724526426,0.04545454545454546,0.011022866293658331,0.014440433212996389,0.005055876290303457,0.11764705882352941,0.024251235822904307,0.15454545454545454,0.05276998064814802,0.07526881720430108,0.06228581945195141,0.03690036900369004,0.024836956175126414,0.15165876777251183,0.00978903523544034,0.15503875968992248,0.008442870622251047,0.007246376811594202,True
2026-10-09_0953_k1_rep-7,K1-NAS,s2,0.3,180,181,180,0,0,0,0.3,1.0,0.0,False,181,180,2.815999984741211,4.263999938964844,4.486399936676024,2.798500180244446,4.253050017356872,0.006255635707849461,39.0,0.07539220927252638,0.003105590062111801,0.06658074097881811,0.03970223325062035,0.012279398700124865,0.014792899408284025,0.004924344879152508,0.10869565217391304,0.029295749892872796,0.10644257703081232,0.06017402094031918,0.03559870550161812,0.07137482503629913,0.03178484107579462,0.03254910412292869,0.24,0.01403370619472133,0.40522875816993464,0.011498106838587742,0.0,True
2026-10-09_0953_k1_rep-7,K1-NAS,s3,0.4,240,241,241,0,0,0,0.40166666666666667,1.0041666666666667,0.0,False,241,241,3.0950000286102295,4.358999967575073,4.499600028991699,3.0859999656677246,4.351000070571899,0.007902480033626815,41.0,0.09164387640461648,0.008097165991902834,0.07269864547845409,0.03636363636363636,0.013811631953411608,0.015283842794759826,0.004662964127346206,0.08088235294117646,0.02568619772230227,0.04567307692307692,0.07489199444113913,0.05413105413105413,0.08559732531115702,0.03971119133574007,0.03892881700771014,0.2603550295857988,0.013126699499030836,0.16129032258064518,0.0143879584844935,0.0,True
2026-10-09_0953_k1_rep-7,K1-NAS,s4,0.5,300,301,301,0,0,0,0.5016666666666667,1.0033333333333334,0.0,False,301,301,2.9749999046325684,4.291000127792358,4.565999984741211,2.9579999446868896,4.250999927520752,0.009354432152359106,42.0,0.10590777251676481,0.003184713375796178,0.08337180030907287,0.03773584905660377,0.015093623102202842,0.012987012987012988,0.004628648760853423,0.1176470588235294,0.028036568935469575,0.034063260340632597,0.0835566251372885,0.06097560975609756,0.09309645253101616,0.05012531328320802,0.03812283824780581,0.25,0.011085006244225811,0.11764705882352942,0.0188282267342427,0.012145748987854251,True
2026-10-09_0953_k1_rep-7,K1-NAS,s5,0.6,360,361,360,0,0,0,0.6,1.0,0.0,False,361,360,2.8930001258850098,4.101999998092651,4.657000017166128,2.8844999074935913,4.045600211620331,0.008515849733699614,41.0,0.1227479519852783,0.010141987829614603,0.09248554167079026,0.054613935969868174,0.016164902365018823,0.022388059701492536,0.005078123693610783,0.14912280701754388,0.028584443285236696,0.03694581280788177,0.09769160771095749,0.07650273224043716,0.10410887680247964,0.05128205128205128,0.0421925395411193,0.22580645161290325,0.013956699442177502,0.14720812182741116,0.02159036119498178,0.003424657534246575,True
2026-10-09_0953_k1_rep-7,K1-NAS,s6,0.7,420,421,421,0,0,0,0.7016666666666667,1.0023809523809524,0.0,False,421,421,2.9630000591278076,4.081000089645386,4.377200126647949,2.944999933242798,4.069999933242798,0.009158025247969978,42.0,0.13463108126819334,0.0036231884057971015,0.10429769763309489,0.06424581005586592,0.01754073193664559,0.021806853582554516,0.005718853409928522,0.23577235772357724,0.03218193877348748,0.0738255033557047,0.10242932654787663,0.061475409836065566,0.112053695061441,0.06015037593984962,0.045216491544442815,0.22302158273381298,0.013473238287689813,0.1977401129943503,0.025662338050980775,0.0,True
2026-10-09_0953_k1_rep-7,K1-NAS,s7,0.8,480,481,480,1,0,0,0.8,1.0,0.002079002079002079,False,480,480,3.1004998683929443,4.348250043392182,5.182919940948485,3.089500069618225,4.343899941444396,0.010971081354788645,44.0,0.15420193462969847,0.008196721311475412,0.11707724999368067,0.08189655172413793,0.01937986247028095,0.025547445255474456,0.004199569529317066,0.051546391752577324,0.038125750585352405,0.09708737864077671,0.11283832950320792,0.05569007263922519,0.12422588020677172,0.0521978021978022,0.0495777680847711,0.1616766467065868,0.009778970504395312,0.13917525773195874,0.028669658649685632,0.0,True
2026-10-09_0953_k1_rep-7,K1-NAS,s8,1.0,600,601,600,0,0,0,1.0,1.0,0.0,False,601,600,3.2699999809265137,4.49399995803833,4.943000078201294,3.257500171661377,4.472099888324737,0.012719632230584699,44.0,0.19814440639922506,0.01276595744680851,0.14578330518350005,0.10602910602910603,0.02127033875586494,0.02481389578163772,0.00456651616407614,0.10084033613445377,0.04241629213838515,0.0995145631067961,0.14261081303124054,0.1550632911392405,0.14742376995252368,0.08679245283018867,0.0658255932527708,0.20212765957446807,0.014098652098516453,0.1842105263157895,0.0360203259895519,0.0,True
2026-10-09_0953_k1_rep-7,K1-NAS,s9,1.5,900,900,171,116,252,0,0.285,0.18999999999999997,0.40418118466898956,True,168,171,,,,,,0.03677356112591955,675.0,0.6645946894687911,0.9958158995815899,0.2590362188492548,0.9732142857142858,0.0772585371716641,1.0,0.005067517365133399,0.0909090909090909,0.15436130699783454,0.32042253521126757,0.15086935392363193,0.17291666666666666,0.23176138197217064,0.51338199513382,0.0891723423275616,0.1898016997167139,0.004214741521973023,0.04285714285714286,0.028911533467089006,0.0,True
2026-10-09_0953_k1_rep-7,K1-NAS,s10,2.0,1200,1201,0,1158,2328,1319,0.0,0.0,1.0,True,0,0,,,,,,0.03550906555090999,983.0,0.9504846471640427,0.9964912280701753,0.1041644919755827,0.06970509383378017,0.08317686191245738,1.0,0.004801820118283454,0.07142857142857142,0.22768968789921487,0.6408450704225351,0.22282112035253995,0.6144859813084113,0.27285635360221966,0.3467889908256881,0.09380739445836234,0.04422604422604423,0.0021483149406315164,0.016,0.0655191921437292,0.01900237529691211,True
2026-10-09_0953_k1_rep-7,K1-NAS,s11,2.5,1500,1500,0,1535,3070,1612,0.0,0.0,1.0,True,0,0,,,,,,0.03581023070319639,944.0,0.9541325138300388,0.9979674796747968,0.12520463980566665,0.08686440677966101,0.08967273189512924,1.0,0.004726140258083926,0.032,0.2317599477104228,0.43204868154158216,0.3237866530589756,0.6638418079096045,0.27902207868337703,0.29436325678496866,0.08918424362401121,0.01702127659574468,0.0023571838056666503,0.02564102564102564,0.16683651538630512,0.02696078431372549,True
2026-10-09_0953_k1_rep-7,K1-NAS,s12,3.0,1800,1800,0,2364,4944,381,0.0,0.0,1.0,True,0,0,,,,,,0.038120542581470684,882.0,0.9497161322985365,1.0,0.12227139476198255,0.101010101010101,0.07337482695788816,1.0,0.004841342581826801,0.050955414012738856,0.15970445447353482,0.23502304147465436,0.43049423406034326,0.9845559845559847,0.32065165340775653,0.6413934426229508,0.08480600620999817,0.006289308176100628,0.0020971541862091006,0.021978021978021976,0.21429163322460595,0.058455114822546964,True
2026-10-09_0953_k1_rep-7,K1-NAS,recovery,0.2,120,121,0,176,352,128,0.0,0.0,1.0,True,0,0,,,,,,0.03295697284101718,99.0,0.7196748753863783,1.0,0.2712033429874472,0.7115384615384616,0.007092969667148266,0.024793388429752067,0.004582478124836596,0.055555555555555546,0.0162484994604093,0.003616636528028933,0.41502469854083307,1.0,0.3644668844120592,0.8137931034482758,0.061367393055113,0.015060240963855422,0.0023061104069443646,0.02,0.12164418071404759,0.014962593516209478,True
