transferprocess_id,type,state,asset_id,contract_id,correlation_id,created_at,state_time_stamp,updated_at,state_count,error_detail
d78c3560-90fc-4561-b191-e7dd1125b1ff,PROVIDER,1000,DigitalTwinRegistryId@BPNL00000003AYRE,83673ffd-c48c-429a-b6c6-7e8dac70b874,40704b39-aee6-4595-855b-e8505c9ece37,1791329104629,1791329113138,1791329113138,1,
e1aea0a5-4f71-4f84-959b-c7a107bd64bb,PROVIDER,1000,DigitalTwinRegistryId@BPNL00000003AYRE,83673ffd-c48c-429a-b6c6-7e8dac70b874,b2c2110a-8da7-493d-9f15-371fe4d4358f,1791329111029,1791329115841,1791329115841,1,
427a20d6-94b0-49fb-85d8-41c39e45571b,PROVIDER,1000,PartTypeInformationSubmodelApi@BPNL00000003AYRE,94e18afa-4f43-4cbc-aa09-d5598efd2adc,5243a968-f99c-4c18-bff1-5fd77f59cd6c,1791329116422,1791329119735,1791329119735,1,
3aa5cfb4-39c5-4ae2-aa77-9ed268d02bd0,PROVIDER,1000,DigitalTwinRegistryId@BPNL00000003AYRE,83673ffd-c48c-429a-b6c6-7e8dac70b874,2f3ef833-f00d-4f82-a376-75a9a5513077,1791329914161,1791329917776,1791329917776,1,
188dfe34-c7a8-4735-bc0d-21ad5366b63b,PROVIDER,1000,DigitalTwinRegistryId@BPNL00000003AYRE,83673ffd-c48c-429a-b6c6-7e8dac70b874,1d641170-8671-42a3-a06c-235772945d40,1791329916382,1791329920044,1791329920044,1,
4adacacd-9428-42b4-a2d3-5b00bbbda996,PROVIDER,1000,itemstocksubmodel-api-asset@BPNL00000003AYRE,0ef26eaf-3d7c-479a-9a01-d5fa6d5cdd8e,51cf3b2c-a038-416e-9e4b-8e1ff2ea6d53,1791329922113,1791329924864,1791329924864,1,
5f851119-3e2a-41b7-970a-97e568f922d3,PROVIDER,1000,DigitalTwinRegistryId@BPNL00000003AYRE,83673ffd-c48c-429a-b6c6-7e8dac70b874,fb2da80b-6468-4de9-a466-0b44e67967ea,1791329940965,1791329944011,1791329944011,1,
f74cc3f6-548f-40a5-8492-a3d9c092373c,PROVIDER,1000,itemstocksubmodel-api-asset@BPNL00000003AYRE,0ef26eaf-3d7c-479a-9a01-d5fa6d5cdd8e,670f1dd1-f53c-4780-9ccb-97a259636bfc,1791329943126,1791329945118,1791329945118,1,
b0d24c36-8602-4ea6-a042-228deb153911,PROVIDER,1000,DigitalTwinRegistryId@BPNL00000003AYRE,83673ffd-c48c-429a-b6c6-7e8dac70b874,144f3cd1-031b-4219-a2bf-cb0c2f67794a,1791368663956,1791368675612,1791368675612,1,
5c015ae1-80a4-44f4-b3c7-71120138bd82,PROVIDER,1000,PartTypeInformationSubmodelApi@BPNL00000003AYRE,94e18afa-4f43-4cbc-aa09-d5598efd2adc,a34a4fbc-00ae-488a-bd8a-d29f9fec7812,1791368673425,1791368677765,1791368677765,1,
be0ef463-6df2-47b5-878c-6d404c32a462,PROVIDER,1000,DigitalTwinRegistryId@BPNL00000003AYRE,83673ffd-c48c-429a-b6c6-7e8dac70b874,cb40ae92-4e74-4589-bb6a-9101d0607de4,1791368699091,1791368702668,1791368702668,1,
e9554eec-eff0-4d30-9a52-a09227f6c818,PROVIDER,1000,PartTypeInformationSubmodelApi@BPNL00000003AYRE,94e18afa-4f43-4cbc-aa09-d5598efd2adc,d07dc783-a8fd-48ef-9f68-48629e1bd8af,1791368701257,1791368703875,1791368703875,1,
7a4d6993-9c1d-4faf-a9f9-6e675a40fc7e,PROVIDER,1000,DigitalTwinRegistryId@BPNL00000003AYRE,83673ffd-c48c-429a-b6c6-7e8dac70b874,1d1f41f1-e5cf-413b-af98-344cdd4d0623,1791368714820,1791368718110,1791368718110,1,
a57d6464-c44f-441f-9dc3-7369729280cb,PROVIDER,1000,PartTypeInformationSubmodelApi@BPNL00000003AYRE,94e18afa-4f43-4cbc-aa09-d5598efd2adc,f71ef515-b844-4612-a7eb-9faffe882ac5,1791368717113,1791368720448,1791368720448,1,
6cfdeb73-7f98-4623-b9e8-266a22435989,PROVIDER,1000,DigitalTwinRegistryId@BPNL00000003AYRE,83673ffd-c48c-429a-b6c6-7e8dac70b874,bc18aa91-2ae0-439b-bea5-78bdca5c8915,1791368735634,1791368737433,1791368737433,1,
ce27a420-d4e0-4686-a309-4d04f2f27bf9,PROVIDER,1000,PartTypeInformationSubmodelApi@BPNL00000003AYRE,94e18afa-4f43-4cbc-aa09-d5598efd2adc,fa4e0a5a-85ec-4b61-816e-22ed26affb64,1791368737817,1791368740973,1791368740973,1,
2f665c6e-eb72-457a-b32c-bdfd3e0d4c67,PROVIDER,1000,DigitalTwinRegistryId@BPNL00000003AYRE,83673ffd-c48c-429a-b6c6-7e8dac70b874,cf6892b9-5de8-44b8-bed5-e3808e7d7a8d,1791368763314,1791368767147,1791368767147,1,
935371f6-d409-49f3-b0af-334c879af84b,PROVIDER,1000,PartTypeInformationSubmodelApi@BPNL00000003AYRE,94e18afa-4f43-4cbc-aa09-d5598efd2adc,d8a93dfb-9dd5-4a26-9183-2aace5b56bf1,1791368766319,1791368768334,1791368768334,1,
1fe74344-0047-4274-bc99-819e0b01c874,PROVIDER,1000,DigitalTwinRegistryId@BPNL00000003AYRE,83673ffd-c48c-429a-b6c6-7e8dac70b874,d378a3b3-7cb8-41e3-8b79-dfcf2fc5fd7c,1791368788891,1791368792382,1791368792382,1,
96dd73de-9209-4fd8-95d0-1c80cf882065,PROVIDER,1000,PartTypeInformationSubmodelApi@BPNL00000003AYRE,94e18afa-4f43-4cbc-aa09-d5598efd2adc,9a38ece2-18f9-4c1f-8a79-049a06e6d9c7,1791368791028,1791368793485,1791368793485,1,
5781f840-97c8-494e-961c-7fdb69c11e7a,PROVIDER,1000,DigitalTwinRegistryId@BPNL00000003AYRE,83673ffd-c48c-429a-b6c6-7e8dac70b874,2f8d494d-d241-4f91-bd38-0148c387b59e,1791368809401,1791368811282,1791368811282,1,
258fe01f-1e85-464c-bd56-42ee7a5ed8c0,PROVIDER,1000,PartTypeInformationSubmodelApi@BPNL00000003AYRE,94e18afa-4f43-4cbc-aa09-d5598efd2adc,2ec67c48-4621-4da8-865d-d593313e6354,1791368810504,1791368812470,1791368812470,1,
14e7ed4e-79bf-416c-8d49-bb2b9c08d00c,PROVIDER,1000,DigitalTwinRegistryId@BPNL00000003AYRE,83673ffd-c48c-429a-b6c6-7e8dac70b874,4ff6e585-903c-44ad-ac55-98c8f7cea610,1791368829056,1791368832550,1791368832550,1,
1a1947dd-1828-4327-8477-f1261c53e1fe,PROVIDER,1000,PartTypeInformationSubmodelApi@BPNL00000003AYRE,94e18afa-4f43-4cbc-aa09-d5598efd2adc,0f49ec3d-3a3a-4a3a-a88e-972de5bf76f6,1791368831247,1791368833713,1791368833713,1,
e12ba063-c8e3-47c3-b1e0-8ba05b3fc278,PROVIDER,1000,DigitalTwinRegistryId@BPNL00000003AYRE,83673ffd-c48c-429a-b6c6-7e8dac70b874,63f6d1af-fdfe-40cb-a071-3574d4467ead,1791368854754,1791368856664,1791368856664,1,
eaeb4b54-1dd8-401f-9b3f-a0b03a3709d3,PROVIDER,1000,PartTypeInformationSubmodelApi@BPNL00000003AYRE,94e18afa-4f43-4cbc-aa09-d5598efd2adc,85921357-e703-482c-8a11-9f5ea4b65d35,1791368855864,1791368857783,1791368857783,1,
662ea321-de2d-4c57-887e-619a95d72b4c,PROVIDER,1000,DigitalTwinRegistryId@BPNL00000003AYRE,83673ffd-c48c-429a-b6c6-7e8dac70b874,17990c56-00e3-4981-ae3d-62ce03e1deb6,1791368876274,1791368879971,1791368879971,1,
47ee35f9-8fc5-4673-8895-c4e2b4bdb0db,PROVIDER,1000,PartTypeInformationSubmodelApi@BPNL00000003AYRE,94e18afa-4f43-4cbc-aa09-d5598efd2adc,cd15ffcd-f42a-43bd-8007-47a4f7741a6b,1791368878397,1791368881096,1791368881096,1,
c7faa1fe-af9d-47ec-928f-18b5a6d503ed,PROVIDER,1000,DigitalTwinRegistryId@BPNL00000003AYRE,83673ffd-c48c-429a-b6c6-7e8dac70b874,ddf6aac8-450b-4722-92c7-24e6e41b943f,1791368897865,1791368899890,1791368899890,1,
f1e26172-b352-4f93-a853-9235aa874d19,PROVIDER,1000,PartTypeInformationSubmodelApi@BPNL00000003AYRE,94e18afa-4f43-4cbc-aa09-d5598efd2adc,92be6e6b-2b11-483e-bc93-3d0b8263451f,1791368899037,1791368901068,1791368901068,1,
79e88d8d-eee6-435a-924a-fd302a63fb74,PROVIDER,1000,DigitalTwinRegistryId@BPNL00000003AYRE,83673ffd-c48c-429a-b6c6-7e8dac70b874,85c5e9b4-872d-45bd-9b2c-abca9da5a4fa,1791368908283,1791368911652,1791368911652,1,
ccba48e2-ff40-4a99-b99d-f12fd91c2de5,PROVIDER,1000,PartTypeInformationSubmodelApi@BPNL00000003AYRE,94e18afa-4f43-4cbc-aa09-d5598efd2adc,ce9e54d8-498d-4797-a2e1-5faca6815275,1791368910382,1791368912748,1791368912748,1,
80519ab5-3877-4ada-a018-1cee9420c13d,PROVIDER,1000,DigitalTwinRegistryId@BPNL00000003AYRE,83673ffd-c48c-429a-b6c6-7e8dac70b874,04257af0-8a77-4c2f-9fef-948d24ba39e3,1791368930859,1791368932520,1791368932520,1,
4853672b-eca6-4a9d-839d-f768af02e3d6,PROVIDER,1000,PartTypeInformationSubmodelApi@BPNL00000003AYRE,94e18afa-4f43-4cbc-aa09-d5598efd2adc,90896738-3a46-4fb2-9a9a-f7baab0fda2e,1791368931966,1791368933606,1791368933606,1,
48dbe033-f9f8-42f7-af34-c3a96a4813b0,PROVIDER,1000,DigitalTwinRegistryId@BPNL00000003AYRE,83673ffd-c48c-429a-b6c6-7e8dac70b874,47bccc45-a801-4978-9e7b-c8d999f6e39e,1791368943385,1791368945118,1791368945118,1,
5024aaee-da8a-47ee-8faf-8b2a92b43320,PROVIDER,1000,PartTypeInformationSubmodelApi@BPNL00000003AYRE,94e18afa-4f43-4cbc-aa09-d5598efd2adc,670fb8b9-e03f-48cb-b9c5-027ec79027de,1791368944494,1791368946249,1791368946249,1,
1343b425-a51d-4872-8969-34e161611307,PROVIDER,1000,DigitalTwinRegistryId@BPNL00000003AYRE,83673ffd-c48c-429a-b6c6-7e8dac70b874,90541ec0-76b1-475e-9b4d-1238c28a0760,1791368960919,1791368963065,1791368963065,1,
e6b77a07-791b-4f10-8960-4917a57653f2,PROVIDER,1000,PartTypeInformationSubmodelApi@BPNL00000003AYRE,94e18afa-4f43-4cbc-aa09-d5598efd2adc,d08fc2e6-6e5e-4459-82a0-fe5b71dc3963,1791368962038,1791368965170,1791368965170,1,
19558677-e9c7-44a8-967a-db14188caa3b,PROVIDER,1000,DigitalTwinRegistryId@BPNL00000003AYRE,83673ffd-c48c-429a-b6c6-7e8dac70b874,6b7eefe5-88d4-408d-9613-1b41d8ab384e,1791368974314,1791368976169,1791368976169,1,
a0c219ae-07de-4a0a-b732-3c2d6d20c75e,PROVIDER,1000,PartTypeInformationSubmodelApi@BPNL00000003AYRE,94e18afa-4f43-4cbc-aa09-d5598efd2adc,ef9b6c57-33b8-45c9-b5cc-bdff95eb3abb,1791368975472,1791368978669,1791368978669,1,
e96387a7-9a8f-4e7a-8857-af545df56fcb,PROVIDER,1000,DigitalTwinRegistryId@BPNL00000003AYRE,83673ffd-c48c-429a-b6c6-7e8dac70b874,eb954e52-fdbc-4722-9dec-fbf1ad5b9af2,1791368985840,1791368988241,1791368988241,1,
22a3f21a-e7b1-4d55-808f-0a709140690e,PROVIDER,1000,PartTypeInformationSubmodelApi@BPNL00000003AYRE,94e18afa-4f43-4cbc-aa09-d5598efd2adc,8333b7a8-41d0-4e02-ae4c-3f9c21006223,1791368987883,1791368989341,1791368989341,1,
1e97e386-bee2-4f83-937d-f72d36608452,PROVIDER,1000,DigitalTwinRegistryId@BPNL00000003AYRE,83673ffd-c48c-429a-b6c6-7e8dac70b874,70f57a03-5065-42bb-b0a7-57db1c0a59a2,1791369003246,1791369004980,1791369004980,1,
4bb83aa7-8ad4-4fdd-ac69-cbfed15554bf,PROVIDER,1000,PartTypeInformationSubmodelApi@BPNL00000003AYRE,94e18afa-4f43-4cbc-aa09-d5598efd2adc,dd939cac-779a-4cef-aeef-0dee04ded494,1791369004311,1791369006215,1791369006215,1,
1b62a4a3-a7a2-45a2-9458-2413a1f00548,PROVIDER,1000,DigitalTwinRegistryId@BPNL00000003AYRE,83673ffd-c48c-429a-b6c6-7e8dac70b874,231aeab9-3fce-4b31-931d-386b4f914137,1791369017792,1791369019673,1791369019673,1,
21a052d9-2c5b-4cbc-91c3-6d274cc9ff49,PROVIDER,1000,PartTypeInformationSubmodelApi@BPNL00000003AYRE,94e18afa-4f43-4cbc-aa09-d5598efd2adc,80f29f77-e692-4694-9e7a-88f65797b5d2,1791369018873,1791369020785,1791369020785,1,
0c2e6fb9-393c-4236-8ee9-1c0d17aa90a2,PROVIDER,1000,DigitalTwinRegistryId@BPNL00000003AYRE,83673ffd-c48c-429a-b6c6-7e8dac70b874,f84bc62b-f711-4148-a1c3-1280285ae761,1791369037234,1791369040688,1791369040688,1,
124d9b60-f4fa-4311-b0d7-87c1d3a8edf9,PROVIDER,1000,itemstocksubmodel-api-asset@BPNL00000003AYRE,0ef26eaf-3d7c-479a-9a01-d5fa6d5cdd8e,33bd7a1a-580e-44b9-a7e3-3a19ed787250,1791369039322,1791369042976,1791369042976,1,
dfdce4ba-ad17-4938-8884-b8e10b65bee3,PROVIDER,1000,DigitalTwinRegistryId@BPNL00000003AYRE,83673ffd-c48c-429a-b6c6-7e8dac70b874,4d9639c8-f424-437f-ac0e-141eb806137a,1791369040628,1791369042985,1791369042985,1,
95d474d7-bff4-496b-91c9-a5a013f92556,PROVIDER,1000,itemstocksubmodel-api-asset@BPNL00000003AYRE,0ef26eaf-3d7c-479a-9a01-d5fa6d5cdd8e,d27c3e24-a6e4-4dd4-a858-e4c84f1bb0e5,1791369042124,1791369044488,1791369044488,1,
92233ec8-b61b-498d-84bb-dbae09cddd3c,PROVIDER,1000,DigitalTwinRegistryId@BPNL00000003AYRE,83673ffd-c48c-429a-b6c6-7e8dac70b874,71958153-8ec1-4955-871c-c7f7a77a29cf,1791369043454,1791369047254,1791369047254,1,
83182056-5c06-4a4f-9e01-0287abe4077b,PROVIDER,1000,DigitalTwinRegistryId@BPNL00000003AYRE,83673ffd-c48c-429a-b6c6-7e8dac70b874,ad9ef5b4-e355-416a-884b-2061b65a4338,1791369045834,1791369049095,1791369049095,1,
d7820cfe-02fa-49f0-953c-fec7205fc18c,PROVIDER,1000,itemstocksubmodel-api-asset@BPNL00000003AYRE,0ef26eaf-3d7c-479a-9a01-d5fa6d5cdd8e,9487d0cd-e6e0-4d1f-b194-8c0b30d3654f,1791369045846,1791369049148,1791369049148,1,
3d7cfe1a-96cd-490c-a108-ed154f6ea83a,PROVIDER,1000,itemstocksubmodel-api-asset@BPNL00000003AYRE,0ef26eaf-3d7c-479a-9a01-d5fa6d5cdd8e,56cae4dc-439e-4d12-979c-08fa16bd60c9,1791369048127,1791369050491,1791369050491,1,
db18b0c6-77e9-4895-b92d-60c1bfed6dea,PROVIDER,1000,DigitalTwinRegistryId@BPNL00000003AYRE,83673ffd-c48c-429a-b6c6-7e8dac70b874,45170111-2da4-4169-a865-0d0cfffb6c49,1791369049631,1791369051747,1791369051747,1,
8b431298-d7ca-4d29-8bcb-bc70e186feee,PROVIDER,1000,itemstocksubmodel-api-asset@BPNL00000003AYRE,0ef26eaf-3d7c-479a-9a01-d5fa6d5cdd8e,ad9aefe8-55e5-4a38-b79c-b2386f6ff458,1791369050942,1791369053364,1791369053364,1,
e83e3dc1-9272-4abe-b29a-1f95344b21a0,PROVIDER,1000,DigitalTwinRegistryId@BPNL00000003AYRE,83673ffd-c48c-429a-b6c6-7e8dac70b874,a3908e78-80ab-4155-8abb-0b1a9d994deb,1791369052138,1791369054905,1791369054905,1,
7aa7a2f8-b7f3-42a1-9359-d367ce96b2ac,PROVIDER,1000,itemstocksubmodel-api-asset@BPNL00000003AYRE,0ef26eaf-3d7c-479a-9a01-d5fa6d5cdd8e,38a8282d-2275-4624-8f4b-deb08491be9c,1791369054344,1791369056156,1791369056156,1,
d79786a7-31f2-4325-9080-86e5b3d552c3,PROVIDER,1000,DigitalTwinRegistryId@BPNL00000003AYRE,83673ffd-c48c-429a-b6c6-7e8dac70b874,287907d7-1c25-4a7a-87f3-56fb986a20ad,1791369055514,1791369058048,1791369058048,1,
4bbeafcc-ac37-4b14-8194-828cbdd0fc4f,PROVIDER,1000,itemstocksubmodel-api-asset@BPNL00000003AYRE,0ef26eaf-3d7c-479a-9a01-d5fa6d5cdd8e,1b5c5771-7819-4ca8-a7eb-49910fdf09c8,1791369056635,1791369059345,1791369059345,1,
9e04f2bf-6c59-49b1-b6a2-310fd6055acc,PROVIDER,1000,DigitalTwinRegistryId@BPNL00000003AYRE,83673ffd-c48c-429a-b6c6-7e8dac70b874,ed67bb7f-1094-4d89-b274-76b95e522491,1791369058786,1791369060697,1791369060697,1,
3ffed83b-a127-460e-b7d8-874623a8a238,PROVIDER,1000,itemstocksubmodel-api-asset@BPNL00000003AYRE,0ef26eaf-3d7c-479a-9a01-d5fa6d5cdd8e,de4ddee4-7641-437c-a71a-2e6e9e4fdef1,1791369059927,1791369061841,1791369061841,1,
7a444a6c-e4eb-4131-915b-5b4d897b269b,PROVIDER,1000,DigitalTwinRegistryId@BPNL00000003AYRE,83673ffd-c48c-429a-b6c6-7e8dac70b874,ddfc1422-31b2-47d6-a043-0078fb1f0331,1791369062270,1791369064379,1791369064379,1,
cde1cec7-9a04-4222-8148-0ac3f4f9eefc,PROVIDER,1000,itemstocksubmodel-api-asset@BPNL00000003AYRE,0ef26eaf-3d7c-479a-9a01-d5fa6d5cdd8e,d0254641-86b6-4a9e-8516-fd6633a0918e,1791369063418,1791369066112,1791369066112,1,
0e0bed86-e91c-433b-a9e7-87fad913a2f1,PROVIDER,1000,DigitalTwinRegistryId@BPNL00000003AYRE,83673ffd-c48c-429a-b6c6-7e8dac70b874,2e047cb6-a351-4626-9750-92eec7798613,1791369064598,1791369068065,1791369068065,1,
898cbb89-d64d-4ab3-a2d8-0845e75647a7,PROVIDER,1000,itemstocksubmodel-api-asset@BPNL00000003AYRE,0ef26eaf-3d7c-479a-9a01-d5fa6d5cdd8e,22d59a5e-a6f4-43fe-917a-45994ade903b,1791369066767,1791369069876,1791369069876,1,
9eacfe6e-031a-4088-aeb5-313b084f43d9,PROVIDER,1000,DigitalTwinRegistryId@BPNL00000003AYRE,83673ffd-c48c-429a-b6c6-7e8dac70b874,ccb0dec7-1f41-4acf-a0b3-7760309efebc,1791369067908,1791369069887,1791369069887,1,
aec34dda-9b38-4656-b2bb-862e96865d2a,PROVIDER,1000,itemstocksubmodel-api-asset@BPNL00000003AYRE,0ef26eaf-3d7c-479a-9a01-d5fa6d5cdd8e,839100dd-131c-4a2c-93bc-319a40cd27ff,1791369069109,1791369071023,1791369071023,1,
503d0700-ed43-4e02-9134-24fe76e8b1c1,PROVIDER,1000,DigitalTwinRegistryId@BPNL00000003AYRE,83673ffd-c48c-429a-b6c6-7e8dac70b874,98a5a234-49cd-4016-8b03-5292222aa55e,1791369071335,1791369074481,1791369074481,1,
f07df9ea-f2b1-40cd-bcb5-4ed095dc86fa,PROVIDER,1000,itemstocksubmodel-api-asset@BPNL00000003AYRE,0ef26eaf-3d7c-479a-9a01-d5fa6d5cdd8e,965e2412-0a94-44c3-9ae9-a8c5945b10c7,1791369073654,1791369076125,1791369076125,1,
783cd708-dd3e-4ddc-8671-ab42b09ea323,PROVIDER,1000,DigitalTwinRegistryId@BPNL00000003AYRE,83673ffd-c48c-429a-b6c6-7e8dac70b874,8fe51777-07bc-470c-8ef9-41cedaee020e,1791369074931,1791369077815,1791369077815,1,
18d871f5-45a2-4db3-86f5-790535c15bd0,PROVIDER,1000,itemstocksubmodel-api-asset@BPNL00000003AYRE,0ef26eaf-3d7c-479a-9a01-d5fa6d5cdd8e,57122a6d-00d3-44dc-a9b5-0fbced6b30fb,1791369076212,1791369079729,1791369079729,1,
aabf30d4-c582-4656-90ab-c6ef2bfa4f2a,PROVIDER,1000,DigitalTwinRegistryId@BPNL00000003AYRE,83673ffd-c48c-429a-b6c6-7e8dac70b874,3d7053f6-b746-4b2d-8ad0-b811d7b0afee,1791369077438,1791369079743,1791369079743,1,
9fc55588-f431-4d0e-9c91-e49f38ccd6a0,PROVIDER,1000,itemstocksubmodel-api-asset@BPNL00000003AYRE,0ef26eaf-3d7c-479a-9a01-d5fa6d5cdd8e,f2ac9855-8493-4e02-bc5d-2106fbfd8534,1791369078545,1791369079882,1791369079882,1,
d90c93fe-5380-46dc-8a47-2306cd2d56d5,PROVIDER,1000,DigitalTwinRegistryId@BPNL00000003AYRE,83673ffd-c48c-429a-b6c6-7e8dac70b874,c26fefc3-7c7f-405d-aaa5-526023b5be38,1791369080834,1791369082479,1791369082479,1,
74a2f95f-0693-44de-be50-39add76332b6,PROVIDER,1000,itemstocksubmodel-api-asset@BPNL00000003AYRE,0ef26eaf-3d7c-479a-9a01-d5fa6d5cdd8e,4d542403-8737-4cc3-aac2-b49450d2bb1a,1791369082025,1791369084070,1791369084070,1,
c5ad5d30-834f-4542-b831-e0c15599e646,PROVIDER,1000,DigitalTwinRegistryId@BPNL00000003AYRE,83673ffd-c48c-429a-b6c6-7e8dac70b874,82a9ec2f-5891-4faf-82fb-078a2a10e6ab,1791369083318,1791369085605,1791369085605,1,
3c8ad12e-131d-4da2-b540-1e29f9a5bf5e,PROVIDER,1000,itemstocksubmodel-api-asset@BPNL00000003AYRE,0ef26eaf-3d7c-479a-9a01-d5fa6d5cdd8e,685c3339-486b-4b41-a21a-4cb135c84e7a,1791369084434,1791369087734,1791369087734,1,
0662827b-6aa7-4fbd-8a02-c9ce9739961e,PROVIDER,1000,DigitalTwinRegistryId@BPNL00000003AYRE,83673ffd-c48c-429a-b6c6-7e8dac70b874,a7fe3c4f-fe28-4f98-b757-6969031ecdc0,1791369086625,1791369088042,1791369088042,1,
540ce732-499a-40b9-87b7-85fbb2ea043b,PROVIDER,1000,itemstocksubmodel-api-asset@BPNL00000003AYRE,0ef26eaf-3d7c-479a-9a01-d5fa6d5cdd8e,f201572f-48d3-4b33-933e-37641b08afbc,1791369087812,1791369089442,1791369089442,1,
f3f906fa-ba0a-4353-ba37-fec59d821aed,PROVIDER,1000,DigitalTwinRegistryId@BPNL00000003AYRE,83673ffd-c48c-429a-b6c6-7e8dac70b874,fb3a8037-10a2-4ca6-aba0-d4339598ade1,1791369089991,1791369092180,1791369092180,1,
c0de12f1-82a7-42dd-bb03-d5ab900158c2,PROVIDER,1000,itemstocksubmodel-api-asset@BPNL00000003AYRE,0ef26eaf-3d7c-479a-9a01-d5fa6d5cdd8e,9a5ec10e-6b89-4877-99e5-0a794c5c22ad,1791369091133,1791369093296,1791369093296,1,
4567ddc5-72d6-49d6-9057-12d89709ffb5,PROVIDER,1000,DigitalTwinRegistryId@BPNL00000003AYRE,83673ffd-c48c-429a-b6c6-7e8dac70b874,34c6be5d-2f59-435f-b609-36fb50c3ccdf,1791369093429,1791369097150,1791369097150,1,
f71cdb7d-e07b-4b2f-a131-2470132e4007,PROVIDER,1000,itemstocksubmodel-api-asset@BPNL00000003AYRE,0ef26eaf-3d7c-479a-9a01-d5fa6d5cdd8e,c7976238-033e-49da-8f74-b3623ac224e1,1791369095556,1791369098633,1791369098633,1,
f70feeeb-02ff-4714-a5f6-596d798373a8,PROVIDER,1000,DigitalTwinRegistryId@BPNL00000003AYRE,83673ffd-c48c-429a-b6c6-7e8dac70b874,f00576c3-eefe-4726-be42-01308c92a2ac,1791369095946,1791369098642,1791369098642,1,
eb83111a-25fa-4682-b30b-a5f58a328162,PROVIDER,1000,itemstocksubmodel-api-asset@BPNL00000003AYRE,0ef26eaf-3d7c-479a-9a01-d5fa6d5cdd8e,0195e242-c081-4234-a8a8-62ecd1711541,1791369097964,1791369099768,1791369099768,1,
7737b101-a56c-4384-a087-75843fabc1b0,PROVIDER,1000,DigitalTwinRegistryId@BPNL00000003AYRE,83673ffd-c48c-429a-b6c6-7e8dac70b874,34c04146-c5df-4a56-b7cb-9e9f93c29544,1791400382144,1791400394354,1791400394354,1,
683a595a-8375-4240-af21-dbf01e655c81,PROVIDER,1000,itemstocksubmodel-api-asset@BPNL00000003AYRE,0ef26eaf-3d7c-479a-9a01-d5fa6d5cdd8e,e12ea985-b799-46ff-a392-5c3e51bfbea6,1791400392361,1791400396585,1791400396585,1,
9c1b4b15-7b78-4930-9414-42dcceeaa66a,PROVIDER,1000,DigitalTwinRegistryId@BPNL00000003AYRE,83673ffd-c48c-429a-b6c6-7e8dac70b874,6880dba1-c239-41e2-b767-0d5b246dcfb0,1791400398562,1791400402212,1791400402212,1,
6686b40b-bd95-4ae2-b511-9d213e895ffd,PROVIDER,1000,itemstocksubmodel-api-asset@BPNL00000003AYRE,0ef26eaf-3d7c-479a-9a01-d5fa6d5cdd8e,166e2b5e-4494-4efc-bed3-7afc128c8257,1791400400850,1791400403381,1791400403381,1,
6dc5a6b4-a9e6-41c7-b44e-d62a84331450,PROVIDER,1000,DigitalTwinRegistryId@BPNL00000003AYRE,83673ffd-c48c-429a-b6c6-7e8dac70b874,e01d6dd8-6242-4473-b968-9b4b49a5f6e4,1791400405448,1791400408184,1791400408184,1,
4d2162ad-ee3b-4e06-a57d-c104cfd097a4,PROVIDER,1000,itemstocksubmodel-api-asset@BPNL00000003AYRE,0ef26eaf-3d7c-479a-9a01-d5fa6d5cdd8e,bd7eb4f3-ec61-4c51-a41f-0e5223f5e23a,1791400406848,1791400409478,1791400409478,1,
8ffdc7a6-35e1-4362-bd89-5ea215589083,PROVIDER,1000,DigitalTwinRegistryId@BPNL00000003AYRE,83673ffd-c48c-429a-b6c6-7e8dac70b874,da93808d-7f5d-4ec4-baa5-181f41b136b0,1791400418402,1791400422552,1791400422552,1,
506690f6-0b28-4724-8adc-c60247b74afb,PROVIDER,1000,itemstocksubmodel-api-asset@BPNL00000003AYRE,0ef26eaf-3d7c-479a-9a01-d5fa6d5cdd8e,9a4589a7-36b1-45d6-a8af-0864249337d2,1791400420943,1791400424143,1791400424143,1,
f99ec90a-3db3-4de4-bdbb-616c71f58e0e,PROVIDER,1000,DigitalTwinRegistryId@BPNL00000003AYRE,83673ffd-c48c-429a-b6c6-7e8dac70b874,5acc6b37-070a-4320-a2d0-6339375b0954,1791400421129,1791400428415,1791400428415,1,
4e0a2c68-be4e-418b-a62d-b1e6fdd76b88,PROVIDER,1000,DigitalTwinRegistryId@BPNL00000003AYRE,83673ffd-c48c-429a-b6c6-7e8dac70b874,eec2c142-19b8-4acd-abdf-2b6697b453e8,1791400423173,1791400428428,1791400428428,1,
3fcd9fbf-f480-466f-b025-8cea4bfba974,PROVIDER,1000,itemstocksubmodel-api-asset@BPNL00000003AYRE,0ef26eaf-3d7c-479a-9a01-d5fa6d5cdd8e,8ebcfb26-7d73-4ad3-acde-2b27ea053082,1791400425751,1791400429163,1791400429163,1,
7fe73684-830c-4137-80f4-02fd8dcb82cb,PROVIDER,1000,DigitalTwinRegistryId@BPNL00000003AYRE,83673ffd-c48c-429a-b6c6-7e8dac70b874,954d2230-9977-4ff9-8940-bdc66be1a5ce,1791400425945,1791400431723,1791400431723,1,
bd836cec-2ca2-4ac0-b3c9-91f0fc1d06de,PROVIDER,1000,itemstocksubmodel-api-asset@BPNL00000003AYRE,0ef26eaf-3d7c-479a-9a01-d5fa6d5cdd8e,b5f24421-1d36-4fe2-bb5a-59d89878644c,1791400427246,1791400431733,1791400431733,1,
4cbc13d6-ddb6-4131-9c0c-0b7a539b1bab,PROVIDER,1000,DigitalTwinRegistryId@BPNL00000003AYRE,83673ffd-c48c-429a-b6c6-7e8dac70b874,75c2df39-60db-481f-8d46-e9e4d4777e43,1791400427554,1791400431746,1791400431746,1,
75e1cf89-e7b6-4aff-aecb-8c676ce0a993,PROVIDER,1000,DigitalTwinRegistryId@BPNL00000003AYRE,83673ffd-c48c-429a-b6c6-7e8dac70b874,1f9735ee-5365-4b78-8793-88aa65977586,1791400429324,1791400436264,1791400436264,1,
7af2db6e-6993-4ed3-8b5b-e6ad62b57551,PROVIDER,1000,itemstocksubmodel-api-asset@BPNL00000003AYRE,0ef26eaf-3d7c-479a-9a01-d5fa6d5cdd8e,7f99a4bc-48e8-43d4-a537-0d7664abf9b4,1791400430291,1791400436252,1791400436252,1,
eca0b65c-1e7a-4a02-820a-4738375198fe,PROVIDER,1000,itemstocksubmodel-api-asset@BPNL00000003AYRE,0ef26eaf-3d7c-479a-9a01-d5fa6d5cdd8e,c632bec8-6ea2-475a-9efc-e91335a7bb49,1791400431951,1791400438341,1791400438341,1,
9beeb2f7-d999-4078-8ad3-a3d17271d7ab,PROVIDER,1000,DigitalTwinRegistryId@BPNL00000003AYRE,83673ffd-c48c-429a-b6c6-7e8dac70b874,e427294a-a70a-4b6c-bbc6-532f72ce34e9,1791400432246,1791400438351,1791400438351,1,
58f97a69-0d02-4477-bbb4-18a09274e7f8,PROVIDER,1000,DigitalTwinRegistryId@BPNL00000003AYRE,83673ffd-c48c-429a-b6c6-7e8dac70b874,6c777272-24ac-4bc9-bf75-267947e9afa1,1791400433755,1791400438987,1791400438987,1,
af2cba1c-bd3f-42db-81f2-bd55c80e1c85,PROVIDER,1000,itemstocksubmodel-api-asset@BPNL00000003AYRE,0ef26eaf-3d7c-479a-9a01-d5fa6d5cdd8e,9fe2e4cf-2d30-47ab-a76e-b48dceac0b78,1791400436034,1791400441436,1791400441436,1,
3746a924-3fa4-473c-82ae-712287ff3deb,PROVIDER,1000,DigitalTwinRegistryId@BPNL00000003AYRE,83673ffd-c48c-429a-b6c6-7e8dac70b874,50eaf900-7f5d-4d5d-9757-632501cb89e4,1791400436155,1791400441449,1791400441449,1,
46c39c20-34f1-4b38-a7dc-694de01a4bc5,PROVIDER,1000,itemstocksubmodel-api-asset@BPNL00000003AYRE,0ef26eaf-3d7c-479a-9a01-d5fa6d5cdd8e,dd67c60f-d74a-4b12-9389-5fcb2d8f6386,1791400437246,1791400441466,1791400441466,1,
ecba004b-b1c1-439d-bb77-4730d9665b73,PROVIDER,1000,DigitalTwinRegistryId@BPNL00000003AYRE,83673ffd-c48c-429a-b6c6-7e8dac70b874,de5a7173-63dc-44ce-b4b4-191c1191b976,1791400437834,1791400442204,1791400442204,1,
2596b6b3-ab83-4f7a-840c-778df9afbb6f,PROVIDER,1000,itemstocksubmodel-api-asset@BPNL00000003AYRE,0ef26eaf-3d7c-479a-9a01-d5fa6d5cdd8e,5b427835-1718-4b69-a89e-7469feb7677c,1791400439388,1791400444646,1791400444646,1,
c29a67cf-6366-479d-976e-3baacba57d95,PROVIDER,1000,DigitalTwinRegistryId@BPNL00000003AYRE,83673ffd-c48c-429a-b6c6-7e8dac70b874,b42ac1c8-0c03-458d-96f2-7fb512233426,1791400439494,1791400444389,1791400444389,1,
127c118b-a212-42ce-a68c-324d5a45b984,PROVIDER,1000,itemstocksubmodel-api-asset@BPNL00000003AYRE,0ef26eaf-3d7c-479a-9a01-d5fa6d5cdd8e,7e5e89cf-6dbc-433f-852c-af48edec83ec,1791400441144,1791400449363,1791400449363,1,
5fef71e7-f2cf-4236-a83f-9c50f7f1ef35,PROVIDER,1000,DigitalTwinRegistryId@BPNL00000003AYRE,83673ffd-c48c-429a-b6c6-7e8dac70b874,e9fceb1a-6fb9-4e4c-a50b-847d8f3e7fcc,1791400443084,1791400449448,1791400449448,1,
82cdac49-7e5e-4beb-a6e3-c5a941bf772a,PROVIDER,1000,itemstocksubmodel-api-asset@BPNL00000003AYRE,0ef26eaf-3d7c-479a-9a01-d5fa6d5cdd8e,03403cf8-9d2f-42f3-8473-6538dd457f3a,1791400443253,1791400449470,1791400449470,1,
2b8398f2-2bdc-42ed-a965-e66ae7720cd0,PROVIDER,1000,itemstocksubmodel-api-asset@BPNL00000003AYRE,0ef26eaf-3d7c-479a-9a01-d5fa6d5cdd8e,3d8bd910-5cc8-4a4b-b496-eb4da5019070,1791400445745,1791400450743,1791400450743,1,
38d81f52-b444-413a-9a63-fcb2e1bba1c1,PROVIDER,1000,DigitalTwinRegistryId@BPNL00000003AYRE,83673ffd-c48c-429a-b6c6-7e8dac70b874,a2305920-dd30-498b-9328-1c165616e2b4,1791400446043,1791400456582,1791400456582,1,
f1cadcce-e3b0-4fb8-ab1e-051a86617f8e,PROVIDER,1000,DigitalTwinRegistryId@BPNL00000003AYRE,83673ffd-c48c-429a-b6c6-7e8dac70b874,f363e114-dbe6-4ce0-8143-4dbe049f66d4,1791400446256,1791400456985,1791400456985,1,
7b153754-1211-4a25-929c-27818465b832,PROVIDER,1000,itemstocksubmodel-api-asset@BPNL00000003AYRE,0ef26eaf-3d7c-479a-9a01-d5fa6d5cdd8e,50ecf01b-d7a4-4584-8ce7-76265a2cf4f7,1791400447550,1791400457013,1791400457013,1,
a07903cc-599b-4f38-8cf0-3604e74c6d78,PROVIDER,1000,DigitalTwinRegistryId@BPNL00000003AYRE,83673ffd-c48c-429a-b6c6-7e8dac70b874,f756489a-57b4-421d-852f-c23537615bc1,1791400447854,1791400457026,1791400457026,1,
fcb191ee-4ef6-4e4f-90e1-2cae5413d079,PROVIDER,1000,DigitalTwinRegistryId@BPNL00000003AYRE,83673ffd-c48c-429a-b6c6-7e8dac70b874,b0a148c6-2619-43fd-8b97-9f4fa0333fdc,1791400450044,1791400456595,1791400456595,1,
40cbe059-bf33-439e-95f9-f87e1a263f3a,PROVIDER,1000,DigitalTwinRegistryId@BPNL00000003AYRE,83673ffd-c48c-429a-b6c6-7e8dac70b874,92295742-5862-489e-bb7f-cd423bf5d31d,1791400454381,1791400461134,1791400461134,1,
e9dbbcc0-19e5-4057-9967-9d98c3cf226b,PROVIDER,1000,itemstocksubmodel-api-asset@BPNL00000003AYRE,0ef26eaf-3d7c-479a-9a01-d5fa6d5cdd8e,16945f3d-216c-43c8-a56e-0465482a1cd5,1791400454491,1791400461809,1791400461809,1,
842bc643-7c60-4163-8f6b-66488aa62c2c,PROVIDER,1000,itemstocksubmodel-api-asset@BPNL00000003AYRE,0ef26eaf-3d7c-479a-9a01-d5fa6d5cdd8e,c95c5477-52e2-4293-988d-5f6736e0c73a,1791400454800,1791400461818,1791400461818,1,
45ff76d5-254f-44eb-9f5d-c0390fbb13e7,PROVIDER,1000,itemstocksubmodel-api-asset@BPNL00000003AYRE,0ef26eaf-3d7c-479a-9a01-d5fa6d5cdd8e,2100375d-a85a-4ae3-9d2a-3ffa0c1ed057,1791400458076,1791400465279,1791400465279,1,
aa05c378-a996-4852-a5d8-b81b89424439,PROVIDER,1000,itemstocksubmodel-api-asset@BPNL00000003AYRE,0ef26eaf-3d7c-479a-9a01-d5fa6d5cdd8e,aa04a614-4e6d-4820-96b9-3e64f5878398,1791400458166,1791400465326,1791400465326,1,
3ed99027-2f68-462d-afd3-8589acaa4a5c,PROVIDER,1000,DigitalTwinRegistryId@BPNL00000003AYRE,83673ffd-c48c-429a-b6c6-7e8dac70b874,f0a82110-0a9e-49ae-9c03-e9e7100daa82,1791400458348,1791400465846,1791400465846,1,
44eaf60c-643a-41dd-81f5-557a168aab8a,PROVIDER,1000,DigitalTwinRegistryId@BPNL00000003AYRE,83673ffd-c48c-429a-b6c6-7e8dac70b874,4628d528-4a1e-4582-b388-c22adb332249,1791400458468,1791400465835,1791400465835,1,
d309a682-8164-4068-b92a-c4174af5f750,PROVIDER,1000,DigitalTwinRegistryId@BPNL00000003AYRE,83673ffd-c48c-429a-b6c6-7e8dac70b874,9ed5251f-98b1-4e77-af74-2cd88c9b9376,1791400462285,1791400469649,1791400469649,1,
fae2cd01-b1c9-4fae-b634-4949b0968dcb,PROVIDER,1000,itemstocksubmodel-api-asset@BPNL00000003AYRE,0ef26eaf-3d7c-479a-9a01-d5fa6d5cdd8e,aad3a6c2-81b5-4e94-a85a-818b869a34dc,1791400462529,1791400469660,1791400469660,1,
c2b48142-9704-4f7c-9f41-b42fcb45d048,PROVIDER,1000,DigitalTwinRegistryId@BPNL00000003AYRE,83673ffd-c48c-429a-b6c6-7e8dac70b874,c033d4c8-0c5c-49ad-b22f-36d1d8051479,1791400462979,1791400470579,1791400470579,1,
12820116-60ec-46b6-aaab-6a0e78ab914d,PROVIDER,1000,DigitalTwinRegistryId@BPNL00000003AYRE,83673ffd-c48c-429a-b6c6-7e8dac70b874,eadaee25-1104-4295-86a2-884a84b647fb,1791400467341,1791400474202,1791400474202,1,
8491d419-f3ea-4fa4-8d06-c633d2f8a6da,PROVIDER,1000,DigitalTwinRegistryId@BPNL00000003AYRE,83673ffd-c48c-429a-b6c6-7e8dac70b874,c88bb2e1-fe8f-463d-98dd-c0b8593af4ec,1791400467479,1791400474213,1791400474213,1,
b9667d60-0a0c-4611-802e-f22a14ceb7d6,PROVIDER,1000,itemstocksubmodel-api-asset@BPNL00000003AYRE,0ef26eaf-3d7c-479a-9a01-d5fa6d5cdd8e,f00b65b0-988d-4de1-8b7f-74cd73cd7a8e,1791400467680,1791400474224,1791400474224,1,
c641c312-bba4-45c5-b3d8-968dc3541a13,PROVIDER,1000,itemstocksubmodel-api-asset@BPNL00000003AYRE,0ef26eaf-3d7c-479a-9a01-d5fa6d5cdd8e,10844e88-fb45-42a5-9637-64a702927f61,1791400468049,1791400474233,1791400474233,1,
2e128395-96bf-4e0b-97b6-5eae2fdcb1b7,PROVIDER,1000,DigitalTwinRegistryId@BPNL00000003AYRE,83673ffd-c48c-429a-b6c6-7e8dac70b874,d898470d-f716-492e-96fc-e4995fd490d2,1791400468282,1791400475415,1791400475415,1,
4629c89f-c51c-4346-9e6d-8ddd24fd5a57,PROVIDER,1000,itemstocksubmodel-api-asset@BPNL00000003AYRE,0ef26eaf-3d7c-479a-9a01-d5fa6d5cdd8e,87e7cb92-7f9b-4809-aeb5-61e33fc4bbed,1791400471547,1791400481093,1791400481093,1,
0deae18b-320c-4f95-8e35-ac2f00b88d5a,PROVIDER,1000,itemstocksubmodel-api-asset@BPNL00000003AYRE,0ef26eaf-3d7c-479a-9a01-d5fa6d5cdd8e,778eacf1-7ec3-41c4-9374-a523ceb57848,1791400471652,1791400481334,1791400481334,1,
a55bd624-06fb-4d54-9316-e236fc75d3cf,PROVIDER,1000,DigitalTwinRegistryId@BPNL00000003AYRE,83673ffd-c48c-429a-b6c6-7e8dac70b874,5ee6a2af-1fb2-499c-8e36-72852f829151,1791400471848,1791400481674,1791400481674,1,
49c63d1e-b2b3-4591-ab71-7121e261a4cb,PROVIDER,1000,DigitalTwinRegistryId@BPNL00000003AYRE,83673ffd-c48c-429a-b6c6-7e8dac70b874,25e97c24-1151-4623-8a00-9b743b6a6e71,1791400471975,1791400483097,1791400483097,1,
f2772ea9-1444-4ba9-85e0-45bd7d1a4c81,PROVIDER,1000,DigitalTwinRegistryId@BPNL00000003AYRE,83673ffd-c48c-429a-b6c6-7e8dac70b874,321abc8e-a328-4c25-aa6d-43f16a3182f0,1791400478080,1791400497025,1791400497025,1,
2d67bcfd-4bb9-4693-a7ca-4be0711bd886,PROVIDER,1000,itemstocksubmodel-api-asset@BPNL00000003AYRE,0ef26eaf-3d7c-479a-9a01-d5fa6d5cdd8e,7cb8188f-cd3a-4cd9-866f-b3b13377bf17,1791400478325,1791400499178,1791400499178,1,
5e286c17-2f84-41d8-a58d-640c878649cc,PROVIDER,1000,itemstocksubmodel-api-asset@BPNL00000003AYRE,0ef26eaf-3d7c-479a-9a01-d5fa6d5cdd8e,4ad3ac80-2003-4eab-960a-3fe3f8cda20c,1791400478683,1791400499162,1791400499162,1,
94da1ff2-018a-4beb-823c-4135fd2e96c8,PROVIDER,1000,DigitalTwinRegistryId@BPNL00000003AYRE,83673ffd-c48c-429a-b6c6-7e8dac70b874,31bc9abd-ac52-48f9-ad81-88046541e0d5,1791400478826,1791400499189,1791400499189,1,
8fdaffb8-de93-4708-8a38-a474dda80e20,PROVIDER,1000,itemstocksubmodel-api-asset@BPNL00000003AYRE,0ef26eaf-3d7c-479a-9a01-d5fa6d5cdd8e,3086939d-c1dc-46e0-9965-f831f676c067,1791400479343,1791400499711,1791400499711,1,
6c8890f4-6cb5-4c49-9613-0faae95a9ace,PROVIDER,1000,DigitalTwinRegistryId@BPNL00000003AYRE,83673ffd-c48c-429a-b6c6-7e8dac70b874,8b7b99c7-2a0b-4c69-95db-0e8142f888f5,1791400479856,1791400499667,1791400499667,1,
866deb2e-7003-46a9-9580-3a00ae32e7b0,PROVIDER,1000,itemstocksubmodel-api-asset@BPNL00000003AYRE,0ef26eaf-3d7c-479a-9a01-d5fa6d5cdd8e,4d9655c6-fa72-4bea-bd72-15bb8a8ac61f,1791400490479,1791400499734,1791400499734,1,
d0bdd4a2-6197-424e-bad0-9c23eeb05fd7,PROVIDER,1000,itemstocksubmodel-api-asset@BPNL00000003AYRE,0ef26eaf-3d7c-479a-9a01-d5fa6d5cdd8e,3a41df1c-7cce-4477-9db0-4e638ec07cbd,1791400491034,1791400500034,1791400500034,1,
b72ada97-0ae8-4931-8e35-88f25b2f95a8,PROVIDER,1000,DigitalTwinRegistryId@BPNL00000003AYRE,83673ffd-c48c-429a-b6c6-7e8dac70b874,5a49abfc-d5a3-41bb-bd04-ed60c2075dfb,1791400491535,1791400561124,1791400561124,1,
c7c16a0d-ee02-46ee-9e4c-ee24411f36de,PROVIDER,1000,DigitalTwinRegistryId@BPNL00000003AYRE,83673ffd-c48c-429a-b6c6-7e8dac70b874,8146af74-cd92-4f22-b5cb-17ce9e4caf34,1791400492089,1791400560812,1791400560812,1,
849a6886-0476-480c-9857-04d0f1c0785e,PROVIDER,1000,DigitalTwinRegistryId@BPNL00000003AYRE,83673ffd-c48c-429a-b6c6-7e8dac70b874,7b9fb6c3-5da3-42c4-a45d-2b9c7397eb26,1791400492426,1791400561413,1791400561413,1,
a52bc763-058c-4e3e-9f07-df0d602974b5,PROVIDER,1000,DigitalTwinRegistryId@BPNL00000003AYRE,83673ffd-c48c-429a-b6c6-7e8dac70b874,9c986bb0-4e54-4b86-b23a-c57e91794881,1791400493392,1791400564920,1791400564920,1,
d8ab7b84-91ce-42d1-abb9-2e16869b63fd,PROVIDER,1000,DigitalTwinRegistryId@BPNL00000003AYRE,83673ffd-c48c-429a-b6c6-7e8dac70b874,9ce0db54-6caa-4f95-b405-47643e026187,1791400494083,1791400562580,1791400562580,1,
5f397fb4-51a5-4828-9937-264ca341c806,PROVIDER,1000,itemstocksubmodel-api-asset@BPNL00000003AYRE,0ef26eaf-3d7c-479a-9a01-d5fa6d5cdd8e,8939ef1e-346e-4ddb-8f57-7d060abb9f08,1791400494480,1791400564930,1791400564930,1,
3fa61c53-f5d6-428b-b713-12f998265276,PROVIDER,1000,DigitalTwinRegistryId@BPNL00000003AYRE,83673ffd-c48c-429a-b6c6-7e8dac70b874,6e4ca7aa-61bd-4221-b893-0a5bdc0b5213,1791400495343,1791400565045,1791400565045,1,
bfba1462-77ba-4c6c-bdb8-c6ab254d6f26,PROVIDER,1000,itemstocksubmodel-api-asset@BPNL00000003AYRE,0ef26eaf-3d7c-479a-9a01-d5fa6d5cdd8e,292d8225-54a6-4f9f-a95e-ef76decd54c8,1791400530347,1791400566734,1791400566734,1,
80130188-abb1-45f4-90c2-3808de55b656,PROVIDER,1000,DigitalTwinRegistryId@BPNL00000003AYRE,83673ffd-c48c-429a-b6c6-7e8dac70b874,3cc7ab61-480d-498e-bd51-dce8aa965fbf,1791400531352,1791400566652,1791400566652,1,
04dc8d69-ec26-4b94-88a5-b098bec2833e,PROVIDER,1000,DigitalTwinRegistryId@BPNL00000003AYRE,83673ffd-c48c-429a-b6c6-7e8dac70b874,af897e4f-f744-47dc-9388-e123ea8a2121,1791400532986,1791400536855,1791400536855,1,"{""@type"":""TransferError"",""code"":""409"",""reason"":[""Entity af897e4f-f744-47dc-9388-e123ea8a2121 of kind edc_transfer_process is currently leased!""],""@context"":[""https://w3id.org/tractusx/auth/v1.0.0"",""https://w3id.org/catenax/2025/9/policy/context.jsonld"",""https://w3id.org/dspace/2025/1/context.jsonld"""
163eba82-cea4-434c-9acf-b9805486ca4f,PROVIDER,1000,itemstocksubmodel-api-asset@BPNL00000003AYRE,0ef26eaf-3d7c-479a-9a01-d5fa6d5cdd8e,50dd8e25-a4b8-4aeb-87ab-ee961d8eb6b5,1791400535281,1791400573918,1791400573918,1,
dec5c881-885e-4019-a4db-a7e15bfbc033,PROVIDER,1000,DigitalTwinRegistryId@BPNL00000003AYRE,83673ffd-c48c-429a-b6c6-7e8dac70b874,2d46155c-8695-4305-a894-be14e8a50d2d,1791400535834,1791400568548,1791400568548,1,
2933cc2c-7471-45c3-bd85-330430f970df,PROVIDER,1000,DigitalTwinRegistryId@BPNL00000003AYRE,83673ffd-c48c-429a-b6c6-7e8dac70b874,7662bb43-0ae8-4b2f-82db-e25c6f198522,1791400536234,1791400567022,1791400567022,1,
f0d759a2-1f64-42d9-9ef4-63d2c7a463b5,PROVIDER,1000,DigitalTwinRegistryId@BPNL00000003AYRE,83673ffd-c48c-429a-b6c6-7e8dac70b874,b0c171ef-75cd-4751-bffd-9f130a394048,1791400536718,1791400541288,1791400541288,1,"{""@type"":""TransferError"",""code"":""409"",""reason"":[""Entity b0c171ef-75cd-4751-bffd-9f130a394048 of kind edc_transfer_process is currently leased!""],""@context"":[""https://w3id.org/tractusx/auth/v1.0.0"",""https://w3id.org/catenax/2025/9/policy/context.jsonld"",""https://w3id.org/dspace/2025/1/context.jsonld"""
24d5b8d7-4c36-498c-b590-bc966a27f724,PROVIDER,1000,DigitalTwinRegistryId@BPNL00000003AYRE,83673ffd-c48c-429a-b6c6-7e8dac70b874,57079673-db84-424b-881e-93e7606ed022,1791400541778,1791400568512,1791400568512,1,
fd9a6ac2-1b74-4e8d-9ab9-5bd8cdc36d31,PROVIDER,1000,DigitalTwinRegistryId@BPNL00000003AYRE,83673ffd-c48c-429a-b6c6-7e8dac70b874,f710a6dd-80bf-4567-ba3b-78a7facffb89,1791400545603,1791400550834,1791400550834,1,"{""@type"":""TransferError"",""code"":""409"",""reason"":[""Entity f710a6dd-80bf-4567-ba3b-78a7facffb89 of kind edc_transfer_process is currently leased!""],""@context"":[""https://w3id.org/tractusx/auth/v1.0.0"",""https://w3id.org/catenax/2025/9/policy/context.jsonld"",""https://w3id.org/dspace/2025/1/context.jsonld"""
e0505a8d-8de4-4a3e-b7c0-16cbfb16690b,PROVIDER,1000,DigitalTwinRegistryId@BPNL00000003AYRE,83673ffd-c48c-429a-b6c6-7e8dac70b874,b9750378-611c-41b0-bf6c-5af44e2a15fa,1791400546982,1791400575095,1791400575095,1,
e35e5ed7-b13b-4fa7-a5cf-2c2665bfde55,PROVIDER,1000,DigitalTwinRegistryId@BPNL00000003AYRE,83673ffd-c48c-429a-b6c6-7e8dac70b874,d17aacf2-6333-4db2-bdef-61bdedbb388a,1791400547434,1791400576534,1791400576534,1,
4c74ed47-d5e2-40eb-b796-b08739d4104e,PROVIDER,1000,DigitalTwinRegistryId@BPNL00000003AYRE,83673ffd-c48c-429a-b6c6-7e8dac70b874,aeb95209-1bb3-469d-9954-19f6ef2b5181,1791400548243,1791400636612,1791400636612,1,
040ea89f-18d2-4efa-87b5-1b243a5631b5,PROVIDER,1000,DigitalTwinRegistryId@BPNL00000003AYRE,83673ffd-c48c-429a-b6c6-7e8dac70b874,d310386b-c35e-4275-869c-fec3ed1c33f0,1791400548905,1791400575105,1791400575105,1,
bd113f43-86cd-4ab6-ae5b-f346eaa12ebf,PROVIDER,1000,DigitalTwinRegistryId@BPNL00000003AYRE,83673ffd-c48c-429a-b6c6-7e8dac70b874,366496e3-300b-4228-9cfe-f1f5dcece74a,1791400550074,1791400576546,1791400576546,1,
5b9c0a37-02f6-4ba6-8020-230aa2f82a3e,PROVIDER,1000,DigitalTwinRegistryId@BPNL00000003AYRE,83673ffd-c48c-429a-b6c6-7e8dac70b874,b996f38e-9a6e-415d-9992-e85739fda59d,1791400551537,1791400578922,1791400578922,1,
82d185c1-7a15-4089-ba64-e88df7783525,PROVIDER,1000,itemstocksubmodel-api-asset@BPNL00000003AYRE,0ef26eaf-3d7c-479a-9a01-d5fa6d5cdd8e,9950781d-c28d-44e8-a15d-e42b297b4d3d,1791400551832,1791400578934,1791400578934,1,
9a0fdb5d-0328-4c1e-a3af-311f9de35312,PROVIDER,1000,itemstocksubmodel-api-asset@BPNL00000003AYRE,0ef26eaf-3d7c-479a-9a01-d5fa6d5cdd8e,5651c435-642e-42fe-a72e-4b51645ea012,1791400553934,1791400560444,1791400560444,1,"{""@type"":""TransferError"",""code"":""409"",""reason"":[""Entity 5651c435-642e-42fe-a72e-4b51645ea012 of kind edc_transfer_process is currently leased!""],""@context"":[""https://w3id.org/tractusx/auth/v1.0.0"",""https://w3id.org/catenax/2025/9/policy/context.jsonld"",""https://w3id.org/dspace/2025/1/context.jsonld"""
23ec610c-cb64-4b50-b131-4fc1d0fa85ff,PROVIDER,1000,DigitalTwinRegistryId@BPNL00000003AYRE,83673ffd-c48c-429a-b6c6-7e8dac70b874,bd2d0279-361e-40df-b3b4-f8be6e655e50,1791400554082,1791400580050,1791400580050,1,
cbb3c151-1016-4abf-881f-fd86a32d02b0,PROVIDER,1000,DigitalTwinRegistryId@BPNL00000003AYRE,83673ffd-c48c-429a-b6c6-7e8dac70b874,83d971c4-52b1-4ad5-abb0-776b0b864670,1791400556725,1791400638935,1791400638935,1,
209a441c-36a0-42f2-9b64-749d8f1cb54e,PROVIDER,1000,DigitalTwinRegistryId@BPNL00000003AYRE,83673ffd-c48c-429a-b6c6-7e8dac70b874,c180d7e6-4965-48e5-86b7-200b6179d707,1791400557084,1791400640151,1791400640151,1,
82318025-8112-4532-9b08-c909366d6fee,PROVIDER,1000,itemstocksubmodel-api-asset@BPNL00000003AYRE,0ef26eaf-3d7c-479a-9a01-d5fa6d5cdd8e,6e995d6a-4fac-426a-b6bc-cf83372685d1,1791400612880,1791400660983,1791400660983,1,
ba5e8bae-a525-4812-9756-f78cf126d217,PROVIDER,1000,DigitalTwinRegistryId@BPNL00000003AYRE,83673ffd-c48c-429a-b6c6-7e8dac70b874,40ae9450-493e-4e63-8ed8-e33715a31181,1791400614430,1791400662660,1791400662660,1,
3c1d21af-384b-4602-b9ba-af5f5980edde,PROVIDER,1000,itemstocksubmodel-api-asset@BPNL00000003AYRE,0ef26eaf-3d7c-479a-9a01-d5fa6d5cdd8e,f29292c8-85b1-4e6c-8d1a-ea92dcbe2024,1791400614982,1791400739539,1791400739539,1,
171c1a52-0536-4f05-bb97-aab3ca09530e,PROVIDER,1000,itemstocksubmodel-api-asset@BPNL00000003AYRE,0ef26eaf-3d7c-479a-9a01-d5fa6d5cdd8e,9aef64e8-eae5-48f0-868e-f0d790615d48,1791400615379,1791400662674,1791400662674,1,
c9c6f588-4e12-4725-8e33-4392cb3c612b,PROVIDER,600,itemstocksubmodel-api-asset@BPNL00000003AYRE,0ef26eaf-3d7c-479a-9a01-d5fa6d5cdd8e,8e67a9a9-cc0a-4559-957a-71c3279db387,1791400615943,1791400618006,1791400618006,1,
ba273c43-cfcc-4e81-bae2-39e965178b42,PROVIDER,1000,DigitalTwinRegistryId@BPNL00000003AYRE,83673ffd-c48c-429a-b6c6-7e8dac70b874,1ce5add7-bc19-4512-87a5-a310fe33d075,1791400616986,1791400665181,1791400665181,1,
8855377e-c689-4143-992c-56f0d2fd094d,PROVIDER,1000,DigitalTwinRegistryId@BPNL00000003AYRE,83673ffd-c48c-429a-b6c6-7e8dac70b874,82fb6deb-5c8e-4fb7-ae57-76e86e7863cd,1791400617243,1791400663936,1791400663936,1,
1ff5bbb2-6f13-44e2-affd-3bf45347b5b5,PROVIDER,1000,DigitalTwinRegistryId@BPNL00000003AYRE,83673ffd-c48c-429a-b6c6-7e8dac70b874,16231ef5-ea52-4aaa-a0fe-b2a9f7c8f970,1791400618208,1791400739548,1791400739548,1,
a0a7104f-4390-4881-9b9a-da779dbbecf9,PROVIDER,850,DigitalTwinRegistryId@BPNL00000003AYRE,83673ffd-c48c-429a-b6c6-7e8dac70b874,4c804268-69b3-4b84-966e-6851b7f6db28,1791400620623,1791400627077,1791400627077,1,"{""@type"":""TransferError"",""code"":""409"",""reason"":[""Entity 4c804268-69b3-4b84-966e-6851b7f6db28 of kind edc_transfer_process is currently leased!""],""@context"":[""https://w3id.org/tractusx/auth/v1.0.0"",""https://w3id.org/catenax/2025/9/policy/context.jsonld"",""https://w3id.org/dspace/2025/1/context.jsonld"""
b4e2f968-5869-455f-88f3-ee2678574e8b,PROVIDER,1000,DigitalTwinRegistryId@BPNL00000003AYRE,83673ffd-c48c-429a-b6c6-7e8dac70b874,2cc6359e-8459-4a92-81ed-f43451b4f345,1791400624583,1791400745042,1791400745042,1,
35eebd09-c3db-4d62-b384-0277b7bab678,PROVIDER,1000,DigitalTwinRegistryId@BPNL00000003AYRE,83673ffd-c48c-429a-b6c6-7e8dac70b874,b3318a39-7a6e-4cb9-9f3d-a961921138a3,1791400627811,1791400748620,1791400748620,1,
c8304e25-5867-4d5f-a2cf-f0f9e36164a2,PROVIDER,1000,DigitalTwinRegistryId@BPNL00000003AYRE,83673ffd-c48c-429a-b6c6-7e8dac70b874,0f47dd15-a82c-46f7-90f8-fa935c434740,1791400628084,1791400748645,1791400748645,1,
d34e8ac3-2194-4d8d-8ed8-645c29d9c9ac,PROVIDER,1000,DigitalTwinRegistryId@BPNL00000003AYRE,83673ffd-c48c-429a-b6c6-7e8dac70b874,f4204fca-9b6d-4dbb-8273-604ccccdb84f,1791400629327,1791400636574,1791400636574,1,"{""@type"":""TransferError"",""code"":""409"",""reason"":[""Entity f4204fca-9b6d-4dbb-8273-604ccccdb84f of kind edc_transfer_process is currently leased!""],""@context"":[""https://w3id.org/tractusx/auth/v1.0.0"",""https://w3id.org/catenax/2025/9/policy/context.jsonld"",""https://w3id.org/dspace/2025/1/context.jsonld"""
08a44dee-15a3-4260-8e9a-eab350895281,PROVIDER,1000,DigitalTwinRegistryId@BPNL00000003AYRE,83673ffd-c48c-429a-b6c6-7e8dac70b874,32d97a3b-9d5d-4a17-89c5-4313a879d1b8,1791400630283,1791400750045,1791400750045,1,
a61967ed-87ce-4a8a-ba44-d098a08fb78f,PROVIDER,1000,DigitalTwinRegistryId@BPNL00000003AYRE,83673ffd-c48c-429a-b6c6-7e8dac70b874,96f13fe4-6887-439b-916d-2ed18398fd7e,1791400630981,1791400748734,1791400748734,1,
042980e9-f122-483b-9b00-b3a7787e2961,PROVIDER,1000,DigitalTwinRegistryId@BPNL00000003AYRE,83673ffd-c48c-429a-b6c6-7e8dac70b874,0cefbbe6-bdbb-4bd6-af51-11efa89c66ca,1791400631586,1791400751733,1791400751733,1,
4577d741-8d8a-43b0-808c-7a52d6e7f1e0,PROVIDER,1000,DigitalTwinRegistryId@BPNL00000003AYRE,83673ffd-c48c-429a-b6c6-7e8dac70b874,9481df25-1508-4d3f-a96a-a93d8c0c6b81,1791400631811,1791400751483,1791400751483,1,
7ca87dd3-72a7-42fd-ae4b-9c496789e091,PROVIDER,1000,DigitalTwinRegistryId@BPNL00000003AYRE,83673ffd-c48c-429a-b6c6-7e8dac70b874,e2af7f09-83d6-4cf9-916f-4ba2938b272b,1791400711880,1791400758679,1791400758679,1,
1d8fc2c7-ed79-4fde-a88f-76e2e713f036,PROVIDER,1000,DigitalTwinRegistryId@BPNL00000003AYRE,83673ffd-c48c-429a-b6c6-7e8dac70b874,2d178d16-dfce-4776-9ff6-204f36be6e6d,1791400712311,1791400758750,1791400758750,1,
df177c61-633b-42c9-9369-1529d1fcb175,PROVIDER,1000,DigitalTwinRegistryId@BPNL00000003AYRE,83673ffd-c48c-429a-b6c6-7e8dac70b874,de7fcc7a-47e1-48db-a547-cbae9ea3f1b8,1791400713450,1791400758767,1791400758767,1,
6e108029-0a01-42c0-97b3-8616f3505fff,PROVIDER,1000,DigitalTwinRegistryId@BPNL00000003AYRE,83673ffd-c48c-429a-b6c6-7e8dac70b874,c133e4c5-db84-4eba-9aff-6f2528a2bcd0,1791400714683,1791400760343,1791400760343,1,
bfa64350-d8cd-4310-9748-65c54b3722a9,PROVIDER,1000,DigitalTwinRegistryId@BPNL00000003AYRE,83673ffd-c48c-429a-b6c6-7e8dac70b874,f048ae23-9949-4590-81f5-94a773aee4e1,1791400715187,1791400760303,1791400760303,1,
71989072-9f3c-49dd-9929-119f3e7c2da0,PROVIDER,1000,DigitalTwinRegistryId@BPNL00000003AYRE,83673ffd-c48c-429a-b6c6-7e8dac70b874,50eee9bc-16af-4d47-a005-a09eb1b78013,1791400715803,1791400758843,1791400758843,1,
bc05fdf3-d4f9-4b6c-875c-e332b3bff548,PROVIDER,1000,DigitalTwinRegistryId@BPNL00000003AYRE,83673ffd-c48c-429a-b6c6-7e8dac70b874,3f7df7dd-ffe6-41ad-825a-40081bcfd5f4,1791400716812,1791400811244,1791400811244,1,
535e0956-3110-471c-96c0-485a435a1e8b,PROVIDER,1000,DigitalTwinRegistryId@BPNL00000003AYRE,83673ffd-c48c-429a-b6c6-7e8dac70b874,4af2839f-0c50-4928-a2e6-12bd844423d3,1791400718635,1791400811305,1791400811305,1,
fc4520b9-8e17-4cb1-8ad1-7fa6f6f030bc,PROVIDER,1000,DigitalTwinRegistryId@BPNL00000003AYRE,83673ffd-c48c-429a-b6c6-7e8dac70b874,1629c1ac-8a3b-448d-b0cc-96b3e6bbb3f3,1791400719184,1791400807534,1791400807534,1,
1ab7e1ef-ec8f-4eb5-8e3a-ef4f7d48aacd,PROVIDER,1000,DigitalTwinRegistryId@BPNL00000003AYRE,83673ffd-c48c-429a-b6c6-7e8dac70b874,2c509e1f-302d-407a-844a-9d3874deea2b,1791400719691,1791400811344,1791400811344,1,
5adce3cc-56a0-4da0-9e0f-08b3c76215e4,PROVIDER,1000,DigitalTwinRegistryId@BPNL00000003AYRE,83673ffd-c48c-429a-b6c6-7e8dac70b874,185f02e7-ee82-47f4-b38e-66164a460783,1791400720946,1791400813511,1791400813511,1,
16f0717b-ae00-4d81-9e60-68432350cf84,PROVIDER,1000,DigitalTwinRegistryId@BPNL00000003AYRE,83673ffd-c48c-429a-b6c6-7e8dac70b874,da926580-fec7-42ff-bbc1-227020a4bebf,1791400722076,1791400813544,1791400813544,1,
0bdc6c1d-2356-4662-8d8a-ff957ab2e2ae,PROVIDER,1000,DigitalTwinRegistryId@BPNL00000003AYRE,83673ffd-c48c-429a-b6c6-7e8dac70b874,984bdabb-c4dd-421d-ab62-88e431aac482,1791400723683,1791400813523,1791400813523,1,
abeb7ab9-736b-4134-a62d-ad9a0dcdb991,PROVIDER,1000,DigitalTwinRegistryId@BPNL00000003AYRE,83673ffd-c48c-429a-b6c6-7e8dac70b874,185942bd-b3a9-497b-8f75-28637eb67e97,1791400724779,1791400813648,1791400813648,1,
ada173dd-47ff-4553-8fc1-a0df1629f00f,PROVIDER,1000,DigitalTwinRegistryId@BPNL00000003AYRE,83673ffd-c48c-429a-b6c6-7e8dac70b874,6641c37a-7401-4564-8de7-ef80a1800a5f,1791400725712,1791400813633,1791400813633,1,
764bd045-d9eb-46f0-874c-234ae8e7bdd7,PROVIDER,1000,DigitalTwinRegistryId@BPNL00000003AYRE,83673ffd-c48c-429a-b6c6-7e8dac70b874,261aee3a-f074-436b-9531-2d2c185a6ad3,1791400728242,1791400815142,1791400815142,1,
8950cfa1-1856-41d4-8623-4b4a3607d1cd,PROVIDER,1000,DigitalTwinRegistryId@BPNL00000003AYRE,83673ffd-c48c-429a-b6c6-7e8dac70b874,f13951cf-7423-44f7-92a8-2519bb038ff1,1791400729420,1791400815204,1791400815204,1,
4ff1395e-46c1-47fd-9ea2-45caf0c5172b,PROVIDER,1000,DigitalTwinRegistryId@BPNL00000003AYRE,83673ffd-c48c-429a-b6c6-7e8dac70b874,1d167e34-62ca-4009-ac3d-30cd81bdf347,1791400730306,1791400815267,1791400815267,1,
4003f344-c657-497e-b8b6-0d389658dd6c,PROVIDER,1000,DigitalTwinRegistryId@BPNL00000003AYRE,83673ffd-c48c-429a-b6c6-7e8dac70b874,795d9d4f-9dc6-42e0-bbdb-bcbb55a581d9,1791400731820,1791400815245,1791400815245,1,
e46e2b86-76c3-4da3-83a0-85b272c92eab,PROVIDER,1000,DigitalTwinRegistryId@BPNL00000003AYRE,83673ffd-c48c-429a-b6c6-7e8dac70b874,6f60f7a1-4e9c-4aaa-8110-b88e65811646,1791400733547,1791400816913,1791400816913,1,
d0d553ce-403b-4b0e-8a11-6ffb966f1678,PROVIDER,1000,DigitalTwinRegistryId@BPNL00000003AYRE,83673ffd-c48c-429a-b6c6-7e8dac70b874,b9ba31e1-23e4-40d4-a247-8e3b064f9e55,1791400789682,1791400816136,1791400816136,1,
d871fbfc-88d9-4b61-bb41-d34fcf5a4502,PROVIDER,1000,itemstocksubmodel-api-asset@BPNL00000003AYRE,0ef26eaf-3d7c-479a-9a01-d5fa6d5cdd8e,09070592-e5b6-401e-aa60-9c4611b25be2,1791400791379,1791400818934,1791400818934,1,
94e168f9-aaf2-4946-82fc-8634b1d3382a,PROVIDER,600,itemstocksubmodel-api-asset@BPNL00000003AYRE,0ef26eaf-3d7c-479a-9a01-d5fa6d5cdd8e,8244177a-ffc2-40b2-847a-c95301878191,1791400791787,1791400794057,1791400794057,1,
ebb6f48a-c184-410c-b9be-502c09e2ce47,PROVIDER,1000,itemstocksubmodel-api-asset@BPNL00000003AYRE,0ef26eaf-3d7c-479a-9a01-d5fa6d5cdd8e,962f579d-baab-4aac-b4d2-010a01787532,1791400792581,1791400820044,1791400820044,1,
273fd3c3-4daf-4858-96e7-f111daa0e5a2,PROVIDER,1000,itemstocksubmodel-api-asset@BPNL00000003AYRE,0ef26eaf-3d7c-479a-9a01-d5fa6d5cdd8e,cfba0459-a4cf-402f-b57a-e1e73932d9c7,1791400793377,1791400818949,1791400818949,1,
30d4aeb7-3b16-4ab0-a843-5106f9c43ff9,PROVIDER,1000,itemstocksubmodel-api-asset@BPNL00000003AYRE,0ef26eaf-3d7c-479a-9a01-d5fa6d5cdd8e,b3666a25-373e-47ff-8b83-16cf6b021e58,1791400794311,1791400862812,1791400862812,1,
9bc45518-5fa3-4866-8ff5-2e4c5372ae50,PROVIDER,1000,itemstocksubmodel-api-asset@BPNL00000003AYRE,0ef26eaf-3d7c-479a-9a01-d5fa6d5cdd8e,936eb5ca-3f90-4529-bc10-2e1c88eb0802,1791400794381,1791400819007,1791400819007,1,
656619a2-112e-4c1d-9d0e-aadc83f1a4a6,PROVIDER,1000,itemstocksubmodel-api-asset@BPNL00000003AYRE,0ef26eaf-3d7c-479a-9a01-d5fa6d5cdd8e,5842cc28-5269-4cf8-a623-426fbb687a42,1791400794783,1791400821354,1791400821354,1,
dad67907-b549-4a27-84b6-233c7fe46061,PROVIDER,1000,DigitalTwinRegistryId@BPNL00000003AYRE,83673ffd-c48c-429a-b6c6-7e8dac70b874,ba0391b3-0591-436e-ac53-0311a75a1446,1791400795741,1791400801425,1791400801425,1,"{""@type"":""TransferError"",""code"":""409"",""reason"":[""Entity ba0391b3-0591-436e-ac53-0311a75a1446 of kind edc_transfer_process is currently leased!""],""@context"":[""https://w3id.org/tractusx/auth/v1.0.0"",""https://w3id.org/catenax/2025/9/policy/context.jsonld"",""https://w3id.org/dspace/2025/1/context.jsonld"""
d232dec7-b2c2-4212-9251-f3ee86b7730e,PROVIDER,1000,DigitalTwinRegistryId@BPNL00000003AYRE,83673ffd-c48c-429a-b6c6-7e8dac70b874,a168d16b-4437-42b9-9cc0-c2bc0240e01a,1791400796747,1791400864312,1791400864312,1,
05ab335b-56b4-44c3-8c0c-d53113b04615,PROVIDER,600,DigitalTwinRegistryId@BPNL00000003AYRE,83673ffd-c48c-429a-b6c6-7e8dac70b874,e97f402a-e914-4966-8729-842865192696,1791400797535,1791400800957,1791400800957,1,
d62ecdbd-e7df-4e90-8181-d82df144d6c6,PROVIDER,840,DigitalTwinRegistryId@BPNL00000003AYRE,83673ffd-c48c-429a-b6c6-7e8dac70b874,2bfea450-e13a-4e9e-99dd-c90444ef6f24,1791400798404,1791400864585,1791400864585,1,
0e46285c-cae9-4b3d-8d83-6a30604e7fa2,PROVIDER,600,DigitalTwinRegistryId@BPNL00000003AYRE,83673ffd-c48c-429a-b6c6-7e8dac70b874,d64ff0e2-f83b-470b-a53a-bd7c49c64c98,1791400799443,1791400802256,1791400802256,1,
ed30165b-f776-4aaf-9e9f-70732e01e724,PROVIDER,900,DigitalTwinRegistryId@BPNL00000003AYRE,83673ffd-c48c-429a-b6c6-7e8dac70b874,26367092-b627-44cd-a669-e9e9cf5c84b6,1791400799726,1791400864262,1791400864262,1,
edeb2582-c630-4d67-92a3-4a5da2ea9e35,PROVIDER,600,DigitalTwinRegistryId@BPNL00000003AYRE,83673ffd-c48c-429a-b6c6-7e8dac70b874,2ccf205f-184a-4d18-bdb8-8a359f2ce143,1791400800205,1791400803044,1791400803044,1,
93544e9e-b820-462e-aa19-cebeeddb3e53,PROVIDER,600,DigitalTwinRegistryId@BPNL00000003AYRE,83673ffd-c48c-429a-b6c6-7e8dac70b874,f1ff7a5a-c4d5-45dc-a1cb-53e1f533a794,1791400801337,1791400803053,1791400803053,1,
0602f38a-8b9b-4d82-9d9d-1c27f77ef8a8,PROVIDER,600,DigitalTwinRegistryId@BPNL00000003AYRE,83673ffd-c48c-429a-b6c6-7e8dac70b874,541673d4-49b6-4de4-81c4-dac86920bb66,1791400802885,1791400805384,1791400805384,1,
be735f2e-c8ee-4131-ba4e-52c9d4885661,PROVIDER,600,DigitalTwinRegistryId@BPNL00000003AYRE,83673ffd-c48c-429a-b6c6-7e8dac70b874,f2a4639e-5856-4f10-86f6-3e52ced7417c,1791400803309,1791400806406,1791400806406,1,
cf232f3d-7f06-4be4-958e-35c5991cd17e,PROVIDER,600,DigitalTwinRegistryId@BPNL00000003AYRE,83673ffd-c48c-429a-b6c6-7e8dac70b874,65df3507-986c-494b-a5ac-bce5d0241cb7,1791400803477,1791400806362,1791400806362,1,
bc466c9b-2ad2-4ce3-b6f4-6e157ae4f7ff,PROVIDER,600,DigitalTwinRegistryId@BPNL00000003AYRE,83673ffd-c48c-429a-b6c6-7e8dac70b874,25a0b4cb-dd63-4c4e-80d7-71bd29eec7ef,1791400803781,1791400806659,1791400806659,1,
6313719e-0e63-4e81-8ca6-77a4597e4364,PROVIDER,600,DigitalTwinRegistryId@BPNL00000003AYRE,83673ffd-c48c-429a-b6c6-7e8dac70b874,42216499-6d50-428d-95cd-d46f5ca9cf0c,1791400841781,1791400843357,1791400843357,1,
436de4c0-3f2b-47fc-9adf-70a2d69bcad6,PROVIDER,600,DigitalTwinRegistryId@BPNL00000003AYRE,83673ffd-c48c-429a-b6c6-7e8dac70b874,62432d60-68fa-433e-815b-cafc72e75964,1791400843525,1791400845080,1791400845080,1,
19303cfe-76cc-4697-8521-c7f795f38f96,PROVIDER,600,DigitalTwinRegistryId@BPNL00000003AYRE,83673ffd-c48c-429a-b6c6-7e8dac70b874,60875871-b323-4524-b2b2-a3e9c82d418e,1791400844377,1791400846505,1791400846505,1,
44644e0e-d761-4bdc-8af9-fc24735dfb65,PROVIDER,600,DigitalTwinRegistryId@BPNL00000003AYRE,83673ffd-c48c-429a-b6c6-7e8dac70b874,90d87867-0a07-4c35-9e3c-a51084fd9bed,1791400844518,1791400846556,1791400846556,1,
497d830d-c8e1-4304-8619-65597308ddd6,PROVIDER,600,DigitalTwinRegistryId@BPNL00000003AYRE,83673ffd-c48c-429a-b6c6-7e8dac70b874,1964ca52-78fa-492c-9e88-cff287b8756a,1791400845534,1791400848969,1791400848969,1,
50eac645-5b43-464b-83c7-89c80719a133,PROVIDER,600,DigitalTwinRegistryId@BPNL00000003AYRE,83673ffd-c48c-429a-b6c6-7e8dac70b874,308909ef-e34a-4a94-8e01-8eebba176de7,1791400845940,1791400849106,1791400849106,1,
3db50ee7-18e6-4ebb-9966-90d8fb36e97a,PROVIDER,600,DigitalTwinRegistryId@BPNL00000003AYRE,83673ffd-c48c-429a-b6c6-7e8dac70b874,a10d09e2-6f79-4e01-9753-f18fdb3ef011,1791400846134,1791400849158,1791400849158,1,
d013e823-d2ef-47e0-81ca-cea8964474e9,PROVIDER,600,DigitalTwinRegistryId@BPNL00000003AYRE,83673ffd-c48c-429a-b6c6-7e8dac70b874,dabb950a-d829-4813-a4ac-d7ced41ae7eb,1791400847504,1791400849796,1791400849796,1,
5fd8091d-73cf-43d9-a938-70425816f70d,PROVIDER,600,DigitalTwinRegistryId@BPNL00000003AYRE,83673ffd-c48c-429a-b6c6-7e8dac70b874,25188190-3cba-4b93-9865-133eefc1a05f,1791400848443,1791400851256,1791400851256,1,
ca8d1c19-d8ae-4998-9f00-3d2c84cdef23,PROVIDER,600,DigitalTwinRegistryId@BPNL00000003AYRE,83673ffd-c48c-429a-b6c6-7e8dac70b874,58cf56c6-c950-47a7-83a4-fa952c4f1015,1791400849377,1791400851057,1791400851057,1,
b600913c-69e8-4f08-9f2e-391ca501658a,PROVIDER,600,DigitalTwinRegistryId@BPNL00000003AYRE,83673ffd-c48c-429a-b6c6-7e8dac70b874,0571f82c-b874-477b-9224-fe656ac4df8e,1791400850158,1791400852907,1791400852907,1,
b503a225-719c-4ed1-a686-660397d16944,PROVIDER,600,DigitalTwinRegistryId@BPNL00000003AYRE,83673ffd-c48c-429a-b6c6-7e8dac70b874,877e7317-8fef-4593-9d8e-de6f5fdd99ee,1791400850665,1791400854366,1791400854366,1,
744f993a-14b5-4297-a9e4-9449c4be0681,PROVIDER,600,DigitalTwinRegistryId@BPNL00000003AYRE,83673ffd-c48c-429a-b6c6-7e8dac70b874,d5ea9bc4-f1bc-49e1-bd08-b5145397f43a,1791400853171,1791400857357,1791400857357,1,
e10f2d4a-f3e8-4623-a581-3c70cefe222c,PROVIDER,600,DigitalTwinRegistryId@BPNL00000003AYRE,36224e7e-0a55-491f-ad4d-ca92369eb429,79abde0b-0266-4859-aa9a-f093b4fe17e4,1791400853852,1791400857007,1791400857007,1,
09f8697d-df18-4805-bedd-650015f496a6,PROVIDER,600,DigitalTwinRegistryId@BPNL00000003AYRE,f271428f-7940-46ab-8928-e23103290ccb,b59f4fa8-c8b6-4954-9a38-82101005cab1,1791400854849,1791400858707,1791400858707,1,
ae510846-5d94-4553-8692-39e4dc5e145a,PROVIDER,600,DigitalTwinRegistryId@BPNL00000003AYRE,f271428f-7940-46ab-8928-e23103290ccb,34f17c41-b017-45b7-b99c-b6448d1ac6a9,1791400856219,1791400858957,1791400858957,1,
b1200c1f-134f-4bb3-b506-95a928c06bd3,PROVIDER,600,DigitalTwinRegistryId@BPNL00000003AYRE,f271428f-7940-46ab-8928-e23103290ccb,0edfa784-de75-43ea-b106-e4b39d41e495,1791400857813,1791400860163,1791400860163,1,
a441f416-4209-4754-8658-20b456b549fc,PROVIDER,600,DigitalTwinRegistryId@BPNL00000003AYRE,f271428f-7940-46ab-8928-e23103290ccb,0805cbba-29d5-4674-8f3f-25a4ddf45b5d,1791400858104,1791400860606,1791400860606,1,
e55114b7-b031-47cf-b262-368703cffad8,PROVIDER,600,DigitalTwinRegistryId@BPNL00000003AYRE,f271428f-7940-46ab-8928-e23103290ccb,f49f49a6-8e5b-41b2-bfdf-f9e3defa4979,1791400858437,1791400862057,1791400862057,1,
269ba084-50da-4f7c-a6fd-45e159f2c2a8,PROVIDER,600,DigitalTwinRegistryId@BPNL00000003AYRE,f271428f-7940-46ab-8928-e23103290ccb,c6baa508-2753-4dcf-8ba6-d850f4f63c67,1791400860248,1791400863559,1791400863559,1,
