timestamp_ns	pod	line
1791334870393411071	puris-backend-6f46958fb-ftcbt	2026-10-07T01:01:10.393Z  INFO 1 --- [pool-2-thread-5] e.t.p.b.s.l.s.ItemStockRequestApiService : Updated ReportedMaterialItemStocks for MNR-7307-AU340474.002 and partner BPNL00000003AYRE
1791334880007154882	puris-backend-6f46958fb-ftcbt	2026-10-07T01:01:20.006Z  INFO 1 --- [pool-2-thread-5] e.t.p.b.s.l.s.ItemStockRequestApiService : Updated ReportedMaterialItemStocks for MNR-7307-AU340474.002 and partner BPNL00000003AYRE
1791334887602333399	puris-backend-6f46958fb-ftcbt	2026-10-07T01:01:27.600Z  INFO 1 --- [pool-2-thread-5] e.t.p.b.s.l.s.ItemStockRequestApiService : Updated ReportedMaterialItemStocks for MNR-7307-AU340474.002 and partner BPNL00000003AYRE
1791334898135886757	puris-backend-6f46958fb-ftcbt	2026-10-07T01:01:38.135Z  INFO 1 --- [pool-2-thread-5] e.t.p.b.s.l.s.ItemStockRequestApiService : Updated ReportedMaterialItemStocks for MNR-7307-AU340474.002 and partner BPNL00000003AYRE
1791334909969696085	puris-backend-6f46958fb-ftcbt	2026-10-07T01:01:49.969Z  INFO 1 --- [pool-2-thread-5] e.t.p.b.s.l.s.ItemStockRequestApiService : Updated ReportedMaterialItemStocks for MNR-7307-AU340474.002 and partner BPNL00000003AYRE
1791334917981613096	puris-backend-6f46958fb-ftcbt	2026-10-07T01:01:57.980Z  INFO 1 --- [pool-2-thread-5] e.t.p.b.s.l.s.ItemStockRequestApiService : Updated ReportedMaterialItemStocks for MNR-7307-AU340474.002 and partner BPNL00000003AYRE
1791334929800375252	puris-backend-6f46958fb-ftcbt	2026-10-07T01:02:09.800Z  INFO 1 --- [pool-2-thread-5] e.t.p.b.s.l.s.ItemStockRequestApiService : Updated ReportedMaterialItemStocks for MNR-7307-AU340474.002 and partner BPNL00000003AYRE
1791334938444694977	puris-backend-6f46958fb-ftcbt	2026-10-07T01:02:18.444Z  INFO 1 --- [pool-2-thread-5] e.t.p.b.s.l.s.ItemStockRequestApiService : Updated ReportedMaterialItemStocks for MNR-7307-AU340474.002 and partner BPNL00000003AYRE
1791334948758117599	puris-backend-6f46958fb-ftcbt	2026-10-07T01:02:28.757Z  INFO 1 --- [pool-2-thread-5] e.t.p.b.s.l.s.ItemStockRequestApiService : Updated ReportedMaterialItemStocks for MNR-7307-AU340474.002 and partner BPNL00000003AYRE
1791334958354023920	puris-backend-6f46958fb-ftcbt	2026-10-07T01:02:38.353Z  INFO 1 --- [pool-2-thread-5] e.t.p.b.s.l.s.ItemStockRequestApiService : Updated ReportedMaterialItemStocks for MNR-7307-AU340474.002 and partner BPNL00000003AYRE
1791334968790423642	puris-backend-6f46958fb-ftcbt	2026-10-07T01:02:48.790Z  INFO 1 --- [pool-2-thread-5] e.t.p.b.s.l.s.ItemStockRequestApiService : Updated ReportedMaterialItemStocks for MNR-7307-AU340474.002 and partner BPNL00000003AYRE
1791334978323873402	puris-backend-6f46958fb-ftcbt	2026-10-07T01:02:58.323Z  INFO 1 --- [pool-2-thread-5] e.t.p.b.s.l.s.ItemStockRequestApiService : Updated ReportedMaterialItemStocks for MNR-7307-AU340474.002 and partner BPNL00000003AYRE
1791334988855929553	puris-backend-6f46958fb-ftcbt	2026-10-07T01:03:08.855Z  INFO 1 --- [pool-2-thread-5] e.t.p.b.s.l.s.ItemStockRequestApiService : Updated ReportedMaterialItemStocks for MNR-7307-AU340474.002 and partner BPNL00000003AYRE
1791334999419986926	puris-backend-6f46958fb-ftcbt	2026-10-07T01:03:19.419Z  INFO 1 --- [pool-2-thread-5] e.t.p.b.s.l.s.ItemStockRequestApiService : Updated ReportedMaterialItemStocks for MNR-7307-AU340474.002 and partner BPNL00000003AYRE
1791335009873551293	puris-backend-6f46958fb-ftcbt	2026-10-07T01:03:29.873Z  INFO 1 --- [pool-2-thread-5] e.t.p.b.s.l.s.ItemStockRequestApiService : Updated ReportedMaterialItemStocks for MNR-7307-AU340474.002 and partner BPNL00000003AYRE
1791335018568887051	puris-backend-6f46958fb-ftcbt	2026-10-07T01:03:38.568Z  INFO 1 --- [pool-2-thread-5] e.t.p.b.s.l.s.ItemStockRequestApiService : Updated ReportedMaterialItemStocks for MNR-7307-AU340474.002 and partner BPNL00000003AYRE
1791335029172033758	puris-backend-6f46958fb-ftcbt	2026-10-07T01:03:49.171Z  INFO 1 --- [pool-2-thread-5] e.t.p.b.s.l.s.ItemStockRequestApiService : Updated ReportedMaterialItemStocks for MNR-7307-AU340474.002 and partner BPNL00000003AYRE
1791335039855349919	puris-backend-6f46958fb-ftcbt	2026-10-07T01:03:59.855Z  INFO 1 --- [pool-2-thread-5] e.t.p.b.s.l.s.ItemStockRequestApiService : Updated ReportedMaterialItemStocks for MNR-7307-AU340474.002 and partner BPNL00000003AYRE
1791335049475182185	puris-backend-6f46958fb-ftcbt	2026-10-07T01:04:09.474Z  INFO 1 --- [pool-2-thread-6] e.t.p.b.s.l.s.ItemStockRequestApiService : Updated ReportedMaterialItemStocks for MNR-7307-AU340474.002 and partner BPNL00000003AYRE
1791335055203176532	puris-backend-6f46958fb-ftcbt	2026-10-07T01:04:15.202Z  INFO 1 --- [pool-2-thread-6] e.t.p.b.s.l.s.ItemStockRequestApiService : Updated ReportedMaterialItemStocks for MNR-7307-AU340474.002 and partner BPNL00000003AYRE
1791335057805701222	puris-backend-6f46958fb-ftcbt	2026-10-07T01:04:17.805Z  INFO 1 --- [pool-2-thread-6] e.t.p.b.s.l.s.ItemStockRequestApiService : Updated ReportedMaterialItemStocks for MNR-7307-AU340474.002 and partner BPNL00000003AYRE
1791335063386441389	puris-backend-6f46958fb-ftcbt	2026-10-07T01:04:23.386Z  INFO 1 --- [pool-2-thread-6] e.t.p.b.s.l.s.ItemStockRequestApiService : Updated ReportedMaterialItemStocks for MNR-7307-AU340474.002 and partner BPNL00000003AYRE
1791335068760858182	puris-backend-6f46958fb-ftcbt	2026-10-07T01:04:28.760Z  INFO 1 --- [pool-2-thread-6] e.t.p.b.s.l.s.ItemStockRequestApiService : Updated ReportedMaterialItemStocks for MNR-7307-AU340474.002 and partner BPNL00000003AYRE
1791335074283968321	puris-backend-6f46958fb-ftcbt	2026-10-07T01:04:34.283Z  INFO 1 --- [pool-2-thread-6] e.t.p.b.s.l.s.ItemStockRequestApiService : Updated ReportedMaterialItemStocks for MNR-7307-AU340474.002 and partner BPNL00000003AYRE
1791335077832739012	puris-backend-6f46958fb-ftcbt	2026-10-07T01:04:37.832Z  INFO 1 --- [pool-2-thread-6] e.t.p.b.s.l.s.ItemStockRequestApiService : Updated ReportedMaterialItemStocks for MNR-7307-AU340474.002 and partner BPNL00000003AYRE
1791335083349235379	puris-backend-6f46958fb-ftcbt	2026-10-07T01:04:43.349Z  INFO 1 --- [pool-2-thread-6] e.t.p.b.s.l.s.ItemStockRequestApiService : Updated ReportedMaterialItemStocks for MNR-7307-AU340474.002 and partner BPNL00000003AYRE
1791335088847329392	puris-backend-6f46958fb-ftcbt	2026-10-07T01:04:48.847Z  INFO 1 --- [pool-2-thread-6] e.t.p.b.s.l.s.ItemStockRequestApiService : Updated ReportedMaterialItemStocks for MNR-7307-AU340474.002 and partner BPNL00000003AYRE
1791335094273987413	puris-backend-6f46958fb-ftcbt	2026-10-07T01:04:54.273Z  INFO 1 --- [pool-2-thread-6] e.t.p.b.s.l.s.ItemStockRequestApiService : Updated ReportedMaterialItemStocks for MNR-7307-AU340474.002 and partner BPNL00000003AYRE
1791335098258397508	puris-backend-6f46958fb-ftcbt	2026-10-07T01:04:58.258Z  INFO 1 --- [pool-2-thread-6] e.t.p.b.s.l.s.ItemStockRequestApiService : Updated ReportedMaterialItemStocks for MNR-7307-AU340474.002 and partner BPNL00000003AYRE
1791335104777663708	puris-backend-6f46958fb-ftcbt	2026-10-07T01:05:04.777Z  INFO 1 --- [pool-2-thread-6] e.t.p.b.s.l.s.ItemStockRequestApiService : Updated ReportedMaterialItemStocks for MNR-7307-AU340474.002 and partner BPNL00000003AYRE
1791335109160639879	puris-backend-6f46958fb-ftcbt	2026-10-07T01:05:09.160Z  INFO 1 --- [pool-2-thread-6] e.t.p.b.s.l.s.ItemStockRequestApiService : Updated ReportedMaterialItemStocks for MNR-7307-AU340474.002 and partner BPNL00000003AYRE
1791335113662018197	puris-backend-6f46958fb-ftcbt	2026-10-07T01:05:13.661Z  INFO 1 --- [pool-2-thread-6] e.t.p.b.s.l.s.ItemStockRequestApiService : Updated ReportedMaterialItemStocks for MNR-7307-AU340474.002 and partner BPNL00000003AYRE
1791335118062404142	puris-backend-6f46958fb-ftcbt	2026-10-07T01:05:18.062Z  INFO 1 --- [pool-2-thread-6] e.t.p.b.s.l.s.ItemStockRequestApiService : Updated ReportedMaterialItemStocks for MNR-7307-AU340474.002 and partner BPNL00000003AYRE
1791335123487270761	puris-backend-6f46958fb-ftcbt	2026-10-07T01:05:23.486Z  INFO 1 --- [pool-2-thread-6] e.t.p.b.s.l.s.ItemStockRequestApiService : Updated ReportedMaterialItemStocks for MNR-7307-AU340474.002 and partner BPNL00000003AYRE
1791335129079690871	puris-backend-6f46958fb-ftcbt	2026-10-07T01:05:29.079Z  INFO 1 --- [pool-2-thread-6] e.t.p.b.s.l.s.ItemStockRequestApiService : Updated ReportedMaterialItemStocks for MNR-7307-AU340474.002 and partner BPNL00000003AYRE
1791335134579078844	puris-backend-6f46958fb-ftcbt	2026-10-07T01:05:34.578Z  INFO 1 --- [pool-2-thread-6] e.t.p.b.s.l.s.ItemStockRequestApiService : Updated ReportedMaterialItemStocks for MNR-7307-AU340474.002 and partner BPNL00000003AYRE
1791335138229143353	puris-backend-6f46958fb-ftcbt	2026-10-07T01:05:38.228Z  INFO 1 --- [pool-2-thread-6] e.t.p.b.s.l.s.ItemStockRequestApiService : Updated ReportedMaterialItemStocks for MNR-7307-AU340474.002 and partner BPNL00000003AYRE
1791335142706365626	puris-backend-6f46958fb-ftcbt	2026-10-07T01:05:42.706Z  INFO 1 --- [pool-2-thread-6] e.t.p.b.s.l.s.ItemStockRequestApiService : Updated ReportedMaterialItemStocks for MNR-7307-AU340474.002 and partner BPNL00000003AYRE
1791335148236136561	puris-backend-6f46958fb-ftcbt	2026-10-07T01:05:48.235Z  INFO 1 --- [pool-2-thread-6] e.t.p.b.s.l.s.ItemStockRequestApiService : Updated ReportedMaterialItemStocks for MNR-7307-AU340474.002 and partner BPNL00000003AYRE
1791335153730039517	puris-backend-6f46958fb-ftcbt	2026-10-07T01:05:53.729Z  INFO 1 --- [pool-2-thread-6] e.t.p.b.s.l.s.ItemStockRequestApiService : Updated ReportedMaterialItemStocks for MNR-7307-AU340474.002 and partner BPNL00000003AYRE
1791335159319648630	puris-backend-6f46958fb-ftcbt	2026-10-07T01:05:59.312Z  INFO 1 --- [pool-2-thread-6] e.t.p.b.s.l.s.ItemStockRequestApiService : Updated ReportedMaterialItemStocks for MNR-7307-AU340474.002 and partner BPNL00000003AYRE
1791335162902537635	puris-backend-6f46958fb-ftcbt	2026-10-07T01:06:02.902Z  INFO 1 --- [pool-2-thread-6] e.t.p.b.s.l.s.ItemStockRequestApiService : Updated ReportedMaterialItemStocks for MNR-7307-AU340474.002 and partner BPNL00000003AYRE
1791335168248440926	puris-backend-6f46958fb-ftcbt	2026-10-07T01:06:08.248Z  INFO 1 --- [pool-2-thread-6] e.t.p.b.s.l.s.ItemStockRequestApiService : Updated ReportedMaterialItemStocks for MNR-7307-AU340474.002 and partner BPNL00000003AYRE
1791335173674864043	puris-backend-6f46958fb-ftcbt	2026-10-07T01:06:13.674Z  INFO 1 --- [pool-2-thread-6] e.t.p.b.s.l.s.ItemStockRequestApiService : Updated ReportedMaterialItemStocks for MNR-7307-AU340474.002 and partner BPNL00000003AYRE
1791335179183975994	puris-backend-6f46958fb-ftcbt	2026-10-07T01:06:19.183Z  INFO 1 --- [pool-2-thread-6] e.t.p.b.s.l.s.ItemStockRequestApiService : Updated ReportedMaterialItemStocks for MNR-7307-AU340474.002 and partner BPNL00000003AYRE
1791335184765899958	puris-backend-6f46958fb-ftcbt	2026-10-07T01:06:24.765Z  INFO 1 --- [pool-2-thread-6] e.t.p.b.s.l.s.ItemStockRequestApiService : Updated ReportedMaterialItemStocks for MNR-7307-AU340474.002 and partner BPNL00000003AYRE
1791335188336459641	puris-backend-6f46958fb-ftcbt	2026-10-07T01:06:28.336Z  INFO 1 --- [pool-2-thread-6] e.t.p.b.s.l.s.ItemStockRequestApiService : Updated ReportedMaterialItemStocks for MNR-7307-AU340474.002 and partner BPNL00000003AYRE
1791335193791849072	puris-backend-6f46958fb-ftcbt	2026-10-07T01:06:33.791Z  INFO 1 --- [pool-2-thread-6] e.t.p.b.s.l.s.ItemStockRequestApiService : Updated ReportedMaterialItemStocks for MNR-7307-AU340474.002 and partner BPNL00000003AYRE
1791335198245630434	puris-backend-6f46958fb-ftcbt	2026-10-07T01:06:38.245Z  INFO 1 --- [pool-2-thread-6] e.t.p.b.s.l.s.ItemStockRequestApiService : Updated ReportedMaterialItemStocks for MNR-7307-AU340474.002 and partner BPNL00000003AYRE
1791335203717087328	puris-backend-6f46958fb-ftcbt	2026-10-07T01:06:43.716Z  INFO 1 --- [pool-2-thread-6] e.t.p.b.s.l.s.ItemStockRequestApiService : Updated ReportedMaterialItemStocks for MNR-7307-AU340474.002 and partner BPNL00000003AYRE
1791335209272456081	puris-backend-6f46958fb-ftcbt	2026-10-07T01:06:49.272Z  INFO 1 --- [pool-2-thread-6] e.t.p.b.s.l.s.ItemStockRequestApiService : Updated ReportedMaterialItemStocks for MNR-7307-AU340474.002 and partner BPNL00000003AYRE
1791335214675899120	puris-backend-6f46958fb-ftcbt	2026-10-07T01:06:54.675Z  INFO 1 --- [pool-2-thread-6] e.t.p.b.s.l.s.ItemStockRequestApiService : Updated ReportedMaterialItemStocks for MNR-7307-AU340474.002 and partner BPNL00000003AYRE
1791335218244224358	puris-backend-6f46958fb-ftcbt	2026-10-07T01:06:58.243Z  INFO 1 --- [pool-2-thread-6] e.t.p.b.s.l.s.ItemStockRequestApiService : Updated ReportedMaterialItemStocks for MNR-7307-AU340474.002 and partner BPNL00000003AYRE
1791335222636389876	puris-backend-6f46958fb-ftcbt	2026-10-07T01:07:02.636Z  INFO 1 --- [pool-2-thread-6] e.t.p.b.s.l.s.ItemStockRequestApiService : Updated ReportedMaterialItemStocks for MNR-7307-AU340474.002 and partner BPNL00000003AYRE
1791335228423080469	puris-backend-6f46958fb-ftcbt	2026-10-07T01:07:08.422Z  INFO 1 --- [pool-2-thread-6] e.t.p.b.s.l.s.ItemStockRequestApiService : Updated ReportedMaterialItemStocks for MNR-7307-AU340474.002 and partner BPNL00000003AYRE
1791335228469575685	puris-backend-6f46958fb-ftcbt	2026-10-07T01:07:08.469Z  INFO 1 --- [pool-2-thread-7] e.t.p.b.s.l.s.ItemStockRequestApiService : Updated ReportedMaterialItemStocks for MNR-7307-AU340474.002 and partner BPNL00000003AYRE
1791335232184404718	puris-backend-6f46958fb-ftcbt	2026-10-07T01:07:12.183Z  INFO 1 --- [pool-2-thread-8] e.t.p.b.s.l.s.ItemStockRequestApiService : Updated ReportedMaterialItemStocks for MNR-7307-AU340474.002 and partner BPNL00000003AYRE
1791335232960311741	puris-backend-6f46958fb-ftcbt	2026-10-07T01:07:12.960Z  INFO 1 --- [pool-2-thread-7] e.t.p.b.s.l.s.ItemStockRequestApiService : Updated ReportedMaterialItemStocks for MNR-7307-AU340474.002 and partner BPNL00000003AYRE
1791335235058880324	puris-backend-6f46958fb-ftcbt	2026-10-07T01:07:15.058Z  INFO 1 --- [pool-2-thread-6] e.t.p.b.s.l.s.ItemStockRequestApiService : Updated ReportedMaterialItemStocks for MNR-7307-AU340474.002 and partner BPNL00000003AYRE
1791335236858800888	puris-backend-6f46958fb-ftcbt	2026-10-07T01:07:16.858Z  INFO 1 --- [pool-2-thread-7] e.t.p.b.s.l.s.ItemStockRequestApiService : Updated ReportedMaterialItemStocks for MNR-7307-AU340474.002 and partner BPNL00000003AYRE
1791335238140427980	puris-backend-6f46958fb-ftcbt	2026-10-07T01:07:18.140Z  INFO 1 --- [pool-2-thread-6] e.t.p.b.s.l.s.ItemStockRequestApiService : Updated ReportedMaterialItemStocks for MNR-7307-AU340474.002 and partner BPNL00000003AYRE
1791335240545272153	puris-backend-6f46958fb-ftcbt	2026-10-07T01:07:20.545Z  INFO 1 --- [pool-2-thread-7] e.t.p.b.s.l.s.ItemStockRequestApiService : Updated ReportedMaterialItemStocks for MNR-7307-AU340474.002 and partner BPNL00000003AYRE
1791335243018395814	puris-backend-6f46958fb-ftcbt	2026-10-07T01:07:23.018Z  INFO 1 --- [pool-2-thread-6] e.t.p.b.s.l.s.ItemStockRequestApiService : Updated ReportedMaterialItemStocks for MNR-7307-AU340474.002 and partner BPNL00000003AYRE
1791335244234261448	puris-backend-6f46958fb-ftcbt	2026-10-07T01:07:24.234Z  INFO 1 --- [pool-2-thread-7] e.t.p.b.s.l.s.ItemStockRequestApiService : Updated ReportedMaterialItemStocks for MNR-7307-AU340474.002 and partner BPNL00000003AYRE
1791335246748258392	puris-backend-6f46958fb-ftcbt	2026-10-07T01:07:26.748Z  INFO 1 --- [pool-2-thread-6] e.t.p.b.s.l.s.ItemStockRequestApiService : Updated ReportedMaterialItemStocks for MNR-7307-AU340474.002 and partner BPNL00000003AYRE
1791335250278841330	puris-backend-6f46958fb-ftcbt	2026-10-07T01:07:30.278Z  INFO 1 --- [pool-2-thread-7] e.t.p.b.s.l.s.ItemStockRequestApiService : Updated ReportedMaterialItemStocks for MNR-7307-AU340474.002 and partner BPNL00000003AYRE
1791335252761485712	puris-backend-6f46958fb-ftcbt	2026-10-07T01:07:32.761Z  INFO 1 --- [pool-2-thread-8] e.t.p.b.s.l.s.ItemStockRequestApiService : Updated ReportedMaterialItemStocks for MNR-7307-AU340474.002 and partner BPNL00000003AYRE
1791335252771766814	puris-backend-6f46958fb-ftcbt	2026-10-07T01:07:32.771Z  INFO 1 --- [pool-2-thread-6] e.t.p.b.s.l.s.ItemStockRequestApiService : Updated ReportedMaterialItemStocks for MNR-7307-AU340474.002 and partner BPNL00000003AYRE
1791335256402476412	puris-backend-6f46958fb-ftcbt	2026-10-07T01:07:36.402Z  INFO 1 --- [pool-2-thread-7] e.t.p.b.s.l.s.ItemStockRequestApiService : Updated ReportedMaterialItemStocks for MNR-7307-AU340474.002 and partner BPNL00000003AYRE
1791335256744629652	puris-backend-6f46958fb-ftcbt	2026-10-07T01:07:36.744Z  INFO 1 --- [pool-2-thread-6] e.t.p.b.s.l.s.ItemStockRequestApiService : Updated ReportedMaterialItemStocks for MNR-7307-AU340474.002 and partner BPNL00000003AYRE
1791335257940798445	puris-backend-6f46958fb-ftcbt	2026-10-07T01:07:37.940Z  INFO 1 --- [pool-2-thread-8] e.t.p.b.s.l.s.ItemStockRequestApiService : Updated ReportedMaterialItemStocks for MNR-7307-AU340474.002 and partner BPNL00000003AYRE
1791335260537500779	puris-backend-6f46958fb-ftcbt	2026-10-07T01:07:40.537Z  INFO 1 --- [pool-2-thread-6] e.t.p.b.s.l.s.ItemStockRequestApiService : Updated ReportedMaterialItemStocks for MNR-7307-AU340474.002 and partner BPNL00000003AYRE
1791335263979924607	puris-backend-6f46958fb-ftcbt	2026-10-07T01:07:43.979Z  INFO 1 --- [pool-2-thread-8] e.t.p.b.s.l.s.ItemStockRequestApiService : Updated ReportedMaterialItemStocks for MNR-7307-AU340474.002 and partner BPNL00000003AYRE
1791335265739020263	puris-backend-6f46958fb-ftcbt	2026-10-07T01:07:45.738Z  INFO 1 --- [pool-2-thread-6] e.t.p.b.s.l.s.ItemStockRequestApiService : Updated ReportedMaterialItemStocks for MNR-7307-AU340474.002 and partner BPNL00000003AYRE
1791335266864371496	puris-backend-6f46958fb-ftcbt	2026-10-07T01:07:46.864Z  INFO 1 --- [pool-2-thread-7] e.t.p.b.s.l.s.ItemStockRequestApiService : Updated ReportedMaterialItemStocks for MNR-7307-AU340474.002 and partner BPNL00000003AYRE
1791335268348738741	puris-backend-6f46958fb-ftcbt	2026-10-07T01:07:48.348Z  INFO 1 --- [pool-2-thread-6] e.t.p.b.s.l.s.ItemStockRequestApiService : Updated ReportedMaterialItemStocks for MNR-7307-AU340474.002 and partner BPNL00000003AYRE
1791335270790853275	puris-backend-6f46958fb-ftcbt	2026-10-07T01:07:50.790Z  INFO 1 --- [pool-2-thread-7] e.t.p.b.s.l.s.ItemStockRequestApiService : Updated ReportedMaterialItemStocks for MNR-7307-AU340474.002 and partner BPNL00000003AYRE
1791335274318046165	puris-backend-6f46958fb-ftcbt	2026-10-07T01:07:54.317Z  INFO 1 --- [pool-2-thread-6] e.t.p.b.s.l.s.ItemStockRequestApiService : Updated ReportedMaterialItemStocks for MNR-7307-AU340474.002 and partner BPNL00000003AYRE
1791335274600205165	puris-backend-6f46958fb-ftcbt	2026-10-07T01:07:54.600Z  INFO 1 --- [pool-2-thread-7] e.t.p.b.s.l.s.ItemStockRequestApiService : Updated ReportedMaterialItemStocks for MNR-7307-AU340474.002 and partner BPNL00000003AYRE
1791335276072085868	puris-backend-6f46958fb-ftcbt	2026-10-07T01:07:56.071Z  INFO 1 --- [pool-2-thread-8] e.t.p.b.s.l.s.ItemStockRequestApiService : Updated ReportedMaterialItemStocks for MNR-7307-AU340474.002 and partner BPNL00000003AYRE
1791335278956302736	puris-backend-6f46958fb-ftcbt	2026-10-07T01:07:58.956Z  INFO 1 --- [pool-2-thread-7] e.t.p.b.s.l.s.ItemStockRequestApiService : Updated ReportedMaterialItemStocks for MNR-7307-AU340474.002 and partner BPNL00000003AYRE
1791335280444925031	puris-backend-6f46958fb-ftcbt	2026-10-07T01:08:00.444Z  INFO 1 --- [pool-2-thread-8] e.t.p.b.s.l.s.ItemStockRequestApiService : Updated ReportedMaterialItemStocks for MNR-7307-AU340474.002 and partner BPNL00000003AYRE
1791335281965034094	puris-backend-6f46958fb-ftcbt	2026-10-07T01:08:01.964Z  INFO 1 --- [pool-2-thread-7] e.t.p.b.s.l.s.ItemStockRequestApiService : Updated ReportedMaterialItemStocks for MNR-7307-AU340474.002 and partner BPNL00000003AYRE
1791335284666694817	puris-backend-6f46958fb-ftcbt	2026-10-07T01:08:04.666Z  INFO 1 --- [pool-2-thread-8] e.t.p.b.s.l.s.ItemStockRequestApiService : Updated ReportedMaterialItemStocks for MNR-7307-AU340474.002 and partner BPNL00000003AYRE
1791335288358856636	puris-backend-6f46958fb-ftcbt	2026-10-07T01:08:08.358Z  INFO 1 --- [pool-2-thread-7] e.t.p.b.s.l.s.ItemStockRequestApiService : Updated ReportedMaterialItemStocks for MNR-7307-AU340474.002 and partner BPNL00000003AYRE
1791335289495578941	puris-backend-6f46958fb-ftcbt	2026-10-07T01:08:09.495Z  INFO 1 --- [pool-2-thread-8] e.t.p.b.s.l.s.ItemStockRequestApiService : Updated ReportedMaterialItemStocks for MNR-7307-AU340474.002 and partner BPNL00000003AYRE
1791335290857977550	puris-backend-6f46958fb-ftcbt	2026-10-07T01:08:10.857Z  INFO 1 --- [pool-2-thread-6] e.t.p.b.s.l.s.ItemStockRequestApiService : Updated ReportedMaterialItemStocks for MNR-7307-AU340474.002 and partner BPNL00000003AYRE
1791335294651319066	puris-backend-6f46958fb-ftcbt	2026-10-07T01:08:14.650Z  INFO 1 --- [pool-2-thread-8] e.t.p.b.s.l.s.ItemStockRequestApiService : Updated ReportedMaterialItemStocks for MNR-7307-AU340474.002 and partner BPNL00000003AYRE
1791335294853055583	puris-backend-6f46958fb-ftcbt	2026-10-07T01:08:14.852Z  INFO 1 --- [pool-2-thread-6] e.t.p.b.s.l.s.ItemStockRequestApiService : Updated ReportedMaterialItemStocks for MNR-7307-AU340474.002 and partner BPNL00000003AYRE
1791335296216422926	puris-backend-6f46958fb-ftcbt	2026-10-07T01:08:16.216Z  INFO 1 --- [pool-2-thread-7] e.t.p.b.s.l.s.ItemStockRequestApiService : Updated ReportedMaterialItemStocks for MNR-7307-AU340474.002 and partner BPNL00000003AYRE
1791335298762011934	puris-backend-6f46958fb-ftcbt	2026-10-07T01:08:18.761Z  INFO 1 --- [pool-2-thread-6] e.t.p.b.s.l.s.ItemStockRequestApiService : Updated ReportedMaterialItemStocks for MNR-7307-AU340474.002 and partner BPNL00000003AYRE
1791335301222890447	puris-backend-6f46958fb-ftcbt	2026-10-07T01:08:21.222Z  INFO 1 --- [pool-2-thread-7] e.t.p.b.s.l.s.ItemStockRequestApiService : Updated ReportedMaterialItemStocks for MNR-7307-AU340474.002 and partner BPNL00000003AYRE
1791335303552259565	puris-backend-6f46958fb-ftcbt	2026-10-07T01:08:23.551Z  INFO 1 --- [pool-2-thread-6] e.t.p.b.s.l.s.ItemStockRequestApiService : Updated ReportedMaterialItemStocks for MNR-7307-AU340474.002 and partner BPNL00000003AYRE
1791335304945794984	puris-backend-6f46958fb-ftcbt	2026-10-07T01:08:24.945Z  INFO 1 --- [pool-2-thread-7] e.t.p.b.s.l.s.ItemStockRequestApiService : Updated ReportedMaterialItemStocks for MNR-7307-AU340474.002 and partner BPNL00000003AYRE
1791335306446492297	puris-backend-6f46958fb-ftcbt	2026-10-07T01:08:26.446Z  INFO 1 --- [pool-2-thread-6] e.t.p.b.s.l.s.ItemStockRequestApiService : Updated ReportedMaterialItemStocks for MNR-7307-AU340474.002 and partner BPNL00000003AYRE
1791335307837172310	puris-backend-6f46958fb-ftcbt	2026-10-07T01:08:27.837Z  INFO 1 --- [pool-2-thread-7] e.t.p.b.s.l.s.ItemStockRequestApiService : Updated ReportedMaterialItemStocks for MNR-7307-AU340474.002 and partner BPNL00000003AYRE
1791335310290485884	puris-backend-6f46958fb-ftcbt	2026-10-07T01:08:30.290Z  INFO 1 --- [pool-2-thread-7] e.t.p.b.s.l.s.ItemStockRequestApiService : Updated ReportedMaterialItemStocks for MNR-7307-AU340474.002 and partner BPNL00000003AYRE
1791335312749621411	puris-backend-6f46958fb-ftcbt	2026-10-07T01:08:32.749Z  INFO 1 --- [pool-2-thread-6] e.t.p.b.s.l.s.ItemStockRequestApiService : Updated ReportedMaterialItemStocks for MNR-7307-AU340474.002 and partner BPNL00000003AYRE
1791335314061527525	puris-backend-6f46958fb-ftcbt	2026-10-07T01:08:34.061Z  INFO 1 --- [pool-2-thread-7] e.t.p.b.s.l.s.ItemStockRequestApiService : Updated ReportedMaterialItemStocks for MNR-7307-AU340474.002 and partner BPNL00000003AYRE
1791335317712718079	puris-backend-6f46958fb-ftcbt	2026-10-07T01:08:37.712Z  INFO 1 --- [pool-2-thread-6] e.t.p.b.s.l.s.ItemStockRequestApiService : Updated ReportedMaterialItemStocks for MNR-7307-AU340474.002 and partner BPNL00000003AYRE
1791335319047849288	puris-backend-6f46958fb-ftcbt	2026-10-07T01:08:39.047Z  INFO 1 --- [pool-2-thread-7] e.t.p.b.s.l.s.ItemStockRequestApiService : Updated ReportedMaterialItemStocks for MNR-7307-AU340474.002 and partner BPNL00000003AYRE
1791335320487417008	puris-backend-6f46958fb-ftcbt	2026-10-07T01:08:40.486Z  INFO 1 --- [pool-2-thread-6] e.t.p.b.s.l.s.ItemStockRequestApiService : Updated ReportedMaterialItemStocks for MNR-7307-AU340474.002 and partner BPNL00000003AYRE
1791335324149976155	puris-backend-6f46958fb-ftcbt	2026-10-07T01:08:44.149Z  INFO 1 --- [pool-2-thread-7] e.t.p.b.s.l.s.ItemStockRequestApiService : Updated ReportedMaterialItemStocks for MNR-7307-AU340474.002 and partner BPNL00000003AYRE
1791335325380416202	puris-backend-6f46958fb-ftcbt	2026-10-07T01:08:45.380Z  INFO 1 --- [pool-2-thread-6] e.t.p.b.s.l.s.ItemStockRequestApiService : Updated ReportedMaterialItemStocks for MNR-7307-AU340474.002 and partner BPNL00000003AYRE
1791335325974666155	puris-backend-6f46958fb-ftcbt	2026-10-07T01:08:45.974Z  INFO 1 --- [pool-2-thread-8] e.t.p.b.s.l.s.ItemStockRequestApiService : Updated ReportedMaterialItemStocks for MNR-7307-AU340474.002 and partner BPNL00000003AYRE
1791335328362040048	puris-backend-6f46958fb-ftcbt	2026-10-07T01:08:48.361Z  INFO 1 --- [pool-2-thread-6] e.t.p.b.s.l.s.ItemStockRequestApiService : Updated ReportedMaterialItemStocks for MNR-7307-AU340474.002 and partner BPNL00000003AYRE
1791335330986068832	puris-backend-6f46958fb-ftcbt	2026-10-07T01:08:50.985Z  INFO 1 --- [pool-2-thread-8] e.t.p.b.s.l.s.ItemStockRequestApiService : Updated ReportedMaterialItemStocks for MNR-7307-AU340474.002 and partner BPNL00000003AYRE
1791335333454845323	puris-backend-6f46958fb-ftcbt	2026-10-07T01:08:53.454Z  INFO 1 --- [pool-2-thread-6] e.t.p.b.s.l.s.ItemStockRequestApiService : Updated ReportedMaterialItemStocks for MNR-7307-AU340474.002 and partner BPNL00000003AYRE
1791335334851971499	puris-backend-6f46958fb-ftcbt	2026-10-07T01:08:54.851Z  INFO 1 --- [pool-2-thread-8] e.t.p.b.s.l.s.ItemStockRequestApiService : Updated ReportedMaterialItemStocks for MNR-7307-AU340474.002 and partner BPNL00000003AYRE
1791335336212426203	puris-backend-6f46958fb-ftcbt	2026-10-07T01:08:56.212Z  INFO 1 --- [pool-2-thread-6] e.t.p.b.s.l.s.ItemStockRequestApiService : Updated ReportedMaterialItemStocks for MNR-7307-AU340474.002 and partner BPNL00000003AYRE
1791335338776673806	puris-backend-6f46958fb-ftcbt	2026-10-07T01:08:58.776Z  INFO 1 --- [pool-2-thread-8] e.t.p.b.s.l.s.ItemStockRequestApiService : Updated ReportedMaterialItemStocks for MNR-7307-AU340474.002 and partner BPNL00000003AYRE
1791335340108345588	puris-backend-6f46958fb-ftcbt	2026-10-07T01:09:00.108Z  INFO 1 --- [pool-2-thread-6] e.t.p.b.s.l.s.ItemStockRequestApiService : Updated ReportedMaterialItemStocks for MNR-7307-AU340474.002 and partner BPNL00000003AYRE
1791335342771349859	puris-backend-6f46958fb-ftcbt	2026-10-07T01:09:02.771Z  INFO 1 --- [pool-2-thread-8] e.t.p.b.s.l.s.ItemStockRequestApiService : Updated ReportedMaterialItemStocks for MNR-7307-AU340474.002 and partner BPNL00000003AYRE
1791335343975904749	puris-backend-6f46958fb-ftcbt	2026-10-07T01:09:03.975Z  INFO 1 --- [pool-2-thread-6] e.t.p.b.s.l.s.ItemStockRequestApiService : Updated ReportedMaterialItemStocks for MNR-7307-AU340474.002 and partner BPNL00000003AYRE
1791335346637284820	puris-backend-6f46958fb-ftcbt	2026-10-07T01:09:06.637Z  INFO 1 --- [pool-2-thread-8] e.t.p.b.s.l.s.ItemStockRequestApiService : Updated ReportedMaterialItemStocks for MNR-7307-AU340474.002 and partner BPNL00000003AYRE
1791335348003285693	puris-backend-6f46958fb-ftcbt	2026-10-07T01:09:08.003Z  INFO 1 --- [pool-2-thread-6] e.t.p.b.s.l.s.ItemStockRequestApiService : Updated ReportedMaterialItemStocks for MNR-7307-AU340474.002 and partner BPNL00000003AYRE
1791335350526637205	puris-backend-6f46958fb-ftcbt	2026-10-07T01:09:10.526Z  INFO 1 --- [pool-2-thread-8] e.t.p.b.s.l.s.ItemStockRequestApiService : Updated ReportedMaterialItemStocks for MNR-7307-AU340474.002 and partner BPNL00000003AYRE
1791335352945291648	puris-backend-6f46958fb-ftcbt	2026-10-07T01:09:12.945Z  INFO 1 --- [pool-2-thread-6] e.t.p.b.s.l.s.ItemStockRequestApiService : Updated ReportedMaterialItemStocks for MNR-7307-AU340474.002 and partner BPNL00000003AYRE
1791335354144641402	puris-backend-6f46958fb-ftcbt	2026-10-07T01:09:14.144Z  INFO 1 --- [pool-2-thread-8] e.t.p.b.s.l.s.ItemStockRequestApiService : Updated ReportedMaterialItemStocks for MNR-7307-AU340474.002 and partner BPNL00000003AYRE
1791335356745793935	puris-backend-6f46958fb-ftcbt	2026-10-07T01:09:16.745Z  INFO 1 --- [pool-2-thread-6] e.t.p.b.s.l.s.ItemStockRequestApiService : Updated ReportedMaterialItemStocks for MNR-7307-AU340474.002 and partner BPNL00000003AYRE
1791335359496517143	puris-backend-6f46958fb-ftcbt	2026-10-07T01:09:19.496Z  INFO 1 --- [pool-2-thread-8] e.t.p.b.s.l.s.ItemStockRequestApiService : Updated ReportedMaterialItemStocks for MNR-7307-AU340474.002 and partner BPNL00000003AYRE
1791335360662114588	puris-backend-6f46958fb-ftcbt	2026-10-07T01:09:20.661Z  INFO 1 --- [pool-2-thread-6] e.t.p.b.s.l.s.ItemStockRequestApiService : Updated ReportedMaterialItemStocks for MNR-7307-AU340474.002 and partner BPNL00000003AYRE
1791335362155368581	puris-backend-6f46958fb-ftcbt	2026-10-07T01:09:22.155Z  INFO 1 --- [pool-2-thread-8] e.t.p.b.s.l.s.ItemStockRequestApiService : Updated ReportedMaterialItemStocks for MNR-7307-AU340474.002 and partner BPNL00000003AYRE
1791335364671102567	puris-backend-6f46958fb-ftcbt	2026-10-07T01:09:24.670Z  INFO 1 --- [pool-2-thread-6] e.t.p.b.s.l.s.ItemStockRequestApiService : Updated ReportedMaterialItemStocks for MNR-7307-AU340474.002 and partner BPNL00000003AYRE
1791335366049212505	puris-backend-6f46958fb-ftcbt	2026-10-07T01:09:26.048Z  INFO 1 --- [pool-2-thread-8] e.t.p.b.s.l.s.ItemStockRequestApiService : Updated ReportedMaterialItemStocks for MNR-7307-AU340474.002 and partner BPNL00000003AYRE
1791335368875528892	puris-backend-6f46958fb-ftcbt	2026-10-07T01:09:28.875Z  INFO 1 --- [pool-2-thread-6] e.t.p.b.s.l.s.ItemStockRequestApiService : Updated ReportedMaterialItemStocks for MNR-7307-AU340474.002 and partner BPNL00000003AYRE
1791335370314065653	puris-backend-6f46958fb-ftcbt	2026-10-07T01:09:30.313Z  INFO 1 --- [pool-2-thread-8] e.t.p.b.s.l.s.ItemStockRequestApiService : Updated ReportedMaterialItemStocks for MNR-7307-AU340474.002 and partner BPNL00000003AYRE
1791335372841583262	puris-backend-6f46958fb-ftcbt	2026-10-07T01:09:32.841Z  INFO 1 --- [pool-2-thread-6] e.t.p.b.s.l.s.ItemStockRequestApiService : Updated ReportedMaterialItemStocks for MNR-7307-AU340474.002 and partner BPNL00000003AYRE
1791335374100782954	puris-backend-6f46958fb-ftcbt	2026-10-07T01:09:34.100Z  INFO 1 --- [pool-2-thread-8] e.t.p.b.s.l.s.ItemStockRequestApiService : Updated ReportedMaterialItemStocks for MNR-7307-AU340474.002 and partner BPNL00000003AYRE
1791335376637762210	puris-backend-6f46958fb-ftcbt	2026-10-07T01:09:36.637Z  INFO 1 --- [pool-2-thread-6] e.t.p.b.s.l.s.ItemStockRequestApiService : Updated ReportedMaterialItemStocks for MNR-7307-AU340474.002 and partner BPNL00000003AYRE
1791335379997725228	puris-backend-6f46958fb-ftcbt	2026-10-07T01:09:39.997Z  INFO 1 --- [pool-2-thread-8] e.t.p.b.s.l.s.ItemStockRequestApiService : Updated ReportedMaterialItemStocks for MNR-7307-AU340474.002 and partner BPNL00000003AYRE
1791335381733748122	puris-backend-6f46958fb-ftcbt	2026-10-07T01:09:41.733Z  INFO 1 --- [pool-2-thread-6] e.t.p.b.s.l.s.ItemStockRequestApiService : Updated ReportedMaterialItemStocks for MNR-7307-AU340474.002 and partner BPNL00000003AYRE
1791335382799386859	puris-backend-6f46958fb-ftcbt	2026-10-07T01:09:42.799Z  INFO 1 --- [pool-2-thread-7] e.t.p.b.s.l.s.ItemStockRequestApiService : Updated ReportedMaterialItemStocks for MNR-7307-AU340474.002 and partner BPNL00000003AYRE
1791335384138941311	puris-backend-6f46958fb-ftcbt	2026-10-07T01:09:44.138Z  INFO 1 --- [pool-2-thread-6] e.t.p.b.s.l.s.ItemStockRequestApiService : Updated ReportedMaterialItemStocks for MNR-7307-AU340474.002 and partner BPNL00000003AYRE
1791335386648333494	puris-backend-6f46958fb-ftcbt	2026-10-07T01:09:46.648Z  INFO 1 --- [pool-2-thread-7] e.t.p.b.s.l.s.ItemStockRequestApiService : Updated ReportedMaterialItemStocks for MNR-7307-AU340474.002 and partner BPNL00000003AYRE
1791335387880527877	puris-backend-6f46958fb-ftcbt	2026-10-07T01:09:47.880Z  INFO 1 --- [pool-2-thread-6] e.t.p.b.s.l.s.ItemStockRequestApiService : Updated ReportedMaterialItemStocks for MNR-7307-AU340474.002 and partner BPNL00000003AYRE
1791335390373673633	puris-backend-6f46958fb-ftcbt	2026-10-07T01:09:50.373Z  INFO 1 --- [pool-2-thread-7] e.t.p.b.s.l.s.ItemStockRequestApiService : Updated ReportedMaterialItemStocks for MNR-7307-AU340474.002 and partner BPNL00000003AYRE
1791335392824910003	puris-backend-6f46958fb-ftcbt	2026-10-07T01:09:52.824Z  INFO 1 --- [pool-2-thread-6] e.t.p.b.s.l.s.ItemStockRequestApiService : Updated ReportedMaterialItemStocks for MNR-7307-AU340474.002 and partner BPNL00000003AYRE
1791335394129452654	puris-backend-6f46958fb-ftcbt	2026-10-07T01:09:54.129Z  INFO 1 --- [pool-2-thread-7] e.t.p.b.s.l.s.ItemStockRequestApiService : Updated ReportedMaterialItemStocks for MNR-7307-AU340474.002 and partner BPNL00000003AYRE
1791335397595956158	puris-backend-6f46958fb-ftcbt	2026-10-07T01:09:57.594Z  INFO 1 --- [pool-2-thread-6] e.t.p.b.s.l.s.ItemStockRequestApiService : Updated ReportedMaterialItemStocks for MNR-7307-AU340474.002 and partner BPNL00000003AYRE
1791335399405746748	puris-backend-6f46958fb-ftcbt	2026-10-07T01:09:59.405Z  INFO 1 --- [pool-2-thread-7] e.t.p.b.s.l.s.ItemStockRequestApiService : Updated ReportedMaterialItemStocks for MNR-7307-AU340474.002 and partner BPNL00000003AYRE
1791335400727829671	puris-backend-6f46958fb-ftcbt	2026-10-07T01:10:00.727Z  INFO 1 --- [pool-2-thread-6] e.t.p.b.s.l.s.ItemStockRequestApiService : Updated ReportedMaterialItemStocks for MNR-7307-AU340474.002 and partner BPNL00000003AYRE
1791335403467772768	puris-backend-6f46958fb-ftcbt	2026-10-07T01:10:03.467Z  INFO 1 --- [pool-2-thread-7] e.t.p.b.s.l.s.ItemStockRequestApiService : Updated ReportedMaterialItemStocks for MNR-7307-AU340474.002 and partner BPNL00000003AYRE
1791335404871132909	puris-backend-6f46958fb-ftcbt	2026-10-07T01:10:04.871Z  INFO 1 --- [pool-2-thread-6] e.t.p.b.s.l.s.ItemStockRequestApiService : Updated ReportedMaterialItemStocks for MNR-7307-AU340474.002 and partner BPNL00000003AYRE
1791335406087381953	puris-backend-6f46958fb-ftcbt	2026-10-07T01:10:06.087Z  INFO 1 --- [pool-2-thread-7] e.t.p.b.s.l.s.ItemStockRequestApiService : Updated ReportedMaterialItemStocks for MNR-7307-AU340474.002 and partner BPNL00000003AYRE
1791335409151285883	puris-backend-6f46958fb-ftcbt	2026-10-07T01:10:09.150Z  INFO 1 --- [pool-2-thread-8] e.t.p.b.s.l.s.ItemStockRequestApiService : Updated ReportedMaterialItemStocks for MNR-7307-AU340474.002 and partner BPNL00000003AYRE
1791335409219317852	puris-backend-6f46958fb-ftcbt	2026-10-07T01:10:09.219Z  INFO 1 --- [pool-2-thread-6] e.t.p.b.s.l.s.ItemStockRequestApiService : Updated ReportedMaterialItemStocks for MNR-7307-AU340474.002 and partner BPNL00000003AYRE
1791335410476910148	puris-backend-6f46958fb-ftcbt	2026-10-07T01:10:10.476Z  INFO 1 --- [pool-2-thread-7] e.t.p.b.s.l.s.ItemStockRequestApiService : Updated ReportedMaterialItemStocks for MNR-7307-AU340474.002 and partner BPNL00000003AYRE
1791335412159425060	puris-backend-6f46958fb-ftcbt	2026-10-07T01:10:12.159Z  INFO 1 --- [pool-2-thread-9] e.t.p.b.s.l.s.ItemStockRequestApiService : Updated ReportedMaterialItemStocks for MNR-7307-AU340474.002 and partner BPNL00000003AYRE
1791335412258454299	puris-backend-6f46958fb-ftcbt	2026-10-07T01:10:12.258Z  INFO 1 --- [ool-2-thread-10] e.t.p.b.s.l.s.ItemStockRequestApiService : Updated ReportedMaterialItemStocks for MNR-7307-AU340474.002 and partner BPNL00000003AYRE
1791335414142154574	puris-backend-6f46958fb-ftcbt	2026-10-07T01:10:14.141Z  INFO 1 --- [pool-2-thread-6] e.t.p.b.s.l.s.ItemStockRequestApiService : Updated ReportedMaterialItemStocks for MNR-7307-AU340474.002 and partner BPNL00000003AYRE
1791335414337956867	puris-backend-6f46958fb-ftcbt	2026-10-07T01:10:14.337Z  INFO 1 --- [pool-2-thread-7] e.t.p.b.s.l.s.ItemStockRequestApiService : Updated ReportedMaterialItemStocks for MNR-7307-AU340474.002 and partner BPNL00000003AYRE
1791335414371321979	puris-backend-6f46958fb-ftcbt	2026-10-07T01:10:14.371Z  INFO 1 --- [pool-2-thread-8] e.t.p.b.s.l.s.ItemStockRequestApiService : Updated ReportedMaterialItemStocks for MNR-7307-AU340474.002 and partner BPNL00000003AYRE
1791335415666425172	puris-backend-6f46958fb-ftcbt	2026-10-07T01:10:15.665Z  INFO 1 --- [ool-2-thread-10] e.t.p.b.s.l.s.ItemStockRequestApiService : Updated ReportedMaterialItemStocks for MNR-7307-AU340474.002 and partner BPNL00000003AYRE
1791335416547502740	puris-backend-6f46958fb-ftcbt	2026-10-07T01:10:16.547Z  INFO 1 --- [pool-2-thread-9] e.t.p.b.s.l.s.ItemStockRequestApiService : Updated ReportedMaterialItemStocks for MNR-7307-AU340474.002 and partner BPNL00000003AYRE
1791335418045883809	puris-backend-6f46958fb-ftcbt	2026-10-07T01:10:18.045Z  INFO 1 --- [pool-2-thread-8] e.t.p.b.s.l.s.ItemStockRequestApiService : Updated ReportedMaterialItemStocks for MNR-7307-AU340474.002 and partner BPNL00000003AYRE
1791335419519085307	puris-backend-6f46958fb-ftcbt	2026-10-07T01:10:19.518Z  INFO 1 --- [ool-2-thread-10] e.t.p.b.s.l.s.ItemStockRequestApiService : Updated ReportedMaterialItemStocks for MNR-7307-AU340474.002 and partner BPNL00000003AYRE
1791335419529411769	puris-backend-6f46958fb-ftcbt	2026-10-07T01:10:19.529Z  INFO 1 --- [pool-2-thread-9] e.t.p.b.s.l.s.ItemStockRequestApiService : Updated ReportedMaterialItemStocks for MNR-7307-AU340474.002 and partner BPNL00000003AYRE
1791335420383931544	puris-backend-6f46958fb-ftcbt	2026-10-07T01:10:20.383Z  INFO 1 --- [pool-2-thread-7] e.t.p.b.s.l.s.ItemStockRequestApiService : Updated ReportedMaterialItemStocks for MNR-7307-AU340474.002 and partner BPNL00000003AYRE
1791335421854845006	puris-backend-6f46958fb-ftcbt	2026-10-07T01:10:21.854Z  INFO 1 --- [pool-2-thread-8] e.t.p.b.s.l.s.ItemStockRequestApiService : Updated ReportedMaterialItemStocks for MNR-7307-AU340474.002 and partner BPNL00000003AYRE
1791335423306563513	puris-backend-6f46958fb-ftcbt	2026-10-07T01:10:23.306Z  INFO 1 --- [pool-2-thread-9] e.t.p.b.s.l.s.ItemStockRequestApiService : Updated ReportedMaterialItemStocks for MNR-7307-AU340474.002 and partner BPNL00000003AYRE
1791335423351542192	puris-backend-6f46958fb-ftcbt	2026-10-07T01:10:23.351Z  INFO 1 --- [pool-2-thread-7] e.t.p.b.s.l.s.ItemStockRequestApiService : Updated ReportedMaterialItemStocks for MNR-7307-AU340474.002 and partner BPNL00000003AYRE
1791335424862624702	puris-backend-6f46958fb-ftcbt	2026-10-07T01:10:24.862Z  INFO 1 --- [ool-2-thread-10] e.t.p.b.s.l.s.ItemStockRequestApiService : Updated ReportedMaterialItemStocks for MNR-7307-AU340474.002 and partner BPNL00000003AYRE
1791335426219679708	puris-backend-6f46958fb-ftcbt	2026-10-07T01:10:26.219Z  INFO 1 --- [pool-2-thread-8] e.t.p.b.s.l.s.ItemStockRequestApiService : Updated ReportedMaterialItemStocks for MNR-7307-AU340474.002 and partner BPNL00000003AYRE
1791335426327947472	puris-backend-6f46958fb-ftcbt	2026-10-07T01:10:26.327Z  INFO 1 --- [pool-2-thread-7] e.t.p.b.s.l.s.ItemStockRequestApiService : Updated ReportedMaterialItemStocks for MNR-7307-AU340474.002 and partner BPNL00000003AYRE
1791335428077876806	puris-backend-6f46958fb-ftcbt	2026-10-07T01:10:28.077Z  INFO 1 --- [pool-2-thread-9] e.t.p.b.s.l.s.ItemStockRequestApiService : Updated ReportedMaterialItemStocks for MNR-7307-AU340474.002 and partner BPNL00000003AYRE
1791335428168377462	puris-backend-6f46958fb-ftcbt	2026-10-07T01:10:28.167Z  INFO 1 --- [ool-2-thread-10] e.t.p.b.s.l.s.ItemStockRequestApiService : Updated ReportedMaterialItemStocks for MNR-7307-AU340474.002 and partner BPNL00000003AYRE
1791335429558911215	puris-backend-6f46958fb-ftcbt	2026-10-07T01:10:29.558Z  INFO 1 --- [pool-2-thread-7] e.t.p.b.s.l.s.ItemStockRequestApiService : Updated ReportedMaterialItemStocks for MNR-7307-AU340474.002 and partner BPNL00000003AYRE
1791335430974682033	puris-backend-6f46958fb-ftcbt	2026-10-07T01:10:30.974Z  INFO 1 --- [pool-2-thread-8] e.t.p.b.s.l.s.ItemStockRequestApiService : Updated ReportedMaterialItemStocks for MNR-7307-AU340474.002 and partner BPNL00000003AYRE
1791335432569327904	puris-backend-6f46958fb-ftcbt	2026-10-07T01:10:32.568Z  INFO 1 --- [ool-2-thread-10] e.t.p.b.s.l.s.ItemStockRequestApiService : Updated ReportedMaterialItemStocks for MNR-7307-AU340474.002 and partner BPNL00000003AYRE
1791335432769661087	puris-backend-6f46958fb-ftcbt	2026-10-07T01:10:32.769Z  INFO 1 --- [pool-2-thread-7] e.t.p.b.s.l.s.ItemStockRequestApiService : Updated ReportedMaterialItemStocks for MNR-7307-AU340474.002 and partner BPNL00000003AYRE
1791335433978557356	puris-backend-6f46958fb-ftcbt	2026-10-07T01:10:33.978Z  INFO 1 --- [pool-2-thread-9] e.t.p.b.s.l.s.ItemStockRequestApiService : Updated ReportedMaterialItemStocks for MNR-7307-AU340474.002 and partner BPNL00000003AYRE
1791335435708784069	puris-backend-6f46958fb-ftcbt	2026-10-07T01:10:35.708Z  INFO 1 --- [pool-2-thread-8] e.t.p.b.s.l.s.ItemStockRequestApiService : Updated ReportedMaterialItemStocks for MNR-7307-AU340474.002 and partner BPNL00000003AYRE
1791335436367299188	puris-backend-6f46958fb-ftcbt	2026-10-07T01:10:36.367Z  INFO 1 --- [ool-2-thread-10] e.t.p.b.s.l.s.ItemStockRequestApiService : Updated ReportedMaterialItemStocks for MNR-7307-AU340474.002 and partner BPNL00000003AYRE
1791335436377882955	puris-backend-6f46958fb-ftcbt	2026-10-07T01:10:36.377Z  INFO 1 --- [pool-2-thread-7] e.t.p.b.s.l.s.ItemStockRequestApiService : Updated ReportedMaterialItemStocks for MNR-7307-AU340474.002 and partner BPNL00000003AYRE
1791335436946363240	puris-backend-6f46958fb-ftcbt	2026-10-07T01:10:36.946Z  INFO 1 --- [pool-2-thread-9] e.t.p.b.s.l.s.ItemStockRequestApiService : Updated ReportedMaterialItemStocks for MNR-7307-AU340474.002 and partner BPNL00000003AYRE
1791335438258715450	puris-backend-6f46958fb-ftcbt	2026-10-07T01:10:38.258Z  INFO 1 --- [pool-2-thread-8] e.t.p.b.s.l.s.ItemStockRequestApiService : Updated ReportedMaterialItemStocks for MNR-7307-AU340474.002 and partner BPNL00000003AYRE
1791335439678985522	puris-backend-6f46958fb-ftcbt	2026-10-07T01:10:39.678Z  INFO 1 --- [pool-2-thread-7] e.t.p.b.s.l.s.ItemStockRequestApiService : Updated ReportedMaterialItemStocks for MNR-7307-AU340474.002 and partner BPNL00000003AYRE
1791335441074189368	puris-backend-6f46958fb-ftcbt	2026-10-07T01:10:41.074Z  INFO 1 --- [pool-2-thread-9] e.t.p.b.s.l.s.ItemStockRequestApiService : Updated ReportedMaterialItemStocks for MNR-7307-AU340474.002 and partner BPNL00000003AYRE
1791335442145585931	puris-backend-6f46958fb-ftcbt	2026-10-07T01:10:42.145Z  INFO 1 --- [pool-2-thread-7] e.t.p.b.s.l.s.ItemStockRequestApiService : Updated ReportedMaterialItemStocks for MNR-7307-AU340474.002 and partner BPNL00000003AYRE
1791335443981178491	puris-backend-6f46958fb-ftcbt	2026-10-07T01:10:43.980Z  INFO 1 --- [ool-2-thread-10] e.t.p.b.s.l.s.ItemStockRequestApiService : Updated ReportedMaterialItemStocks for MNR-7307-AU340474.002 and partner BPNL00000003AYRE
1791335444055755354	puris-backend-6f46958fb-ftcbt	2026-10-07T01:10:44.055Z  INFO 1 --- [pool-2-thread-9] e.t.p.b.s.l.s.ItemStockRequestApiService : Updated ReportedMaterialItemStocks for MNR-7307-AU340474.002 and partner BPNL00000003AYRE
1791335445756342603	puris-backend-6f46958fb-ftcbt	2026-10-07T01:10:45.756Z  INFO 1 --- [pool-2-thread-7] e.t.p.b.s.l.s.ItemStockRequestApiService : Updated ReportedMaterialItemStocks for MNR-7307-AU340474.002 and partner BPNL00000003AYRE
1791335447379883318	puris-backend-6f46958fb-ftcbt	2026-10-07T01:10:47.379Z  INFO 1 --- [pool-2-thread-8] e.t.p.b.s.l.s.ItemStockRequestApiService : Updated ReportedMaterialItemStocks for MNR-7307-AU340474.002 and partner BPNL00000003AYRE
1791335449170859775	puris-backend-6f46958fb-ftcbt	2026-10-07T01:10:49.170Z  INFO 1 --- [pool-2-thread-9] e.t.p.b.s.l.s.ItemStockRequestApiService : Updated ReportedMaterialItemStocks for MNR-7307-AU340474.002 and partner BPNL00000003AYRE
1791335449428871455	puris-backend-6f46958fb-ftcbt	2026-10-07T01:10:49.428Z  INFO 1 --- [pool-2-thread-7] e.t.p.b.s.l.s.ItemStockRequestApiService : Updated ReportedMaterialItemStocks for MNR-7307-AU340474.002 and partner BPNL00000003AYRE
1791335449460742563	puris-backend-6f46958fb-ftcbt	2026-10-07T01:10:49.460Z  INFO 1 --- [ool-2-thread-10] e.t.p.b.s.l.s.ItemStockRequestApiService : Updated ReportedMaterialItemStocks for MNR-7307-AU340474.002 and partner BPNL00000003AYRE
1791335451050109432	puris-backend-6f46958fb-ftcbt	2026-10-07T01:10:51.049Z  INFO 1 --- [pool-2-thread-8] e.t.p.b.s.l.s.ItemStockRequestApiService : Updated ReportedMaterialItemStocks for MNR-7307-AU340474.002 and partner BPNL00000003AYRE
1791335453061799853	puris-backend-6f46958fb-ftcbt	2026-10-07T01:10:53.061Z  INFO 1 --- [pool-2-thread-6] e.t.p.b.s.l.s.ItemStockRequestApiService : Updated ReportedMaterialItemStocks for MNR-7307-AU340474.002 and partner BPNL00000003AYRE
1791335453365349690	puris-backend-6f46958fb-ftcbt	2026-10-07T01:10:53.364Z  INFO 1 --- [ool-2-thread-10] e.t.p.b.s.l.s.ItemStockRequestApiService : Updated ReportedMaterialItemStocks for MNR-7307-AU340474.002 and partner BPNL00000003AYRE
1791335454304943150	puris-backend-6f46958fb-ftcbt	2026-10-07T01:10:54.304Z  INFO 1 --- [pool-2-thread-7] e.t.p.b.s.l.s.ItemStockRequestApiService : Updated ReportedMaterialItemStocks for MNR-7307-AU340474.002 and partner BPNL00000003AYRE
1791335454576996043	puris-backend-6f46958fb-ftcbt	2026-10-07T01:10:54.576Z  INFO 1 --- [pool-2-thread-8] e.t.p.b.s.l.s.ItemStockRequestApiService : Updated ReportedMaterialItemStocks for MNR-7307-AU340474.002 and partner BPNL00000003AYRE
1791335456147394548	puris-backend-6f46958fb-ftcbt	2026-10-07T01:10:56.147Z  INFO 1 --- [pool-2-thread-9] e.t.p.b.s.l.s.ItemStockRequestApiService : Updated ReportedMaterialItemStocks for MNR-7307-AU340474.002 and partner BPNL00000003AYRE
1791335457788916606	puris-backend-6f46958fb-ftcbt	2026-10-07T01:10:57.788Z  INFO 1 --- [ool-2-thread-10] e.t.p.b.s.l.s.ItemStockRequestApiService : Updated ReportedMaterialItemStocks for MNR-7307-AU340474.002 and partner BPNL00000003AYRE
1791335457826403319	puris-backend-6f46958fb-ftcbt	2026-10-07T01:10:57.826Z  INFO 1 --- [pool-2-thread-8] e.t.p.b.s.l.s.ItemStockRequestApiService : Updated ReportedMaterialItemStocks for MNR-7307-AU340474.002 and partner BPNL00000003AYRE
1791335458580607678	puris-backend-6f46958fb-ftcbt	2026-10-07T01:10:58.580Z  INFO 1 --- [pool-2-thread-7] e.t.p.b.s.l.s.ItemStockRequestApiService : Updated ReportedMaterialItemStocks for MNR-7307-AU340474.002 and partner BPNL00000003AYRE
1791335459841322261	puris-backend-6f46958fb-ftcbt	2026-10-07T01:10:59.841Z  INFO 1 --- [pool-2-thread-9] e.t.p.b.s.l.s.ItemStockRequestApiService : Updated ReportedMaterialItemStocks for MNR-7307-AU340474.002 and partner BPNL00000003AYRE
1791335459937190186	puris-backend-6f46958fb-ftcbt	2026-10-07T01:10:59.936Z  INFO 1 --- [pool-2-thread-8] e.t.p.b.s.l.s.ItemStockRequestApiService : Updated ReportedMaterialItemStocks for MNR-7307-AU340474.002 and partner BPNL00000003AYRE
1791335461380808297	puris-backend-6f46958fb-ftcbt	2026-10-07T01:11:01.380Z  INFO 1 --- [pool-2-thread-7] e.t.p.b.s.l.s.ItemStockRequestApiService : Updated ReportedMaterialItemStocks for MNR-7307-AU340474.002 and partner BPNL00000003AYRE
1791335462907149629	puris-backend-6f46958fb-ftcbt	2026-10-07T01:11:02.907Z  INFO 1 --- [ool-2-thread-10] e.t.p.b.s.l.s.ItemStockRequestApiService : Updated ReportedMaterialItemStocks for MNR-7307-AU340474.002 and partner BPNL00000003AYRE
1791335464249440941	puris-backend-6f46958fb-ftcbt	2026-10-07T01:11:04.249Z  INFO 1 --- [pool-2-thread-8] e.t.p.b.s.l.s.ItemStockRequestApiService : Updated ReportedMaterialItemStocks for MNR-7307-AU340474.002 and partner BPNL00000003AYRE
1791335464351536967	puris-backend-6f46958fb-ftcbt	2026-10-07T01:11:04.351Z  INFO 1 --- [pool-2-thread-7] e.t.p.b.s.l.s.ItemStockRequestApiService : Updated ReportedMaterialItemStocks for MNR-7307-AU340474.002 and partner BPNL00000003AYRE
1791335465884294197	puris-backend-6f46958fb-ftcbt	2026-10-07T01:11:05.884Z  INFO 1 --- [pool-2-thread-9] e.t.p.b.s.l.s.ItemStockRequestApiService : Updated ReportedMaterialItemStocks for MNR-7307-AU340474.002 and partner BPNL00000003AYRE
1791335467750217547	puris-backend-6f46958fb-ftcbt	2026-10-07T01:11:07.749Z  INFO 1 --- [ool-2-thread-10] e.t.p.b.s.l.s.ItemStockRequestApiService : Updated ReportedMaterialItemStocks for MNR-7307-AU340474.002 and partner BPNL00000003AYRE
1791335467809962741	puris-backend-6f46958fb-ftcbt	2026-10-07T01:11:07.809Z  INFO 1 --- [pool-2-thread-7] e.t.p.b.s.l.s.ItemStockRequestApiService : Updated ReportedMaterialItemStocks for MNR-7307-AU340474.002 and partner BPNL00000003AYRE
1791335469486485287	puris-backend-6f46958fb-ftcbt	2026-10-07T01:11:09.486Z  INFO 1 --- [pool-2-thread-8] e.t.p.b.s.l.s.ItemStockRequestApiService : Updated ReportedMaterialItemStocks for MNR-7307-AU340474.002 and partner BPNL00000003AYRE
1791335469775147552	puris-backend-6f46958fb-ftcbt	2026-10-07T01:11:09.774Z  INFO 1 --- [pool-2-thread-9] e.t.p.b.s.l.s.ItemStockRequestApiService : Updated ReportedMaterialItemStocks for MNR-7307-AU340474.002 and partner BPNL00000003AYRE
1791335470256416510	puris-backend-6f46958fb-ftcbt	2026-10-07T01:11:10.256Z  INFO 1 --- [pool-2-thread-7] e.t.p.b.s.l.s.ItemStockRequestApiService : Updated ReportedMaterialItemStocks for MNR-7307-AU340474.002 and partner BPNL00000003AYRE
1791335471890043160	puris-backend-6f46958fb-ftcbt	2026-10-07T01:11:11.889Z  INFO 1 --- [ool-2-thread-10] e.t.p.b.s.l.s.ItemStockRequestApiService : Updated ReportedMaterialItemStocks for MNR-7307-AU340474.002 and partner BPNL00000003AYRE
1791335473338945426	puris-backend-6f46958fb-ftcbt	2026-10-07T01:11:13.338Z  INFO 1 --- [pool-2-thread-9] e.t.p.b.s.l.s.ItemStockRequestApiService : Updated ReportedMaterialItemStocks for MNR-7307-AU340474.002 and partner BPNL00000003AYRE
1791335473683856056	puris-backend-6f46958fb-ftcbt	2026-10-07T01:11:13.683Z  INFO 1 --- [pool-2-thread-7] e.t.p.b.s.l.s.ItemStockRequestApiService : Updated ReportedMaterialItemStocks for MNR-7307-AU340474.002 and partner BPNL00000003AYRE
1791335475127269465	puris-backend-6f46958fb-ftcbt	2026-10-07T01:11:15.126Z  INFO 1 --- [pool-2-thread-8] e.t.p.b.s.l.s.ItemStockRequestApiService : Updated ReportedMaterialItemStocks for MNR-7307-AU340474.002 and partner BPNL00000003AYRE
1791335476789366353	puris-backend-6f46958fb-ftcbt	2026-10-07T01:11:16.788Z  INFO 1 --- [ool-2-thread-10] e.t.p.b.s.l.s.ItemStockRequestApiService : Updated ReportedMaterialItemStocks for MNR-7307-AU340474.002 and partner BPNL00000003AYRE
1791335477041979924	puris-backend-6f46958fb-ftcbt	2026-10-07T01:11:17.041Z  INFO 1 --- [pool-2-thread-7] e.t.p.b.s.l.s.ItemStockRequestApiService : Updated ReportedMaterialItemStocks for MNR-7307-AU340474.002 and partner BPNL00000003AYRE
1791335478538119545	puris-backend-6f46958fb-ftcbt	2026-10-07T01:11:18.537Z  INFO 1 --- [pool-2-thread-9] e.t.p.b.s.l.s.ItemStockRequestApiService : Updated ReportedMaterialItemStocks for MNR-7307-AU340474.002 and partner BPNL00000003AYRE
1791335478583233599	puris-backend-6f46958fb-ftcbt	2026-10-07T01:11:18.582Z  INFO 1 --- [pool-2-thread-8] e.t.p.b.s.l.s.ItemStockRequestApiService : Updated ReportedMaterialItemStocks for MNR-7307-AU340474.002 and partner BPNL00000003AYRE
1791335480203706264	puris-backend-6f46958fb-ftcbt	2026-10-07T01:11:20.203Z  INFO 1 --- [ool-2-thread-10] e.t.p.b.s.l.s.ItemStockRequestApiService : Updated ReportedMaterialItemStocks for MNR-7307-AU340474.002 and partner BPNL00000003AYRE
1791335480359020056	puris-backend-6f46958fb-ftcbt	2026-10-07T01:11:20.358Z  INFO 1 --- [pool-2-thread-7] e.t.p.b.s.l.s.ItemStockRequestApiService : Updated ReportedMaterialItemStocks for MNR-7307-AU340474.002 and partner BPNL00000003AYRE
1791335481171427131	puris-backend-6f46958fb-ftcbt	2026-10-07T01:11:21.171Z  INFO 1 --- [pool-2-thread-8] e.t.p.b.s.l.s.ItemStockRequestApiService : Updated ReportedMaterialItemStocks for MNR-7307-AU340474.002 and partner BPNL00000003AYRE
1791335482493709418	puris-backend-6f46958fb-ftcbt	2026-10-07T01:11:22.493Z  INFO 1 --- [pool-2-thread-9] e.t.p.b.s.l.s.ItemStockRequestApiService : Updated ReportedMaterialItemStocks for MNR-7307-AU340474.002 and partner BPNL00000003AYRE
1791335483770285644	puris-backend-6f46958fb-ftcbt	2026-10-07T01:11:23.769Z  INFO 1 --- [pool-2-thread-7] e.t.p.b.s.l.s.ItemStockRequestApiService : Updated ReportedMaterialItemStocks for MNR-7307-AU340474.002 and partner BPNL00000003AYRE
1791335485224403607	puris-backend-6f46958fb-ftcbt	2026-10-07T01:11:25.224Z  INFO 1 --- [pool-2-thread-8] e.t.p.b.s.l.s.ItemStockRequestApiService : Updated ReportedMaterialItemStocks for MNR-7307-AU340474.002 and partner BPNL00000003AYRE
1791335485335813661	puris-backend-6f46958fb-ftcbt	2026-10-07T01:11:25.335Z  INFO 1 --- [pool-2-thread-9] e.t.p.b.s.l.s.ItemStockRequestApiService : Updated ReportedMaterialItemStocks for MNR-7307-AU340474.002 and partner BPNL00000003AYRE
1791335486886993469	puris-backend-6f46958fb-ftcbt	2026-10-07T01:11:26.886Z  INFO 1 --- [pool-2-thread-7] e.t.p.b.s.l.s.ItemStockRequestApiService : Updated ReportedMaterialItemStocks for MNR-7307-AU340474.002 and partner BPNL00000003AYRE
1791335488575958414	puris-backend-6f46958fb-ftcbt	2026-10-07T01:11:28.575Z  INFO 1 --- [ool-2-thread-10] e.t.p.b.s.l.s.ItemStockRequestApiService : Updated ReportedMaterialItemStocks for MNR-7307-AU340474.002 and partner BPNL00000003AYRE
1791335488702050693	puris-backend-6f46958fb-ftcbt	2026-10-07T01:11:28.701Z  INFO 1 --- [pool-2-thread-9] e.t.p.b.s.l.s.ItemStockRequestApiService : Updated ReportedMaterialItemStocks for MNR-7307-AU340474.002 and partner BPNL00000003AYRE
1791335490131800975	puris-backend-6f46958fb-ftcbt	2026-10-07T01:11:30.131Z  INFO 1 --- [pool-2-thread-7] e.t.p.b.s.l.s.ItemStockRequestApiService : Updated ReportedMaterialItemStocks for MNR-7307-AU340474.002 and partner BPNL00000003AYRE
1791335490153476369	puris-backend-6f46958fb-ftcbt	2026-10-07T01:11:30.153Z  INFO 1 --- [pool-2-thread-8] e.t.p.b.s.l.s.ItemStockRequestApiService : Updated ReportedMaterialItemStocks for MNR-7307-AU340474.002 and partner BPNL00000003AYRE
1791335492126705053	puris-backend-6f46958fb-ftcbt	2026-10-07T01:11:32.126Z  INFO 1 --- [pool-2-thread-9] e.t.p.b.s.l.s.ItemStockRequestApiService : Updated ReportedMaterialItemStocks for MNR-7307-AU340474.002 and partner BPNL00000003AYRE
1791335493096786077	puris-backend-6f46958fb-ftcbt	2026-10-07T01:11:33.096Z  INFO 1 --- [ool-2-thread-10] e.t.p.b.s.l.s.ItemStockRequestApiService : Updated ReportedMaterialItemStocks for MNR-7307-AU340474.002 and partner BPNL00000003AYRE
1791335495178769897	puris-backend-6f46958fb-ftcbt	2026-10-07T01:11:35.178Z  INFO 1 --- [pool-2-thread-8] e.t.p.b.s.l.s.ItemStockRequestApiService : Updated ReportedMaterialItemStocks for MNR-7307-AU340474.002 and partner BPNL00000003AYRE
1791335495248271053	puris-backend-6f46958fb-ftcbt	2026-10-07T01:11:35.248Z  INFO 1 --- [pool-2-thread-7] e.t.p.b.s.l.s.ItemStockRequestApiService : Updated ReportedMaterialItemStocks for MNR-7307-AU340474.002 and partner BPNL00000003AYRE
1791335496825233183	puris-backend-6f46958fb-ftcbt	2026-10-07T01:11:36.824Z  INFO 1 --- [pool-2-thread-9] e.t.p.b.s.l.s.ItemStockRequestApiService : Updated ReportedMaterialItemStocks for MNR-7307-AU340474.002 and partner BPNL00000003AYRE
1791335496950772186	puris-backend-6f46958fb-ftcbt	2026-10-07T01:11:36.950Z  INFO 1 --- [ool-2-thread-10] e.t.p.b.s.l.s.ItemStockRequestApiService : Updated ReportedMaterialItemStocks for MNR-7307-AU340474.002 and partner BPNL00000003AYRE
1791335497847427667	puris-backend-6f46958fb-ftcbt	2026-10-07T01:11:37.847Z  INFO 1 --- [pool-2-thread-6] e.t.p.b.s.l.s.ItemStockRequestApiService : Updated ReportedMaterialItemStocks for MNR-7307-AU340474.002 and partner BPNL00000003AYRE
1791335499319910984	puris-backend-6f46958fb-ftcbt	2026-10-07T01:11:39.319Z  INFO 1 --- [pool-2-thread-7] e.t.p.b.s.l.s.ItemStockRequestApiService : Updated ReportedMaterialItemStocks for MNR-7307-AU340474.002 and partner BPNL00000003AYRE
1791335499377207386	puris-backend-6f46958fb-ftcbt	2026-10-07T01:11:39.376Z  INFO 1 --- [pool-2-thread-9] e.t.p.b.s.l.s.ItemStockRequestApiService : Updated ReportedMaterialItemStocks for MNR-7307-AU340474.002 and partner BPNL00000003AYRE
1791335499938075101	puris-backend-6f46958fb-ftcbt	2026-10-07T01:11:39.937Z  INFO 1 --- [pool-2-thread-6] e.t.p.b.s.l.s.ItemStockRequestApiService : Updated ReportedMaterialItemStocks for MNR-7307-AU340474.002 and partner BPNL00000003AYRE
1791335501358912329	puris-backend-6f46958fb-ftcbt	2026-10-07T01:11:41.358Z  INFO 1 --- [ool-2-thread-10] e.t.p.b.s.l.s.ItemStockRequestApiService : Updated ReportedMaterialItemStocks for MNR-7307-AU340474.002 and partner BPNL00000003AYRE
1791335502998732082	puris-backend-6f46958fb-ftcbt	2026-10-07T01:11:42.998Z  INFO 1 --- [pool-2-thread-9] e.t.p.b.s.l.s.ItemStockRequestApiService : Updated ReportedMaterialItemStocks for MNR-7307-AU340474.002 and partner BPNL00000003AYRE
1791335504281574882	puris-backend-6f46958fb-ftcbt	2026-10-07T01:11:44.279Z  INFO 1 --- [pool-2-thread-6] e.t.p.b.s.l.s.ItemStockRequestApiService : Updated ReportedMaterialItemStocks for MNR-7307-AU340474.002 and partner BPNL00000003AYRE
1791335504388071107	puris-backend-6f46958fb-ftcbt	2026-10-07T01:11:44.387Z  INFO 1 --- [ool-2-thread-10] e.t.p.b.s.l.s.ItemStockRequestApiService : Updated ReportedMaterialItemStocks for MNR-7307-AU340474.002 and partner BPNL00000003AYRE
1791335505381964947	puris-backend-6f46958fb-ftcbt	2026-10-07T01:11:45.381Z  INFO 1 --- [pool-2-thread-7] e.t.p.b.s.l.s.ItemStockRequestApiService : Updated ReportedMaterialItemStocks for MNR-7307-AU340474.002 and partner BPNL00000003AYRE
1791335506855655735	puris-backend-6f46958fb-ftcbt	2026-10-07T01:11:46.854Z  INFO 1 --- [pool-2-thread-9] e.t.p.b.s.l.s.ItemStockRequestApiService : Updated ReportedMaterialItemStocks for MNR-7307-AU340474.002 and partner BPNL00000003AYRE
1791335508364150514	puris-backend-6f46958fb-ftcbt	2026-10-07T01:11:48.363Z  INFO 1 --- [ool-2-thread-10] e.t.p.b.s.l.s.ItemStockRequestApiService : Updated ReportedMaterialItemStocks for MNR-7307-AU340474.002 and partner BPNL00000003AYRE
1791335509894698404	puris-backend-6f46958fb-ftcbt	2026-10-07T01:11:49.894Z  INFO 1 --- [pool-2-thread-6] e.t.p.b.s.l.s.ItemStockRequestApiService : Updated ReportedMaterialItemStocks for MNR-7307-AU340474.002 and partner BPNL00000003AYRE
1791335509903554350	puris-backend-6f46958fb-ftcbt	2026-10-07T01:11:49.903Z  INFO 1 --- [pool-2-thread-7] e.t.p.b.s.l.s.ItemStockRequestApiService : Updated ReportedMaterialItemStocks for MNR-7307-AU340474.002 and partner BPNL00000003AYRE
1791335510794647289	puris-backend-6f46958fb-ftcbt	2026-10-07T01:11:50.794Z  INFO 1 --- [pool-2-thread-9] e.t.p.b.s.l.s.ItemStockRequestApiService : Updated ReportedMaterialItemStocks for MNR-7307-AU340474.002 and partner BPNL00000003AYRE
1791335512163092419	puris-backend-6f46958fb-ftcbt	2026-10-07T01:11:52.162Z  INFO 1 --- [ool-2-thread-10] e.t.p.b.s.l.s.ItemStockRequestApiService : Updated ReportedMaterialItemStocks for MNR-7307-AU340474.002 and partner BPNL00000003AYRE
1791335512875474203	puris-backend-6f46958fb-ftcbt	2026-10-07T01:11:52.875Z  INFO 1 --- [pool-2-thread-8] e.t.p.b.s.l.s.ItemStockRequestApiService : Updated ReportedMaterialItemStocks for MNR-7307-AU340474.002 and partner BPNL00000003AYRE
1791335513647938663	puris-backend-6f46958fb-ftcbt	2026-10-07T01:11:53.647Z  INFO 1 --- [pool-2-thread-9] e.t.p.b.s.l.s.ItemStockRequestApiService : Updated ReportedMaterialItemStocks for MNR-7307-AU340474.002 and partner BPNL00000003AYRE
1791335514981007793	puris-backend-6f46958fb-ftcbt	2026-10-07T01:11:54.980Z  INFO 1 --- [ool-2-thread-10] e.t.p.b.s.l.s.ItemStockRequestApiService : Updated ReportedMaterialItemStocks for MNR-7307-AU340474.002 and partner BPNL00000003AYRE
1791335515002644427	puris-backend-6f46958fb-ftcbt	2026-10-07T01:11:55.002Z  INFO 1 --- [pool-2-thread-7] e.t.p.b.s.l.s.ItemStockRequestApiService : Updated ReportedMaterialItemStocks for MNR-7307-AU340474.002 and partner BPNL00000003AYRE
1791335516441713130	puris-backend-6f46958fb-ftcbt	2026-10-07T01:11:56.441Z  INFO 1 --- [pool-2-thread-9] e.t.p.b.s.l.s.ItemStockRequestApiService : Updated ReportedMaterialItemStocks for MNR-7307-AU340474.002 and partner BPNL00000003AYRE
1791335518030661458	puris-backend-6f46958fb-ftcbt	2026-10-07T01:11:58.030Z  INFO 1 --- [pool-2-thread-8] e.t.p.b.s.l.s.ItemStockRequestApiService : Updated ReportedMaterialItemStocks for MNR-7307-AU340474.002 and partner BPNL00000003AYRE
1791335519507389122	puris-backend-6f46958fb-ftcbt	2026-10-07T01:11:59.507Z  INFO 1 --- [pool-2-thread-7] e.t.p.b.s.l.s.ItemStockRequestApiService : Updated ReportedMaterialItemStocks for MNR-7307-AU340474.002 and partner BPNL00000003AYRE
1791335520789157457	puris-backend-6f46958fb-ftcbt	2026-10-07T01:12:00.788Z  INFO 1 --- [pool-2-thread-9] e.t.p.b.s.l.s.ItemStockRequestApiService : Updated ReportedMaterialItemStocks for MNR-7307-AU340474.002 and partner BPNL00000003AYRE
1791335520892090966	puris-backend-6f46958fb-ftcbt	2026-10-07T01:12:00.891Z  INFO 1 --- [ool-2-thread-10] e.t.p.b.s.l.s.ItemStockRequestApiService : Updated ReportedMaterialItemStocks for MNR-7307-AU340474.002 and partner BPNL00000003AYRE
1791335521667185232	puris-backend-6f46958fb-ftcbt	2026-10-07T01:12:01.666Z  INFO 1 --- [pool-2-thread-8] e.t.p.b.s.l.s.ItemStockRequestApiService : Updated ReportedMaterialItemStocks for MNR-7307-AU340474.002 and partner BPNL00000003AYRE
1791335521994761232	puris-backend-6f46958fb-ftcbt	2026-10-07T01:12:01.994Z  INFO 1 --- [pool-2-thread-7] e.t.p.b.s.l.s.ItemStockRequestApiService : Updated ReportedMaterialItemStocks for MNR-7307-AU340474.002 and partner BPNL00000003AYRE
1791335524281763935	puris-backend-6f46958fb-ftcbt	2026-10-07T01:12:04.281Z  INFO 1 --- [pool-2-thread-9] e.t.p.b.s.l.s.ItemStockRequestApiService : Updated ReportedMaterialItemStocks for MNR-7307-AU340474.002 and partner BPNL00000003AYRE
1791335525840768985	puris-backend-6f46958fb-ftcbt	2026-10-07T01:12:05.839Z  INFO 1 --- [pool-2-thread-8] e.t.p.b.s.l.s.ItemStockRequestApiService : Updated ReportedMaterialItemStocks for MNR-7307-AU340474.002 and partner BPNL00000003AYRE
1791335525997475462	puris-backend-6f46958fb-ftcbt	2026-10-07T01:12:05.997Z  INFO 1 --- [pool-2-thread-7] e.t.p.b.s.l.s.ItemStockRequestApiService : Updated ReportedMaterialItemStocks for MNR-7307-AU340474.002 and partner BPNL00000003AYRE
1791335526832375775	puris-backend-6f46958fb-ftcbt	2026-10-07T01:12:06.832Z  INFO 1 --- [ool-2-thread-10] e.t.p.b.s.l.s.ItemStockRequestApiService : Updated ReportedMaterialItemStocks for MNR-7307-AU340474.002 and partner BPNL00000003AYRE
1791335528155852504	puris-backend-6f46958fb-ftcbt	2026-10-07T01:12:08.155Z  INFO 1 --- [pool-2-thread-9] e.t.p.b.s.l.s.ItemStockRequestApiService : Updated ReportedMaterialItemStocks for MNR-7307-AU340474.002 and partner BPNL00000003AYRE
1791335528266415091	puris-backend-6f46958fb-ftcbt	2026-10-07T01:12:08.266Z  INFO 1 --- [pool-2-thread-6] e.t.p.b.s.l.s.ItemStockRequestApiService : Updated ReportedMaterialItemStocks for MNR-7307-AU340474.002 and partner BPNL00000003AYRE
1791335529817332823	puris-backend-6f46958fb-ftcbt	2026-10-07T01:12:09.817Z  INFO 1 --- [ool-2-thread-10] e.t.p.b.s.l.s.ItemStockRequestApiService : Updated ReportedMaterialItemStocks for MNR-7307-AU340474.002 and partner BPNL00000003AYRE
1791335531227647375	puris-backend-6f46958fb-ftcbt	2026-10-07T01:12:11.227Z  INFO 1 --- [pool-2-thread-7] e.t.p.b.s.l.s.ItemStockRequestApiService : Updated ReportedMaterialItemStocks for MNR-7307-AU340474.002 and partner BPNL00000003AYRE
1791335531437326594	puris-backend-6f46958fb-ftcbt	2026-10-07T01:12:11.436Z  INFO 1 --- [pool-2-thread-6] e.t.p.b.s.l.s.ItemStockRequestApiService : Updated ReportedMaterialItemStocks for MNR-7307-AU340474.002 and partner BPNL00000003AYRE
1791335532902963560	puris-backend-6f46958fb-ftcbt	2026-10-07T01:12:12.902Z  INFO 1 --- [ool-2-thread-10] e.t.p.b.s.l.s.ItemStockRequestApiService : Updated ReportedMaterialItemStocks for MNR-7307-AU340474.002 and partner BPNL00000003AYRE
1791335533035858138	puris-backend-6f46958fb-ftcbt	2026-10-07T01:12:13.035Z  INFO 1 --- [pool-2-thread-9] e.t.p.b.s.l.s.ItemStockRequestApiService : Updated ReportedMaterialItemStocks for MNR-7307-AU340474.002 and partner BPNL00000003AYRE
1791335534483702826	puris-backend-6f46958fb-ftcbt	2026-10-07T01:12:14.483Z  INFO 1 --- [pool-2-thread-6] e.t.p.b.s.l.s.ItemStockRequestApiService : Updated ReportedMaterialItemStocks for MNR-7307-AU340474.002 and partner BPNL00000003AYRE
1791335536210633529	puris-backend-6f46958fb-ftcbt	2026-10-07T01:12:16.210Z  INFO 1 --- [pool-2-thread-7] e.t.p.b.s.l.s.ItemStockRequestApiService : Updated ReportedMaterialItemStocks for MNR-7307-AU340474.002 and partner BPNL00000003AYRE
1791335537789215347	puris-backend-6f46958fb-ftcbt	2026-10-07T01:12:17.788Z  INFO 1 --- [pool-2-thread-6] e.t.p.b.s.l.s.ItemStockRequestApiService : Updated ReportedMaterialItemStocks for MNR-7307-AU340474.002 and partner BPNL00000003AYRE
1791335537836237180	puris-backend-6f46958fb-ftcbt	2026-10-07T01:12:17.836Z  INFO 1 --- [pool-2-thread-9] e.t.p.b.s.l.s.ItemStockRequestApiService : Updated ReportedMaterialItemStocks for MNR-7307-AU340474.002 and partner BPNL00000003AYRE
1791335539466876960	puris-backend-6f46958fb-ftcbt	2026-10-07T01:12:19.466Z  INFO 1 --- [ool-2-thread-10] e.t.p.b.s.l.s.ItemStockRequestApiService : Updated ReportedMaterialItemStocks for MNR-7307-AU340474.002 and partner BPNL00000003AYRE
1791335539684022216	puris-backend-6f46958fb-ftcbt	2026-10-07T01:12:19.683Z  INFO 1 --- [pool-2-thread-7] e.t.p.b.s.l.s.ItemStockRequestApiService : Updated ReportedMaterialItemStocks for MNR-7307-AU340474.002 and partner BPNL00000003AYRE
1791335540550906119	puris-backend-6f46958fb-ftcbt	2026-10-07T01:12:20.550Z  INFO 1 --- [pool-2-thread-9] e.t.p.b.s.l.s.ItemStockRequestApiService : Updated ReportedMaterialItemStocks for MNR-7307-AU340474.002 and partner BPNL00000003AYRE
1791335541959633055	puris-backend-6f46958fb-ftcbt	2026-10-07T01:12:21.959Z  INFO 1 --- [pool-2-thread-6] e.t.p.b.s.l.s.ItemStockRequestApiService : Updated ReportedMaterialItemStocks for MNR-7307-AU340474.002 and partner BPNL00000003AYRE
1791335542041762591	puris-backend-6f46958fb-ftcbt	2026-10-07T01:12:22.041Z  INFO 1 --- [pool-2-thread-7] e.t.p.b.s.l.s.ItemStockRequestApiService : Updated ReportedMaterialItemStocks for MNR-7307-AU340474.002 and partner BPNL00000003AYRE
1791335543554306538	puris-backend-6f46958fb-ftcbt	2026-10-07T01:12:23.553Z  INFO 1 --- [pool-2-thread-9] e.t.p.b.s.l.s.ItemStockRequestApiService : Updated ReportedMaterialItemStocks for MNR-7307-AU340474.002 and partner BPNL00000003AYRE
1791335545129152213	puris-backend-6f46958fb-ftcbt	2026-10-07T01:12:25.129Z  INFO 1 --- [ool-2-thread-10] e.t.p.b.s.l.s.ItemStockRequestApiService : Updated ReportedMaterialItemStocks for MNR-7307-AU340474.002 and partner BPNL00000003AYRE
1791335545150704725	puris-backend-6f46958fb-ftcbt	2026-10-07T01:12:25.150Z  INFO 1 --- [pool-2-thread-7] e.t.p.b.s.l.s.ItemStockRequestApiService : Updated ReportedMaterialItemStocks for MNR-7307-AU340474.002 and partner BPNL00000003AYRE
1791335546896121201	puris-backend-6f46958fb-ftcbt	2026-10-07T01:12:26.895Z  INFO 1 --- [pool-2-thread-9] e.t.p.b.s.l.s.ItemStockRequestApiService : Updated ReportedMaterialItemStocks for MNR-7307-AU340474.002 and partner BPNL00000003AYRE
1791335547807873230	puris-backend-6f46958fb-ftcbt	2026-10-07T01:12:27.807Z  INFO 1 --- [pool-2-thread-6] e.t.p.b.s.l.s.ItemStockRequestApiService : Updated ReportedMaterialItemStocks for MNR-7307-AU340474.002 and partner BPNL00000003AYRE
1791335549075974284	puris-backend-6f46958fb-ftcbt	2026-10-07T01:12:29.075Z  INFO 1 --- [pool-2-thread-7] e.t.p.b.s.l.s.ItemStockRequestApiService : Updated ReportedMaterialItemStocks for MNR-7307-AU340474.002 and partner BPNL00000003AYRE
1791335549195966919	puris-backend-6f46958fb-ftcbt	2026-10-07T01:12:29.195Z  INFO 1 --- [ool-2-thread-10] e.t.p.b.s.l.s.ItemStockRequestApiService : Updated ReportedMaterialItemStocks for MNR-7307-AU340474.002 and partner BPNL00000003AYRE
1791335550806021683	puris-backend-6f46958fb-ftcbt	2026-10-07T01:12:30.805Z  INFO 1 --- [pool-2-thread-6] e.t.p.b.s.l.s.ItemStockRequestApiService : Updated ReportedMaterialItemStocks for MNR-7307-AU340474.002 and partner BPNL00000003AYRE
1791335552562546120	puris-backend-6f46958fb-ftcbt	2026-10-07T01:12:32.562Z  INFO 1 --- [pool-2-thread-9] e.t.p.b.s.l.s.ItemStockRequestApiService : Updated ReportedMaterialItemStocks for MNR-7307-AU340474.002 and partner BPNL00000003AYRE
1791335554771968001	puris-backend-6f46958fb-ftcbt	2026-10-07T01:12:34.771Z  INFO 1 --- [ool-2-thread-10] e.t.p.b.s.l.s.ItemStockRequestApiService : Updated ReportedMaterialItemStocks for MNR-7307-AU340474.002 and partner BPNL00000003AYRE
1791335554973363409	puris-backend-6f46958fb-ftcbt	2026-10-07T01:12:34.973Z  INFO 1 --- [pool-2-thread-7] e.t.p.b.s.l.s.ItemStockRequestApiService : Updated ReportedMaterialItemStocks for MNR-7307-AU340474.002 and partner BPNL00000003AYRE
1791335556659311257	puris-backend-6f46958fb-ftcbt	2026-10-07T01:12:36.659Z  INFO 1 --- [pool-2-thread-8] e.t.p.b.s.l.s.ItemStockRequestApiService : Updated ReportedMaterialItemStocks for MNR-7307-AU340474.002 and partner BPNL00000003AYRE
1791335556728008955	puris-backend-6f46958fb-ftcbt	2026-10-07T01:12:36.727Z  INFO 1 --- [pool-2-thread-9] e.t.p.b.s.l.s.ItemStockRequestApiService : Updated ReportedMaterialItemStocks for MNR-7307-AU340474.002 and partner BPNL00000003AYRE
1791335558375268136	puris-backend-6f46958fb-ftcbt	2026-10-07T01:12:38.375Z  INFO 1 --- [ool-2-thread-10] e.t.p.b.s.l.s.ItemStockRequestApiService : Updated ReportedMaterialItemStocks for MNR-7307-AU340474.002 and partner BPNL00000003AYRE
1791335558470042374	puris-backend-6f46958fb-ftcbt	2026-10-07T01:12:38.469Z  INFO 1 --- [pool-2-thread-7] e.t.p.b.s.l.s.ItemStockRequestApiService : Updated ReportedMaterialItemStocks for MNR-7307-AU340474.002 and partner BPNL00000003AYRE
1791335559944020564	puris-backend-6f46958fb-ftcbt	2026-10-07T01:12:39.943Z  INFO 1 --- [pool-2-thread-9] e.t.p.b.s.l.s.ItemStockRequestApiService : Updated ReportedMaterialItemStocks for MNR-7307-AU340474.002 and partner BPNL00000003AYRE
1791335561603260567	puris-backend-6f46958fb-ftcbt	2026-10-07T01:12:41.602Z  INFO 1 --- [pool-2-thread-8] e.t.p.b.s.l.s.ItemStockRequestApiService : Updated ReportedMaterialItemStocks for MNR-7307-AU340474.002 and partner BPNL00000003AYRE
1791335561675657096	puris-backend-6f46958fb-ftcbt	2026-10-07T01:12:41.675Z  INFO 1 --- [pool-2-thread-7] e.t.p.b.s.l.s.ItemStockRequestApiService : Updated ReportedMaterialItemStocks for MNR-7307-AU340474.002 and partner BPNL00000003AYRE
1791335562694110829	puris-backend-6f46958fb-ftcbt	2026-10-07T01:12:42.693Z  INFO 1 --- [ool-2-thread-10] e.t.p.b.s.l.s.ItemStockRequestApiService : Updated ReportedMaterialItemStocks for MNR-7307-AU340474.002 and partner BPNL00000003AYRE
1791335563883858163	puris-backend-6f46958fb-ftcbt	2026-10-07T01:12:43.883Z  INFO 1 --- [pool-2-thread-9] e.t.p.b.s.l.s.ItemStockRequestApiService : Updated ReportedMaterialItemStocks for MNR-7307-AU340474.002 and partner BPNL00000003AYRE
1791335564096992128	puris-backend-6f46958fb-ftcbt	2026-10-07T01:12:44.096Z  INFO 1 --- [pool-2-thread-7] e.t.p.b.s.l.s.ItemStockRequestApiService : Updated ReportedMaterialItemStocks for MNR-7307-AU340474.002 and partner BPNL00000003AYRE
1791335565731955335	puris-backend-6f46958fb-ftcbt	2026-10-07T01:12:45.731Z  INFO 1 --- [ool-2-thread-10] e.t.p.b.s.l.s.ItemStockRequestApiService : Updated ReportedMaterialItemStocks for MNR-7307-AU340474.002 and partner BPNL00000003AYRE
1791335567734013081	puris-backend-6f46958fb-ftcbt	2026-10-07T01:12:47.733Z  INFO 1 --- [pool-2-thread-8] e.t.p.b.s.l.s.ItemStockRequestApiService : Updated ReportedMaterialItemStocks for MNR-7307-AU340474.002 and partner BPNL00000003AYRE
1791335569345218420	puris-backend-6f46958fb-ftcbt	2026-10-07T01:12:49.344Z  INFO 1 --- [pool-2-thread-7] e.t.p.b.s.l.s.ItemStockRequestApiService : Updated ReportedMaterialItemStocks for MNR-7307-AU340474.002 and partner BPNL00000003AYRE
1791335569479393002	puris-backend-6f46958fb-ftcbt	2026-10-07T01:12:49.479Z  INFO 1 --- [ool-2-thread-10] e.t.p.b.s.l.s.ItemStockRequestApiService : Updated ReportedMaterialItemStocks for MNR-7307-AU340474.002 and partner BPNL00000003AYRE
1791335569574467741	puris-backend-6f46958fb-ftcbt	2026-10-07T01:12:49.574Z  INFO 1 --- [pool-2-thread-9] e.t.p.b.s.l.s.ItemStockRequestApiService : Updated ReportedMaterialItemStocks for MNR-7307-AU340474.002 and partner BPNL00000003AYRE
1791335570123170209	puris-backend-6f46958fb-ftcbt	2026-10-07T01:12:50.122Z  INFO 1 --- [pool-2-thread-8] e.t.p.b.s.l.s.ItemStockRequestApiService : Updated ReportedMaterialItemStocks for MNR-7307-AU340474.002 and partner BPNL00000003AYRE
1791335571813203989	puris-backend-6f46958fb-ftcbt	2026-10-07T01:12:51.812Z  INFO 1 --- [pool-2-thread-6] e.t.p.b.s.l.s.ItemStockRequestApiService : Updated ReportedMaterialItemStocks for MNR-7307-AU340474.002 and partner BPNL00000003AYRE
1791335573181510467	puris-backend-6f46958fb-ftcbt	2026-10-07T01:12:53.181Z  INFO 1 --- [pool-2-thread-9] e.t.p.b.s.l.s.ItemStockRequestApiService : Updated ReportedMaterialItemStocks for MNR-7307-AU340474.002 and partner BPNL00000003AYRE
1791335573384302425	puris-backend-6f46958fb-ftcbt	2026-10-07T01:12:53.384Z  INFO 1 --- [pool-2-thread-8] e.t.p.b.s.l.s.ItemStockRequestApiService : Updated ReportedMaterialItemStocks for MNR-7307-AU340474.002 and partner BPNL00000003AYRE
1791335574683262215	puris-backend-6f46958fb-ftcbt	2026-10-07T01:12:54.681Z  INFO 1 --- [pool-2-thread-6] e.t.p.b.s.l.s.ItemStockRequestApiService : Updated ReportedMaterialItemStocks for MNR-7307-AU340474.002 and partner BPNL00000003AYRE
1791335576068868611	puris-backend-6f46958fb-ftcbt	2026-10-07T01:12:56.068Z  INFO 1 --- [ool-2-thread-10] e.t.p.b.s.l.s.ItemStockRequestApiService : Updated ReportedMaterialItemStocks for MNR-7307-AU340474.002 and partner BPNL00000003AYRE
1791335576197271480	puris-backend-6f46958fb-ftcbt	2026-10-07T01:12:56.197Z  INFO 1 --- [pool-2-thread-8] e.t.p.b.s.l.s.ItemStockRequestApiService : Updated ReportedMaterialItemStocks for MNR-7307-AU340474.002 and partner BPNL00000003AYRE
1791335577868885790	puris-backend-6f46958fb-ftcbt	2026-10-07T01:12:57.868Z  INFO 1 --- [pool-2-thread-6] e.t.p.b.s.l.s.ItemStockRequestApiService : Updated ReportedMaterialItemStocks for MNR-7307-AU340474.002 and partner BPNL00000003AYRE
1791335579448634535	puris-backend-6f46958fb-ftcbt	2026-10-07T01:12:59.448Z  INFO 1 --- [pool-2-thread-8] e.t.p.b.s.l.s.ItemStockRequestApiService : Updated ReportedMaterialItemStocks for MNR-7307-AU340474.002 and partner BPNL00000003AYRE
1791335581057676602	puris-backend-6f46958fb-ftcbt	2026-10-07T01:13:01.057Z  INFO 1 --- [pool-2-thread-6] e.t.p.b.s.l.s.ItemStockRequestApiService : Updated ReportedMaterialItemStocks for MNR-7307-AU340474.002 and partner BPNL00000003AYRE
1791335581113548618	puris-backend-6f46958fb-ftcbt	2026-10-07T01:13:01.112Z  INFO 1 --- [ool-2-thread-10] e.t.p.b.s.l.s.ItemStockRequestApiService : Updated ReportedMaterialItemStocks for MNR-7307-AU340474.002 and partner BPNL00000003AYRE
1791335582699460658	puris-backend-6f46958fb-ftcbt	2026-10-07T01:13:02.699Z  INFO 1 --- [pool-2-thread-8] e.t.p.b.s.l.s.ItemStockRequestApiService : Updated ReportedMaterialItemStocks for MNR-7307-AU340474.002 and partner BPNL00000003AYRE
1791335584236472535	puris-backend-6f46958fb-ftcbt	2026-10-07T01:13:04.236Z  INFO 1 --- [pool-2-thread-9] e.t.p.b.s.l.s.ItemStockRequestApiService : Updated ReportedMaterialItemStocks for MNR-7307-AU340474.002 and partner BPNL00000003AYRE
1791335584874314860	puris-backend-6f46958fb-ftcbt	2026-10-07T01:13:04.874Z  INFO 1 --- [ool-2-thread-10] e.t.p.b.s.l.s.ItemStockRequestApiService : Updated ReportedMaterialItemStocks for MNR-7307-AU340474.002 and partner BPNL00000003AYRE
1791335585150686575	puris-backend-6f46958fb-ftcbt	2026-10-07T01:13:05.150Z  INFO 1 --- [pool-2-thread-8] e.t.p.b.s.l.s.ItemStockRequestApiService : Updated ReportedMaterialItemStocks for MNR-7307-AU340474.002 and partner BPNL00000003AYRE
1791335586391342909	puris-backend-6f46958fb-ftcbt	2026-10-07T01:13:06.391Z  INFO 1 --- [pool-2-thread-6] e.t.p.b.s.l.s.ItemStockRequestApiService : Updated ReportedMaterialItemStocks for MNR-7307-AU340474.002 and partner BPNL00000003AYRE
1791335589008924463	puris-backend-6f46958fb-ftcbt	2026-10-07T01:13:09.008Z  INFO 1 --- [pool-2-thread-9] e.t.p.b.s.l.s.ItemStockRequestApiService : Updated ReportedMaterialItemStocks for MNR-7307-AU340474.002 and partner BPNL00000003AYRE
1791335589070619175	puris-backend-6f46958fb-ftcbt	2026-10-07T01:13:09.070Z  INFO 1 --- [pool-2-thread-8] e.t.p.b.s.l.s.ItemStockRequestApiService : Updated ReportedMaterialItemStocks for MNR-7307-AU340474.002 and partner BPNL00000003AYRE
