timestamp_utc,stage,value
2026-10-07T01:01:23Z,s1,0.036910007343614396
2026-10-07T01:01:38Z,s1,0.06189678172419544
2026-10-07T01:01:53Z,s1,0.08690142723756168
2026-10-07T01:02:08Z,s1,0.10001200144017283
2026-10-07T01:02:23Z,s1,0.09998600195972565
2026-10-07T01:02:38Z,s1,0.1
2026-10-07T01:02:53Z,s1,0.10001600256040967
2026-10-07T01:03:08Z,s1,0.10001200144017283
2026-10-07T01:03:23Z,s1,0.1
2026-10-07T01:03:38Z,s1,0.0999960001599936
2026-10-07T01:03:53Z,s1,0.10000600036002161
2026-10-07T01:04:08Z,s1,0.0999920006399488
2026-10-07T01:04:23Z,s1,0.07976964227682924
2026-10-07T01:04:38Z,s1,0.05476803479478079
2026-10-07T01:04:53Z,s1,0.02976214271437138
2026-10-07T01:04:23Z,s2,0.06545999999999999
2026-10-07T01:04:38Z,s2,0.1154635710079225
2026-10-07T01:04:53Z,s2,0.1654704758094984
2026-10-07T01:05:08Z,s2,0.20000727299174517
2026-10-07T01:05:23Z,s2,0.20001090968598287
2026-10-07T01:05:38Z,s2,0.20001090968598287
2026-10-07T01:05:53Z,s2,0.20000363642975327
2026-10-07T01:06:08Z,s2,0.20000363642975327
2026-10-07T01:06:23Z,s2,0.19999272753718048
2026-10-07T01:06:38Z,s2,0.19999636370247814
2026-10-07T01:06:53Z,s2,0.20000727299174517
2026-10-07T01:07:08Z,s2,0.19999272753718048
2026-10-07T01:07:23Z,s2,0.15119619019049046
2026-10-07T01:07:38Z,s2,0.10120333333333334
2026-10-07T01:07:53Z,s2,0.05119904676199047
2026-10-07T01:07:23Z,s3,0.1303945874653578
2026-10-07T01:07:38Z,s3,0.25452157598499064
2026-10-07T01:07:53Z,s3,0.38032516817965833
2026-10-07T01:08:08Z,s3,0.5001481920569057
2026-10-07T01:08:23Z,s3,0.4999910715880074
2026-10-07T01:08:38Z,s3,0.49999074091220524
2026-10-07T01:08:53Z,s3,0.5000089287308702
2026-10-07T01:09:08Z,s3,0.500018519204415
2026-10-07T01:09:23Z,s3,0.49997321572058634
2026-10-07T01:09:38Z,s3,0.5000092594307303
2026-10-07T01:09:53Z,s3,0.4999821434948752
2026-10-07T01:10:08Z,s3,0.4999910715880074
2026-10-07T01:10:23Z,s3,0.37660209609666806
2026-10-07T01:10:38Z,s3,0.25022043396702087
2026-10-07T01:10:53Z,s3,0.12381368874080245
2026-10-07T01:10:23Z,s4,0.2606447688564477
2026-10-07T01:10:38Z,s4,0.5107229534210772
2026-10-07T01:10:53Z,s4,0.7606666666666667
2026-10-07T01:11:08Z,s4,1.0000727325623682
2026-10-07T01:11:23Z,s4,0.9999636376859024
2026-10-07T01:11:38Z,s4,1.0000727325623682
2026-10-07T01:11:53Z,s4,1.0000181821487664
2026-10-07T01:12:08Z,s4,1
2026-10-07T01:12:23Z,s4,1
2026-10-07T01:12:38Z,s4,0.9999272780161442
2026-10-07T01:12:53Z,s4,0.9999636376859024
2026-10-07T01:13:08Z,s4,0.9999464314411727
2026-10-07T01:13:23Z,s4,0.75222661203785
2026-10-07T01:13:38Z,s4,0.5004265861569427
2026-10-07T01:13:53Z,s4,0.24484992627603064
