timestamp_utc,value
2026-10-07T00:58:53Z,0.0033129459734972675
2026-10-07T00:59:08Z,0.003129405131096097
2026-10-07T00:59:23Z,0.003531372715200484
2026-10-07T00:59:38Z,0.0034314966388204805
2026-10-07T00:59:53Z,0.0034039656199474013
2026-10-07T01:00:08Z,0.010615354452008964
2026-10-07T01:00:23Z,0.027588310319968855
2026-10-07T01:00:38Z,0.028775987883791602
2026-10-07T01:00:53Z,0.023804263779968214
2026-10-07T01:01:08Z,0.008560549209262329
2026-10-07T01:01:23Z,0.00836656719748068
2026-10-07T01:01:38Z,0.00606670580670371
2026-10-07T01:01:53Z,0.004920186743451882
2026-10-07T01:02:08Z,0.0037665308855522432
2026-10-07T01:02:23Z,0.0050947568793205
2026-10-07T01:02:38Z,0.005151608477755958
2026-10-07T01:02:53Z,0.005402832988074916
2026-10-07T01:03:08Z,0.0045588029646203105
2026-10-07T01:03:23Z,0.004485939383742562
2026-10-07T01:03:38Z,0.004170515296554986
2026-10-07T01:03:53Z,0.0044736474206627415
2026-10-07T01:04:08Z,0.0042221228050555535
2026-10-07T01:04:23Z,0.005309190488165787
2026-10-07T01:04:38Z,0.0048255278792790615
2026-10-07T01:04:53Z,0.005325229319429623
2026-10-07T01:05:08Z,0.005449210563084384
2026-10-07T01:05:23Z,0.005572200599220922
2026-10-07T01:05:38Z,0.005199161425578009
2026-10-07T01:05:53Z,0.00406345672140265
2026-10-07T01:06:08Z,0.004753383290458956
2026-10-07T01:06:23Z,0.005032149846238968
2026-10-07T01:06:38Z,0.005673519829233358
2026-10-07T01:06:53Z,0.0053893380003900565
2026-10-07T01:07:08Z,0.005352988985735386
2026-10-07T01:07:23Z,0.006245643384915128
2026-10-07T01:07:38Z,0.006846816510928735
2026-10-07T01:07:53Z,0.007347189630124779
2026-10-07T01:08:08Z,0.006999664016127385
2026-10-07T01:08:23Z,0.006888826659198015
2026-10-07T01:08:38Z,0.007175363654129826
2026-10-07T01:08:53Z,0.0070777718951157975
2026-10-07T01:09:08Z,0.006960428163390686
2026-10-07T01:09:23Z,0.00645143272077548
2026-10-07T01:09:38Z,0.006689618495815397
2026-10-07T01:09:53Z,0.006441087953196887
2026-10-07T01:10:08Z,0.007720608729581996
2026-10-07T01:10:23Z,0.00884832244738304
2026-10-07T01:10:38Z,0.009394251944361415
2026-10-07T01:10:53Z,0.01016656453679471
2026-10-07T01:11:08Z,0.01008781680747462
2026-10-07T01:11:23Z,0.011223469274362354
2026-10-07T01:11:38Z,0.010835567470955298
2026-10-07T01:11:53Z,0.010531608794027569
2026-10-07T01:12:08Z,0.00976126729138715
2026-10-07T01:12:23Z,0.009310104529617133
2026-10-07T01:12:38Z,0.009125813811140754
2026-10-07T01:12:53Z,0.00967490102046476
2026-10-07T01:13:08Z,0.00957283984972873
2026-10-07T01:13:23Z,0.008318958321741796
2026-10-07T01:13:38Z,0.006520948196242607
2026-10-07T01:13:53Z,0.004788976951297361
2026-10-07T01:14:08Z,0.0038487470502306617
2026-10-07T01:14:23Z,0.003021232550984351
2026-10-07T01:14:38Z,0.0027700831024942813
2026-10-07T01:14:53Z,0.0027721774193552465
